relative_path	classification	primary_owner	reference_status	full_reference_path	related_subsystems	evidence_location	report_reference	note
BCrypt.Net/BCrypt.cs	external-dependency-or-generated	ExternalDependencyOrGenerated	version4-confirmed			Version4:BCrypt.Net/BCrypt.cs	docs/Version4权威游戏模拟子系统全量审查报告-2026-09-05.md#ExternalDependencyOrGenerated	Primary owner selected by state writer/lifecycle/call-closure review; path is an inventory locator, not sole evidence.
CallTracker.cs	shared-runtime-mechanism	SharedRuntimeMechanisms	version4-confirmed			Version4:CallTracker.cs	docs/Version4权威游戏模拟子系统全量审查报告-2026-09-05.md#SharedRuntimeMechanisms	Primary owner selected by state writer/lifecycle/call-closure review; path is an inventory locator, not sole evidence.
nativefiledialog.cs	external-dependency-or-generated	ExternalDependencyOrGenerated	version4-confirmed			Version4:nativefiledialog.cs	docs/Version4权威游戏模拟子系统全量审查报告-2026-09-05.md#ExternalDependencyOrGenerated	Primary owner selected by state writer/lifecycle/call-closure review; path is an inventory locator, not sole evidence.
NATUPNPLib/IStaticPortMapping.cs	external-dependency-or-generated	ExternalDependencyOrGenerated	version4-confirmed			Version4:NATUPNPLib/IStaticPortMapping.cs	docs/Version4权威游戏模拟子系统全量审查报告-2026-09-05.md#ExternalDependencyOrGenerated	Primary owner selected by state writer/lifecycle/call-closure review; path is an inventory locator, not sole evidence.
NATUPNPLib/IStaticPortMappingCollection.cs	external-dependency-or-generated	ExternalDependencyOrGenerated	version4-confirmed			Version4:NATUPNPLib/IStaticPortMappingCollection.cs	docs/Version4权威游戏模拟子系统全量审查报告-2026-09-05.md#ExternalDependencyOrGenerated	Primary owner selected by state writer/lifecycle/call-closure review; path is an inventory locator, not sole evidence.
NATUPNPLib/IUPnPNAT.cs	external-dependency-or-generated	ExternalDependencyOrGenerated	version4-confirmed			Version4:NATUPNPLib/IUPnPNAT.cs	docs/Version4权威游戏模拟子系统全量审查报告-2026-09-05.md#ExternalDependencyOrGenerated	Primary owner selected by state writer/lifecycle/call-closure review; path is an inventory locator, not sole evidence.
NATUPNPLib/UPnPNAT.cs	external-dependency-or-generated	ExternalDependencyOrGenerated	version4-confirmed			Version4:NATUPNPLib/UPnPNAT.cs	docs/Version4权威游戏模拟子系统全量审查报告-2026-09-05.md#ExternalDependencyOrGenerated	Primary owner selected by state writer/lifecycle/call-closure review; path is an inventory locator, not sole evidence.
Properties/AssemblyInfo.cs	shared-runtime-mechanism	SharedRuntimeMechanisms	version4-confirmed			Version4:Properties/AssemblyInfo.cs	docs/Version4权威游戏模拟子系统全量审查报告-2026-09-05.md#SharedRuntimeMechanisms	Primary owner selected by state writer/lifecycle/call-closure review; path is an inventory locator, not sole evidence.
Terraria.Achievements/Achievement.cs	excluded	ClientPresentationAndTools	version4-confirmed			Version4:Terraria.Achievements/Achievement.cs	docs/Version4权威游戏模拟子系统全量审查报告-2026-09-05.md#ClientPresentationAndTools	Primary owner selected by state writer/lifecycle/call-closure review; path is an inventory locator, not sole evidence.
Terraria.Achievements/AchievementCategory.cs	excluded	ClientPresentationAndTools	version4-confirmed			Version4:Terraria.Achievements/AchievementCategory.cs	docs/Version4权威游戏模拟子系统全量审查报告-2026-09-05.md#ClientPresentationAndTools	Primary owner selected by state writer/lifecycle/call-closure review; path is an inventory locator, not sole evidence.
Terraria.Achievements/AchievementCondition.cs	excluded	ClientPresentationAndTools	version4-confirmed			Version4:Terraria.Achievements/AchievementCondition.cs	docs/Version4权威游戏模拟子系统全量审查报告-2026-09-05.md#ClientPresentationAndTools	Primary owner selected by state writer/lifecycle/call-closure review; path is an inventory locator, not sole evidence.
Terraria.Achievements/AchievementManager.cs	excluded	ClientPresentationAndTools	version4-confirmed			Version4:Terraria.Achievements/AchievementManager.cs	docs/Version4权威游戏模拟子系统全量审查报告-2026-09-05.md#ClientPresentationAndTools	Primary owner selected by state writer/lifecycle/call-closure review; path is an inventory locator, not sole evidence.
Terraria.Achievements/AchievementTracker.cs	excluded	ClientPresentationAndTools	version4-confirmed			Version4:Terraria.Achievements/AchievementTracker.cs	docs/Version4权威游戏模拟子系统全量审查报告-2026-09-05.md#ClientPresentationAndTools	Primary owner selected by state writer/lifecycle/call-closure review; path is an inventory locator, not sole evidence.
Terraria.Achievements/ConditionFloatTracker.cs	excluded	ClientPresentationAndTools	version4-confirmed			Version4:Terraria.Achievements/ConditionFloatTracker.cs	docs/Version4权威游戏模拟子系统全量审查报告-2026-09-05.md#ClientPresentationAndTools	Primary owner selected by state writer/lifecycle/call-closure review; path is an inventory locator, not sole evidence.
Terraria.Achievements/IAchievementTracker.cs	excluded	ClientPresentationAndTools	version4-confirmed			Version4:Terraria.Achievements/IAchievementTracker.cs	docs/Version4权威游戏模拟子系统全量审查报告-2026-09-05.md#ClientPresentationAndTools	Primary owner selected by state writer/lifecycle/call-closure review; path is an inventory locator, not sole evidence.
Terraria.Achievements/TrackerType.cs	excluded	ClientPresentationAndTools	version4-confirmed			Version4:Terraria.Achievements/TrackerType.cs	docs/Version4权威游戏模拟子系统全量审查报告-2026-09-05.md#ClientPresentationAndTools	Primary owner selected by state writer/lifecycle/call-closure review; path is an inventory locator, not sole evidence.
Terraria.Audio/ActiveSound.cs	excluded	ClientPresentationAndTools	version4-confirmed			Version4:Terraria.Audio/ActiveSound.cs	docs/Version4权威游戏模拟子系统全量审查报告-2026-09-05.md#ClientPresentationAndTools	Primary owner selected by state writer/lifecycle/call-closure review; path is an inventory locator, not sole evidence.
Terraria.Audio/AudioTrackPlayCallback.cs	excluded	ClientPresentationAndTools	version4-confirmed			Version4:Terraria.Audio/AudioTrackPlayCallback.cs	docs/Version4权威游戏模拟子系统全量审查报告-2026-09-05.md#ClientPresentationAndTools	Primary owner selected by state writer/lifecycle/call-closure review; path is an inventory locator, not sole evidence.
Terraria.Audio/IAudioSystem.cs	excluded	ClientPresentationAndTools	version4-confirmed			Version4:Terraria.Audio/IAudioSystem.cs	docs/Version4权威游戏模拟子系统全量审查报告-2026-09-05.md#ClientPresentationAndTools	Primary owner selected by state writer/lifecycle/call-closure review; path is an inventory locator, not sole evidence.
Terraria.Audio/IAudioTrack.cs	excluded	ClientPresentationAndTools	version4-confirmed			Version4:Terraria.Audio/IAudioTrack.cs	docs/Version4权威游戏模拟子系统全量审查报告-2026-09-05.md#ClientPresentationAndTools	Primary owner selected by state writer/lifecycle/call-closure review; path is an inventory locator, not sole evidence.
Terraria.Audio/LegacySoundPlayer.cs	excluded	ClientPresentationAndTools	version4-confirmed			Version4:Terraria.Audio/LegacySoundPlayer.cs	docs/Version4权威游戏模拟子系统全量审查报告-2026-09-05.md#ClientPresentationAndTools	Primary owner selected by state writer/lifecycle/call-closure review; path is an inventory locator, not sole evidence.
Terraria.Audio/LegacySoundStyle.cs	excluded	ClientPresentationAndTools	version4-confirmed			Version4:Terraria.Audio/LegacySoundStyle.cs	docs/Version4权威游戏模拟子系统全量审查报告-2026-09-05.md#ClientPresentationAndTools	Primary owner selected by state writer/lifecycle/call-closure review; path is an inventory locator, not sole evidence.
Terraria.Audio/SoundEngine.cs	excluded	ClientPresentationAndTools	version4-confirmed			Version4:Terraria.Audio/SoundEngine.cs	docs/Version4权威游戏模拟子系统全量审查报告-2026-09-05.md#ClientPresentationAndTools	Primary owner selected by state writer/lifecycle/call-closure review; path is an inventory locator, not sole evidence.
Terraria.Audio/SoundInstanceGarbageCollector.cs	excluded	ClientPresentationAndTools	version4-confirmed			Version4:Terraria.Audio/SoundInstanceGarbageCollector.cs	docs/Version4权威游戏模拟子系统全量审查报告-2026-09-05.md#ClientPresentationAndTools	Primary owner selected by state writer/lifecycle/call-closure review; path is an inventory locator, not sole evidence.
Terraria.Audio/SoundPlayer.cs	excluded	ClientPresentationAndTools	version4-confirmed			Version4:Terraria.Audio/SoundPlayer.cs	docs/Version4权威游戏模拟子系统全量审查报告-2026-09-05.md#ClientPresentationAndTools	Primary owner selected by state writer/lifecycle/call-closure review; path is an inventory locator, not sole evidence.
Terraria.Audio/SoundPlayOverrides.cs	excluded	ClientPresentationAndTools	version4-confirmed			Version4:Terraria.Audio/SoundPlayOverrides.cs	docs/Version4权威游戏模拟子系统全量审查报告-2026-09-05.md#ClientPresentationAndTools	Primary owner selected by state writer/lifecycle/call-closure review; path is an inventory locator, not sole evidence.
Terraria.Audio/SoundStyle.cs	excluded	ClientPresentationAndTools	version4-confirmed			Version4:Terraria.Audio/SoundStyle.cs	docs/Version4权威游戏模拟子系统全量审查报告-2026-09-05.md#ClientPresentationAndTools	Primary owner selected by state writer/lifecycle/call-closure review; path is an inventory locator, not sole evidence.
Terraria.Audio/SoundType.cs	excluded	ClientPresentationAndTools	version4-confirmed			Version4:Terraria.Audio/SoundType.cs	docs/Version4权威游戏模拟子系统全量审查报告-2026-09-05.md#ClientPresentationAndTools	Primary owner selected by state writer/lifecycle/call-closure review; path is an inventory locator, not sole evidence.
Terraria.Audio/VampireSizzleTracker.cs	excluded	ClientPresentationAndTools	version4-confirmed			Version4:Terraria.Audio/VampireSizzleTracker.cs	docs/Version4权威游戏模拟子系统全量审查报告-2026-09-05.md#ClientPresentationAndTools	Primary owner selected by state writer/lifecycle/call-closure review; path is an inventory locator, not sole evidence.
Terraria.Chat.Commands/AllDeathCommand.cs	shared-runtime-mechanism	SharedRuntimeMechanisms	version4-confirmed			Version4:Terraria.Chat.Commands/AllDeathCommand.cs	docs/Version4权威游戏模拟子系统全量审查报告-2026-09-05.md#SharedRuntimeMechanisms	Primary owner selected by state writer/lifecycle/call-closure review; path is an inventory locator, not sole evidence.
Terraria.Chat.Commands/AllPVPDeathCommand.cs	shared-runtime-mechanism	SharedRuntimeMechanisms	version4-confirmed			Version4:Terraria.Chat.Commands/AllPVPDeathCommand.cs	docs/Version4权威游戏模拟子系统全量审查报告-2026-09-05.md#SharedRuntimeMechanisms	Primary owner selected by state writer/lifecycle/call-closure review; path is an inventory locator, not sole evidence.
Terraria.Chat.Commands/BossDamageCommand.cs	shared-runtime-mechanism	SharedRuntimeMechanisms	version4-confirmed			Version4:Terraria.Chat.Commands/BossDamageCommand.cs	docs/Version4权威游戏模拟子系统全量审查报告-2026-09-05.md#SharedRuntimeMechanisms	Primary owner selected by state writer/lifecycle/call-closure review; path is an inventory locator, not sole evidence.
Terraria.Chat.Commands/ChatCommandAttribute.cs	shared-runtime-mechanism	SharedRuntimeMechanisms	version4-confirmed			Version4:Terraria.Chat.Commands/ChatCommandAttribute.cs	docs/Version4权威游戏模拟子系统全量审查报告-2026-09-05.md#SharedRuntimeMechanisms	Primary owner selected by state writer/lifecycle/call-closure review; path is an inventory locator, not sole evidence.
Terraria.Chat.Commands/DeathCommand.cs	shared-runtime-mechanism	SharedRuntimeMechanisms	version4-confirmed			Version4:Terraria.Chat.Commands/DeathCommand.cs	docs/Version4权威游戏模拟子系统全量审查报告-2026-09-05.md#SharedRuntimeMechanisms	Primary owner selected by state writer/lifecycle/call-closure review; path is an inventory locator, not sole evidence.
Terraria.Chat.Commands/EmojiCommand.cs	shared-runtime-mechanism	SharedRuntimeMechanisms	version4-confirmed			Version4:Terraria.Chat.Commands/EmojiCommand.cs	docs/Version4权威游戏模拟子系统全量审查报告-2026-09-05.md#SharedRuntimeMechanisms	Primary owner selected by state writer/lifecycle/call-closure review; path is an inventory locator, not sole evidence.
Terraria.Chat.Commands/EmoteCommand.cs	shared-runtime-mechanism	SharedRuntimeMechanisms	version4-confirmed			Version4:Terraria.Chat.Commands/EmoteCommand.cs	docs/Version4权威游戏模拟子系统全量审查报告-2026-09-05.md#SharedRuntimeMechanisms	Primary owner selected by state writer/lifecycle/call-closure review; path is an inventory locator, not sole evidence.
Terraria.Chat.Commands/HelpCommand.cs	shared-runtime-mechanism	SharedRuntimeMechanisms	version4-confirmed			Version4:Terraria.Chat.Commands/HelpCommand.cs	docs/Version4权威游戏模拟子系统全量审查报告-2026-09-05.md#SharedRuntimeMechanisms	Primary owner selected by state writer/lifecycle/call-closure review; path is an inventory locator, not sole evidence.
Terraria.Chat.Commands/IChatCommand.cs	shared-runtime-mechanism	SharedRuntimeMechanisms	version4-confirmed			Version4:Terraria.Chat.Commands/IChatCommand.cs	docs/Version4权威游戏模拟子系统全量审查报告-2026-09-05.md#SharedRuntimeMechanisms	Primary owner selected by state writer/lifecycle/call-closure review; path is an inventory locator, not sole evidence.
Terraria.Chat.Commands/ICommandAliasProvider.cs	shared-runtime-mechanism	SharedRuntimeMechanisms	version4-confirmed			Version4:Terraria.Chat.Commands/ICommandAliasProvider.cs	docs/Version4权威游戏模拟子系统全量审查报告-2026-09-05.md#SharedRuntimeMechanisms	Primary owner selected by state writer/lifecycle/call-closure review; path is an inventory locator, not sole evidence.
Terraria.Chat.Commands/ListPlayersCommand.cs	shared-runtime-mechanism	SharedRuntimeMechanisms	version4-confirmed			Version4:Terraria.Chat.Commands/ListPlayersCommand.cs	docs/Version4权威游戏模拟子系统全量审查报告-2026-09-05.md#SharedRuntimeMechanisms	Primary owner selected by state writer/lifecycle/call-closure review; path is an inventory locator, not sole evidence.
Terraria.Chat.Commands/PartyChatCommand.cs	shared-runtime-mechanism	SharedRuntimeMechanisms	version4-confirmed			Version4:Terraria.Chat.Commands/PartyChatCommand.cs	docs/Version4权威游戏模拟子系统全量审查报告-2026-09-05.md#SharedRuntimeMechanisms	Primary owner selected by state writer/lifecycle/call-closure review; path is an inventory locator, not sole evidence.
Terraria.Chat.Commands/PVPDeathCommand.cs	shared-runtime-mechanism	SharedRuntimeMechanisms	version4-confirmed			Version4:Terraria.Chat.Commands/PVPDeathCommand.cs	docs/Version4权威游戏模拟子系统全量审查报告-2026-09-05.md#SharedRuntimeMechanisms	Primary owner selected by state writer/lifecycle/call-closure review; path is an inventory locator, not sole evidence.
Terraria.Chat.Commands/RockPaperScissorsCommand.cs	shared-runtime-mechanism	SharedRuntimeMechanisms	version4-confirmed			Version4:Terraria.Chat.Commands/RockPaperScissorsCommand.cs	docs/Version4权威游戏模拟子系统全量审查报告-2026-09-05.md#SharedRuntimeMechanisms	Primary owner selected by state writer/lifecycle/call-closure review; path is an inventory locator, not sole evidence.
Terraria.Chat.Commands/RollCommand.cs	shared-runtime-mechanism	SharedRuntimeMechanisms	version4-confirmed			Version4:Terraria.Chat.Commands/RollCommand.cs	docs/Version4权威游戏模拟子系统全量审查报告-2026-09-05.md#SharedRuntimeMechanisms	Primary owner selected by state writer/lifecycle/call-closure review; path is an inventory locator, not sole evidence.
Terraria.Chat.Commands/SayChatCommand.cs	shared-runtime-mechanism	SharedRuntimeMechanisms	version4-confirmed			Version4:Terraria.Chat.Commands/SayChatCommand.cs	docs/Version4权威游戏模拟子系统全量审查报告-2026-09-05.md#SharedRuntimeMechanisms	Primary owner selected by state writer/lifecycle/call-closure review; path is an inventory locator, not sole evidence.
Terraria.Chat/ChatColors.cs	shared-runtime-mechanism	SharedRuntimeMechanisms	version4-confirmed			Version4:Terraria.Chat/ChatColors.cs	docs/Version4权威游戏模拟子系统全量审查报告-2026-09-05.md#SharedRuntimeMechanisms	Primary owner selected by state writer/lifecycle/call-closure review; path is an inventory locator, not sole evidence.
Terraria.Chat/ChatCommandId.cs	shared-runtime-mechanism	SharedRuntimeMechanisms	version4-confirmed			Version4:Terraria.Chat/ChatCommandId.cs	docs/Version4权威游戏模拟子系统全量审查报告-2026-09-05.md#SharedRuntimeMechanisms	Primary owner selected by state writer/lifecycle/call-closure review; path is an inventory locator, not sole evidence.
Terraria.Chat/ChatCommandProcessor.cs	shared-runtime-mechanism	SharedRuntimeMechanisms	version4-confirmed			Version4:Terraria.Chat/ChatCommandProcessor.cs	docs/Version4权威游戏模拟子系统全量审查报告-2026-09-05.md#SharedRuntimeMechanisms	Primary owner selected by state writer/lifecycle/call-closure review; path is an inventory locator, not sole evidence.
Terraria.Chat/ChatHelper.cs	shared-runtime-mechanism	SharedRuntimeMechanisms	version4-confirmed			Version4:Terraria.Chat/ChatHelper.cs	docs/Version4权威游戏模拟子系统全量审查报告-2026-09-05.md#SharedRuntimeMechanisms	Primary owner selected by state writer/lifecycle/call-closure review; path is an inventory locator, not sole evidence.
Terraria.Chat/ChatMessage.cs	shared-runtime-mechanism	SharedRuntimeMechanisms	version4-confirmed			Version4:Terraria.Chat/ChatMessage.cs	docs/Version4权威游戏模拟子系统全量审查报告-2026-09-05.md#SharedRuntimeMechanisms	Primary owner selected by state writer/lifecycle/call-closure review; path is an inventory locator, not sole evidence.
Terraria.Chat/IChatProcessor.cs	shared-runtime-mechanism	SharedRuntimeMechanisms	version4-confirmed			Version4:Terraria.Chat/IChatProcessor.cs	docs/Version4权威游戏模拟子系统全量审查报告-2026-09-05.md#SharedRuntimeMechanisms	Primary owner selected by state writer/lifecycle/call-closure review; path is an inventory locator, not sole evidence.
Terraria.Cinematics/CinematicManager.cs	excluded	ClientPresentationAndTools	version4-confirmed			Version4:Terraria.Cinematics/CinematicManager.cs	docs/Version4权威游戏模拟子系统全量审查报告-2026-09-05.md#ClientPresentationAndTools	Primary owner selected by state writer/lifecycle/call-closure review; path is an inventory locator, not sole evidence.
Terraria.Cinematics/Film.cs	excluded	ClientPresentationAndTools	version4-confirmed			Version4:Terraria.Cinematics/Film.cs	docs/Version4权威游戏模拟子系统全量审查报告-2026-09-05.md#ClientPresentationAndTools	Primary owner selected by state writer/lifecycle/call-closure review; path is an inventory locator, not sole evidence.
Terraria.Cinematics/FrameEvent.cs	excluded	ClientPresentationAndTools	version4-confirmed			Version4:Terraria.Cinematics/FrameEvent.cs	docs/Version4权威游戏模拟子系统全量审查报告-2026-09-05.md#ClientPresentationAndTools	Primary owner selected by state writer/lifecycle/call-closure review; path is an inventory locator, not sole evidence.
Terraria.Cinematics/FrameEventData.cs	excluded	ClientPresentationAndTools	version4-confirmed			Version4:Terraria.Cinematics/FrameEventData.cs	docs/Version4权威游戏模拟子系统全量审查报告-2026-09-05.md#ClientPresentationAndTools	Primary owner selected by state writer/lifecycle/call-closure review; path is an inventory locator, not sole evidence.
Terraria.DataStructures/ActiveSections.cs	shared-runtime-mechanism	SharedRuntimeMechanisms	version4-confirmed			Version4:Terraria.DataStructures/ActiveSections.cs	docs/Version4权威游戏模拟子系统全量审查报告-2026-09-05.md#SharedRuntimeMechanisms	Primary owner selected by state writer/lifecycle/call-closure review; path is an inventory locator, not sole evidence.
Terraria.DataStructures/AEntitySource_OnHit.cs	shared-runtime-mechanism	SharedRuntimeMechanisms	version4-confirmed			Version4:Terraria.DataStructures/AEntitySource_OnHit.cs	docs/Version4权威游戏模拟子系统全量审查报告-2026-09-05.md#SharedRuntimeMechanisms	Primary owner selected by state writer/lifecycle/call-closure review; path is an inventory locator, not sole evidence.
Terraria.DataStructures/AEntitySource_Tile.cs	shared-runtime-mechanism	SharedRuntimeMechanisms	version4-confirmed			Version4:Terraria.DataStructures/AEntitySource_Tile.cs	docs/Version4权威游戏模拟子系统全量审查报告-2026-09-05.md#SharedRuntimeMechanisms	Primary owner selected by state writer/lifecycle/call-closure review; path is an inventory locator, not sole evidence.
Terraria.DataStructures/AnchorData.cs	shared-runtime-mechanism	SharedRuntimeMechanisms	version4-confirmed			Version4:Terraria.DataStructures/AnchorData.cs	docs/Version4权威游戏模拟子系统全量审查报告-2026-09-05.md#SharedRuntimeMechanisms	Primary owner selected by state writer/lifecycle/call-closure review; path is an inventory locator, not sole evidence.
Terraria.DataStructures/AnchoredEntitiesCollection.cs	shared-runtime-mechanism	SharedRuntimeMechanisms	version4-confirmed			Version4:Terraria.DataStructures/AnchoredEntitiesCollection.cs	docs/Version4权威游戏模拟子系统全量审查报告-2026-09-05.md#SharedRuntimeMechanisms	Primary owner selected by state writer/lifecycle/call-closure review; path is an inventory locator, not sole evidence.
Terraria.DataStructures/ArmorSetBonus.cs	shared-runtime-mechanism	SharedRuntimeMechanisms	version4-confirmed			Version4:Terraria.DataStructures/ArmorSetBonus.cs	docs/Version4权威游戏模拟子系统全量审查报告-2026-09-05.md#SharedRuntimeMechanisms	Primary owner selected by state writer/lifecycle/call-closure review; path is an inventory locator, not sole evidence.
Terraria.DataStructures/ArmorSetBonuses.cs	shared-runtime-mechanism	SharedRuntimeMechanisms	version4-confirmed			Version4:Terraria.DataStructures/ArmorSetBonuses.cs	docs/Version4权威游戏模拟子系统全量审查报告-2026-09-05.md#SharedRuntimeMechanisms	Primary owner selected by state writer/lifecycle/call-closure review; path is an inventory locator, not sole evidence.
Terraria.DataStructures/BackgroundVariant.cs	shared-runtime-mechanism	SharedRuntimeMechanisms	version4-confirmed			Version4:Terraria.DataStructures/BackgroundVariant.cs	docs/Version4权威游戏模拟子系统全量审查报告-2026-09-05.md#SharedRuntimeMechanisms	Primary owner selected by state writer/lifecycle/call-closure review; path is an inventory locator, not sole evidence.
Terraria.DataStructures/BackgroundVariantSet.cs	shared-runtime-mechanism	SharedRuntimeMechanisms	version4-confirmed			Version4:Terraria.DataStructures/BackgroundVariantSet.cs	docs/Version4权威游戏模拟子系统全量审查报告-2026-09-05.md#SharedRuntimeMechanisms	Primary owner selected by state writer/lifecycle/call-closure review; path is an inventory locator, not sole evidence.
Terraria.DataStructures/BufferPool.cs	shared-runtime-mechanism	SharedRuntimeMechanisms	version4-confirmed			Version4:Terraria.DataStructures/BufferPool.cs	docs/Version4权威游戏模拟子系统全量审查报告-2026-09-05.md#SharedRuntimeMechanisms	Primary owner selected by state writer/lifecycle/call-closure review; path is an inventory locator, not sole evidence.
Terraria.DataStructures/CachedBuffer.cs	shared-runtime-mechanism	SharedRuntimeMechanisms	version4-confirmed			Version4:Terraria.DataStructures/CachedBuffer.cs	docs/Version4权威游戏模拟子系统全量审查报告-2026-09-05.md#SharedRuntimeMechanisms	Primary owner selected by state writer/lifecycle/call-closure review; path is an inventory locator, not sole evidence.
Terraria.DataStructures/CachedProjectileCounterBuffTextHandler.cs	shared-runtime-mechanism	SharedRuntimeMechanisms	version4-confirmed			Version4:Terraria.DataStructures/CachedProjectileCounterBuffTextHandler.cs	docs/Version4权威游戏模拟子系统全量审查报告-2026-09-05.md#SharedRuntimeMechanisms	Primary owner selected by state writer/lifecycle/call-closure review; path is an inventory locator, not sole evidence.
Terraria.DataStructures/ColorSlidersSet.cs	shared-runtime-mechanism	SharedRuntimeMechanisms	version4-confirmed			Version4:Terraria.DataStructures/ColorSlidersSet.cs	docs/Version4权威游戏模拟子系统全量审查报告-2026-09-05.md#SharedRuntimeMechanisms	Primary owner selected by state writer/lifecycle/call-closure review; path is an inventory locator, not sole evidence.
Terraria.DataStructures/DoubleStack.cs	shared-runtime-mechanism	SharedRuntimeMechanisms	version4-confirmed			Version4:Terraria.DataStructures/DoubleStack.cs	docs/Version4权威游戏模拟子系统全量审查报告-2026-09-05.md#SharedRuntimeMechanisms	Primary owner selected by state writer/lifecycle/call-closure review; path is an inventory locator, not sole evidence.
Terraria.DataStructures/DrawAnimation.cs	shared-runtime-mechanism	SharedRuntimeMechanisms	version4-confirmed			Version4:Terraria.DataStructures/DrawAnimation.cs	docs/Version4权威游戏模拟子系统全量审查报告-2026-09-05.md#SharedRuntimeMechanisms	Primary owner selected by state writer/lifecycle/call-closure review; path is an inventory locator, not sole evidence.
Terraria.DataStructures/DrawAnimationScryingOrb.cs	shared-runtime-mechanism	SharedRuntimeMechanisms	version4-confirmed			Version4:Terraria.DataStructures/DrawAnimationScryingOrb.cs	docs/Version4权威游戏模拟子系统全量审查报告-2026-09-05.md#SharedRuntimeMechanisms	Primary owner selected by state writer/lifecycle/call-closure review; path is an inventory locator, not sole evidence.
Terraria.DataStructures/DrawAnimationVertical.cs	shared-runtime-mechanism	SharedRuntimeMechanisms	version4-confirmed			Version4:Terraria.DataStructures/DrawAnimationVertical.cs	docs/Version4权威游戏模拟子系统全量审查报告-2026-09-05.md#SharedRuntimeMechanisms	Primary owner selected by state writer/lifecycle/call-closure review; path is an inventory locator, not sole evidence.
Terraria.DataStructures/DrawData.cs	shared-runtime-mechanism	SharedRuntimeMechanisms	version4-confirmed			Version4:Terraria.DataStructures/DrawData.cs	docs/Version4权威游戏模拟子系统全量审查报告-2026-09-05.md#SharedRuntimeMechanisms	Primary owner selected by state writer/lifecycle/call-closure review; path is an inventory locator, not sole evidence.
Terraria.DataStructures/DrillDebugDraw.cs	shared-runtime-mechanism	SharedRuntimeMechanisms	version4-confirmed			Version4:Terraria.DataStructures/DrillDebugDraw.cs	docs/Version4权威游戏模拟子系统全量审查报告-2026-09-05.md#SharedRuntimeMechanisms	Primary owner selected by state writer/lifecycle/call-closure review; path is an inventory locator, not sole evidence.
Terraria.DataStructures/DroneCameraTracker.cs	shared-runtime-mechanism	SharedRuntimeMechanisms	version4-confirmed			Version4:Terraria.DataStructures/DroneCameraTracker.cs	docs/Version4权威游戏模拟子系统全量审查报告-2026-09-05.md#SharedRuntimeMechanisms	Primary owner selected by state writer/lifecycle/call-closure review; path is an inventory locator, not sole evidence.
Terraria.DataStructures/EntityShadowInfo.cs	shared-runtime-mechanism	SharedRuntimeMechanisms	version4-confirmed			Version4:Terraria.DataStructures/EntityShadowInfo.cs	docs/Version4权威游戏模拟子系统全量审查报告-2026-09-05.md#SharedRuntimeMechanisms	Primary owner selected by state writer/lifecycle/call-closure review; path is an inventory locator, not sole evidence.
Terraria.DataStructures/EntitySource_BossSpawn.cs	shared-runtime-mechanism	SharedRuntimeMechanisms	version4-confirmed			Version4:Terraria.DataStructures/EntitySource_BossSpawn.cs	docs/Version4权威游戏模拟子系统全量审查报告-2026-09-05.md#SharedRuntimeMechanisms	Primary owner selected by state writer/lifecycle/call-closure review; path is an inventory locator, not sole evidence.
Terraria.DataStructures/EntitySource_ByItemSourceId.cs	shared-runtime-mechanism	SharedRuntimeMechanisms	version4-confirmed			Version4:Terraria.DataStructures/EntitySource_ByItemSourceId.cs	docs/Version4权威游戏模拟子系统全量审查报告-2026-09-05.md#SharedRuntimeMechanisms	Primary owner selected by state writer/lifecycle/call-closure review; path is an inventory locator, not sole evidence.
Terraria.DataStructures/EntitySource_ByProjectileSourceId.cs	shared-runtime-mechanism	SharedRuntimeMechanisms	version4-confirmed			Version4:Terraria.DataStructures/EntitySource_ByProjectileSourceId.cs	docs/Version4权威游戏模拟子系统全量审查报告-2026-09-05.md#SharedRuntimeMechanisms	Primary owner selected by state writer/lifecycle/call-closure review; path is an inventory locator, not sole evidence.
Terraria.DataStructures/EntitySource_CoinRain.cs	shared-runtime-mechanism	SharedRuntimeMechanisms	version4-confirmed			Version4:Terraria.DataStructures/EntitySource_CoinRain.cs	docs/Version4权威游戏模拟子系统全量审查报告-2026-09-05.md#SharedRuntimeMechanisms	Primary owner selected by state writer/lifecycle/call-closure review; path is an inventory locator, not sole evidence.
Terraria.DataStructures/EntitySource_DebugCommand.cs	shared-runtime-mechanism	SharedRuntimeMechanisms	version4-confirmed			Version4:Terraria.DataStructures/EntitySource_DebugCommand.cs	docs/Version4权威游戏模拟子系统全量审查报告-2026-09-05.md#SharedRuntimeMechanisms	Primary owner selected by state writer/lifecycle/call-closure review; path is an inventory locator, not sole evidence.
Terraria.DataStructures/EntitySource_DropAsItem.cs	shared-runtime-mechanism	SharedRuntimeMechanisms	version4-confirmed			Version4:Terraria.DataStructures/EntitySource_DropAsItem.cs	docs/Version4权威游戏模拟子系统全量审查报告-2026-09-05.md#SharedRuntimeMechanisms	Primary owner selected by state writer/lifecycle/call-closure review; path is an inventory locator, not sole evidence.
Terraria.DataStructures/EntitySource_FishedOut.cs	shared-runtime-mechanism	SharedRuntimeMechanisms	version4-confirmed			Version4:Terraria.DataStructures/EntitySource_FishedOut.cs	docs/Version4权威游戏模拟子系统全量审查报告-2026-09-05.md#SharedRuntimeMechanisms	Primary owner selected by state writer/lifecycle/call-closure review; path is an inventory locator, not sole evidence.
Terraria.DataStructures/EntitySource_ItemUse_WithAmmo.cs	shared-runtime-mechanism	SharedRuntimeMechanisms	version4-confirmed			Version4:Terraria.DataStructures/EntitySource_ItemUse_WithAmmo.cs	docs/Version4权威游戏模拟子系统全量审查报告-2026-09-05.md#SharedRuntimeMechanisms	Primary owner selected by state writer/lifecycle/call-closure review; path is an inventory locator, not sole evidence.
Terraria.DataStructures/EntitySource_ItemUse.cs	shared-runtime-mechanism	SharedRuntimeMechanisms	version4-confirmed			Version4:Terraria.DataStructures/EntitySource_ItemUse.cs	docs/Version4权威游戏模拟子系统全量审查报告-2026-09-05.md#SharedRuntimeMechanisms	Primary owner selected by state writer/lifecycle/call-closure review; path is an inventory locator, not sole evidence.
Terraria.DataStructures/EntitySource_Loot.cs	shared-runtime-mechanism	SharedRuntimeMechanisms	version4-confirmed			Version4:Terraria.DataStructures/EntitySource_Loot.cs	docs/Version4权威游戏模拟子系统全量审查报告-2026-09-05.md#SharedRuntimeMechanisms	Primary owner selected by state writer/lifecycle/call-closure review; path is an inventory locator, not sole evidence.
Terraria.DataStructures/EntitySource_Mount.cs	shared-runtime-mechanism	SharedRuntimeMechanisms	version4-confirmed			Version4:Terraria.DataStructures/EntitySource_Mount.cs	docs/Version4权威游戏模拟子系统全量审查报告-2026-09-05.md#SharedRuntimeMechanisms	Primary owner selected by state writer/lifecycle/call-closure review; path is an inventory locator, not sole evidence.
Terraria.DataStructures/EntitySource_OnHit_ByItemSourceID.cs	shared-runtime-mechanism	SharedRuntimeMechanisms	version4-confirmed			Version4:Terraria.DataStructures/EntitySource_OnHit_ByItemSourceID.cs	docs/Version4权威游戏模拟子系统全量审查报告-2026-09-05.md#SharedRuntimeMechanisms	Primary owner selected by state writer/lifecycle/call-closure review; path is an inventory locator, not sole evidence.
Terraria.DataStructures/EntitySource_OnHit_ByProjectileSourceID.cs	shared-runtime-mechanism	SharedRuntimeMechanisms	version4-confirmed			Version4:Terraria.DataStructures/EntitySource_OnHit_ByProjectileSourceID.cs	docs/Version4权威游戏模拟子系统全量审查报告-2026-09-05.md#SharedRuntimeMechanisms	Primary owner selected by state writer/lifecycle/call-closure review; path is an inventory locator, not sole evidence.
Terraria.DataStructures/EntitySource_OverfullChest.cs	shared-runtime-mechanism	SharedRuntimeMechanisms	version4-confirmed			Version4:Terraria.DataStructures/EntitySource_OverfullChest.cs	docs/Version4权威游戏模拟子系统全量审查报告-2026-09-05.md#SharedRuntimeMechanisms	Primary owner selected by state writer/lifecycle/call-closure review; path is an inventory locator, not sole evidence.
Terraria.DataStructures/EntitySource_Parent.cs	shared-runtime-mechanism	SharedRuntimeMechanisms	version4-confirmed			Version4:Terraria.DataStructures/EntitySource_Parent.cs	docs/Version4权威游戏模拟子系统全量审查报告-2026-09-05.md#SharedRuntimeMechanisms	Primary owner selected by state writer/lifecycle/call-closure review; path is an inventory locator, not sole evidence.
Terraria.DataStructures/EntitySource_RevengeSystem.cs	shared-runtime-mechanism	SharedRuntimeMechanisms	version4-confirmed			Version4:Terraria.DataStructures/EntitySource_RevengeSystem.cs	docs/Version4权威游戏模拟子系统全量审查报告-2026-09-05.md#SharedRuntimeMechanisms	Primary owner selected by state writer/lifecycle/call-closure review; path is an inventory locator, not sole evidence.
Terraria.DataStructures/EntitySource_SpawnNPC.cs	shared-runtime-mechanism	SharedRuntimeMechanisms	version4-confirmed			Version4:Terraria.DataStructures/EntitySource_SpawnNPC.cs	docs/Version4权威游戏模拟子系统全量审查报告-2026-09-05.md#SharedRuntimeMechanisms	Primary owner selected by state writer/lifecycle/call-closure review; path is an inventory locator, not sole evidence.
Terraria.DataStructures/EntitySource_Sync.cs	shared-runtime-mechanism	SharedRuntimeMechanisms	version4-confirmed			Version4:Terraria.DataStructures/EntitySource_Sync.cs	docs/Version4权威游戏模拟子系统全量审查报告-2026-09-05.md#SharedRuntimeMechanisms	Primary owner selected by state writer/lifecycle/call-closure review; path is an inventory locator, not sole evidence.
Terraria.DataStructures/EntitySource_TileBreak.cs	shared-runtime-mechanism	SharedRuntimeMechanisms	version4-confirmed			Version4:Terraria.DataStructures/EntitySource_TileBreak.cs	docs/Version4权威游戏模拟子系统全量审查报告-2026-09-05.md#SharedRuntimeMechanisms	Primary owner selected by state writer/lifecycle/call-closure review; path is an inventory locator, not sole evidence.
Terraria.DataStructures/EntitySource_TileInteraction.cs	shared-runtime-mechanism	SharedRuntimeMechanisms	version4-confirmed			Version4:Terraria.DataStructures/EntitySource_TileInteraction.cs	docs/Version4权威游戏模拟子系统全量审查报告-2026-09-05.md#SharedRuntimeMechanisms	Primary owner selected by state writer/lifecycle/call-closure review; path is an inventory locator, not sole evidence.
Terraria.DataStructures/EntitySource_Wiring.cs	shared-runtime-mechanism	SharedRuntimeMechanisms	version4-confirmed			Version4:Terraria.DataStructures/EntitySource_Wiring.cs	docs/Version4权威游戏模拟子系统全量审查报告-2026-09-05.md#SharedRuntimeMechanisms	Primary owner selected by state writer/lifecycle/call-closure review; path is an inventory locator, not sole evidence.
Terraria.DataStructures/EntitySource_WorldEvent.cs	shared-runtime-mechanism	SharedRuntimeMechanisms	version4-confirmed			Version4:Terraria.DataStructures/EntitySource_WorldEvent.cs	docs/Version4权威游戏模拟子系统全量审查报告-2026-09-05.md#SharedRuntimeMechanisms	Primary owner selected by state writer/lifecycle/call-closure review; path is an inventory locator, not sole evidence.
Terraria.DataStructures/EntitySource_WorldGen.cs	shared-runtime-mechanism	SharedRuntimeMechanisms	version4-confirmed			Version4:Terraria.DataStructures/EntitySource_WorldGen.cs	docs/Version4权威游戏模拟子系统全量审查报告-2026-09-05.md#SharedRuntimeMechanisms	Primary owner selected by state writer/lifecycle/call-closure review; path is an inventory locator, not sole evidence.
Terraria.DataStructures/EntrySorter.cs	shared-runtime-mechanism	SharedRuntimeMechanisms	version4-confirmed			Version4:Terraria.DataStructures/EntrySorter.cs	docs/Version4权威游戏模拟子系统全量审查报告-2026-09-05.md#SharedRuntimeMechanisms	Primary owner selected by state writer/lifecycle/call-closure review; path is an inventory locator, not sole evidence.
Terraria.DataStructures/FishingAttempt.cs	shared-runtime-mechanism	SharedRuntimeMechanisms	version4-confirmed			Version4:Terraria.DataStructures/FishingAttempt.cs	docs/Version4权威游戏模拟子系统全量审查报告-2026-09-05.md#SharedRuntimeMechanisms	Primary owner selected by state writer/lifecycle/call-closure review; path is an inventory locator, not sole evidence.
Terraria.DataStructures/FlowerPacketInfo.cs	shared-runtime-mechanism	SharedRuntimeMechanisms	version4-confirmed			Version4:Terraria.DataStructures/FlowerPacketInfo.cs	docs/Version4权威游戏模拟子系统全量审查报告-2026-09-05.md#SharedRuntimeMechanisms	Primary owner selected by state writer/lifecycle/call-closure review; path is an inventory locator, not sole evidence.
Terraria.DataStructures/GameDifficultyData.cs	shared-runtime-mechanism	SharedRuntimeMechanisms	version4-confirmed			Version4:Terraria.DataStructures/GameDifficultyData.cs	docs/Version4权威游戏模拟子系统全量审查报告-2026-09-05.md#SharedRuntimeMechanisms	Primary owner selected by state writer/lifecycle/call-closure review; path is an inventory locator, not sole evidence.
Terraria.DataStructures/GameDifficultyLevel.cs	shared-runtime-mechanism	SharedRuntimeMechanisms	version4-confirmed			Version4:Terraria.DataStructures/GameDifficultyLevel.cs	docs/Version4权威游戏模拟子系统全量审查报告-2026-09-05.md#SharedRuntimeMechanisms	Primary owner selected by state writer/lifecycle/call-closure review; path is an inventory locator, not sole evidence.
Terraria.DataStructures/GeneralIssueReporter.cs	shared-runtime-mechanism	SharedRuntimeMechanisms	version4-confirmed			Version4:Terraria.DataStructures/GeneralIssueReporter.cs	docs/Version4权威游戏模拟子系统全量审查报告-2026-09-05.md#SharedRuntimeMechanisms	Primary owner selected by state writer/lifecycle/call-closure review; path is an inventory locator, not sole evidence.
Terraria.DataStructures/GetStyleMethod.cs	shared-runtime-mechanism	SharedRuntimeMechanisms	version4-confirmed			Version4:Terraria.DataStructures/GetStyleMethod.cs	docs/Version4权威游戏模拟子系统全量审查报告-2026-09-05.md#SharedRuntimeMechanisms	Primary owner selected by state writer/lifecycle/call-closure review; path is an inventory locator, not sole evidence.
Terraria.DataStructures/GuessedPlayerIntention.cs	shared-runtime-mechanism	SharedRuntimeMechanisms	version4-confirmed			Version4:Terraria.DataStructures/GuessedPlayerIntention.cs	docs/Version4权威游戏模拟子系统全量审查报告-2026-09-05.md#SharedRuntimeMechanisms	Primary owner selected by state writer/lifecycle/call-closure review; path is an inventory locator, not sole evidence.
Terraria.DataStructures/IBuffTextHandler.cs	shared-runtime-mechanism	SharedRuntimeMechanisms	version4-confirmed			Version4:Terraria.DataStructures/IBuffTextHandler.cs	docs/Version4权威游戏模拟子系统全量审查报告-2026-09-05.md#SharedRuntimeMechanisms	Primary owner selected by state writer/lifecycle/call-closure review; path is an inventory locator, not sole evidence.
Terraria.DataStructures/IConfigKeyHolder.cs	shared-runtime-mechanism	SharedRuntimeMechanisms	version4-confirmed			Version4:Terraria.DataStructures/IConfigKeyHolder.cs	docs/Version4权威游戏模拟子系统全量审查报告-2026-09-05.md#SharedRuntimeMechanisms	Primary owner selected by state writer/lifecycle/call-closure review; path is an inventory locator, not sole evidence.
Terraria.DataStructures/IEntitySource.cs	shared-runtime-mechanism	SharedRuntimeMechanisms	version4-confirmed			Version4:Terraria.DataStructures/IEntitySource.cs	docs/Version4权威游戏模拟子系统全量审查报告-2026-09-05.md#SharedRuntimeMechanisms	Primary owner selected by state writer/lifecycle/call-closure review; path is an inventory locator, not sole evidence.
Terraria.DataStructures/IEntryFilter.cs	shared-runtime-mechanism	SharedRuntimeMechanisms	version4-confirmed			Version4:Terraria.DataStructures/IEntryFilter.cs	docs/Version4权威游戏模拟子系统全量审查报告-2026-09-05.md#SharedRuntimeMechanisms	Primary owner selected by state writer/lifecycle/call-closure review; path is an inventory locator, not sole evidence.
Terraria.DataStructures/IEntrySortStep.cs	shared-runtime-mechanism	SharedRuntimeMechanisms	version4-confirmed			Version4:Terraria.DataStructures/IEntrySortStep.cs	docs/Version4权威游戏模拟子系统全量审查报告-2026-09-05.md#SharedRuntimeMechanisms	Primary owner selected by state writer/lifecycle/call-closure review; path is an inventory locator, not sole evidence.
Terraria.DataStructures/IFixLoadedData.cs	shared-runtime-mechanism	SharedRuntimeMechanisms	version4-confirmed			Version4:Terraria.DataStructures/IFixLoadedData.cs	docs/Version4权威游戏模拟子系统全量审查报告-2026-09-05.md#SharedRuntimeMechanisms	Primary owner selected by state writer/lifecycle/call-closure review; path is an inventory locator, not sole evidence.
Terraria.DataStructures/IProvideReports.cs	shared-runtime-mechanism	SharedRuntimeMechanisms	version4-confirmed			Version4:Terraria.DataStructures/IProvideReports.cs	docs/Version4权威游戏模拟子系统全量审查报告-2026-09-05.md#SharedRuntimeMechanisms	Primary owner selected by state writer/lifecycle/call-closure review; path is an inventory locator, not sole evidence.
Terraria.DataStructures/IRoomCheckFeedback_Scoring.cs	shared-runtime-mechanism	SharedRuntimeMechanisms	version4-confirmed			Version4:Terraria.DataStructures/IRoomCheckFeedback_Scoring.cs	docs/Version4权威游戏模拟子系统全量审查报告-2026-09-05.md#SharedRuntimeMechanisms	Primary owner selected by state writer/lifecycle/call-closure review; path is an inventory locator, not sole evidence.
Terraria.DataStructures/IRoomCheckFeedback_Spread.cs	shared-runtime-mechanism	SharedRuntimeMechanisms	version4-confirmed			Version4:Terraria.DataStructures/IRoomCheckFeedback_Spread.cs	docs/Version4权威游戏模拟子系统全量审查报告-2026-09-05.md#SharedRuntimeMechanisms	Primary owner selected by state writer/lifecycle/call-closure review; path is an inventory locator, not sole evidence.
Terraria.DataStructures/IRoomCheckFeedback.cs	shared-runtime-mechanism	SharedRuntimeMechanisms	version4-confirmed			Version4:Terraria.DataStructures/IRoomCheckFeedback.cs	docs/Version4权威游戏模拟子系统全量审查报告-2026-09-05.md#SharedRuntimeMechanisms	Primary owner selected by state writer/lifecycle/call-closure review; path is an inventory locator, not sole evidence.
Terraria.DataStructures/ISearchFilter.cs	shared-runtime-mechanism	SharedRuntimeMechanisms	version4-confirmed			Version4:Terraria.DataStructures/ISearchFilter.cs	docs/Version4权威游戏模拟子系统全量审查报告-2026-09-05.md#SharedRuntimeMechanisms	Primary owner selected by state writer/lifecycle/call-closure review; path is an inventory locator, not sole evidence.
Terraria.DataStructures/IssueReport.cs	shared-runtime-mechanism	SharedRuntimeMechanisms	version4-confirmed			Version4:Terraria.DataStructures/IssueReport.cs	docs/Version4权威游戏模拟子系统全量审查报告-2026-09-05.md#SharedRuntimeMechanisms	Primary owner selected by state writer/lifecycle/call-closure review; path is an inventory locator, not sole evidence.
Terraria.DataStructures/MinionRespawner.cs	shared-runtime-mechanism	SharedRuntimeMechanisms	version4-confirmed			Version4:Terraria.DataStructures/MinionRespawner.cs	docs/Version4权威游戏模拟子系统全量审查报告-2026-09-05.md#SharedRuntimeMechanisms	Primary owner selected by state writer/lifecycle/call-closure review; path is an inventory locator, not sole evidence.
Terraria.DataStructures/MinionSpawnFromInventoryItem.cs	shared-runtime-mechanism	SharedRuntimeMechanisms	version4-confirmed			Version4:Terraria.DataStructures/MinionSpawnFromInventoryItem.cs	docs/Version4权威游戏模拟子系统全量审查报告-2026-09-05.md#SharedRuntimeMechanisms	Primary owner selected by state writer/lifecycle/call-closure review; path is an inventory locator, not sole evidence.
Terraria.DataStructures/MinionSpawnInfo.cs	shared-runtime-mechanism	SharedRuntimeMechanisms	version4-confirmed			Version4:Terraria.DataStructures/MinionSpawnInfo.cs	docs/Version4权威游戏模拟子系统全量审查报告-2026-09-05.md#SharedRuntimeMechanisms	Primary owner selected by state writer/lifecycle/call-closure review; path is an inventory locator, not sole evidence.
Terraria.DataStructures/MultiPointHitbox.cs	shared-runtime-mechanism	SharedRuntimeMechanisms	version4-confirmed			Version4:Terraria.DataStructures/MultiPointHitbox.cs	docs/Version4权威游戏模拟子系统全量审查报告-2026-09-05.md#SharedRuntimeMechanisms	Primary owner selected by state writer/lifecycle/call-closure review; path is an inventory locator, not sole evidence.
Terraria.DataStructures/NoRoomCheckFeedback.cs	shared-runtime-mechanism	SharedRuntimeMechanisms	version4-confirmed			Version4:Terraria.DataStructures/NoRoomCheckFeedback.cs	docs/Version4权威游戏模拟子系统全量审查报告-2026-09-05.md#SharedRuntimeMechanisms	Primary owner selected by state writer/lifecycle/call-closure review; path is an inventory locator, not sole evidence.
Terraria.DataStructures/NPCAimedTarget.cs	shared-runtime-mechanism	SharedRuntimeMechanisms	version4-confirmed			Version4:Terraria.DataStructures/NPCAimedTarget.cs	docs/Version4权威游戏模拟子系统全量审查报告-2026-09-05.md#SharedRuntimeMechanisms	Primary owner selected by state writer/lifecycle/call-closure review; path is an inventory locator, not sole evidence.
Terraria.DataStructures/NPCDebuffImmunityData.cs	shared-runtime-mechanism	SharedRuntimeMechanisms	version4-confirmed			Version4:Terraria.DataStructures/NPCDebuffImmunityData.cs	docs/Version4权威游戏模拟子系统全量审查报告-2026-09-05.md#SharedRuntimeMechanisms	Primary owner selected by state writer/lifecycle/call-closure review; path is an inventory locator, not sole evidence.
Terraria.DataStructures/NPCKillAttempt.cs	shared-runtime-mechanism	SharedRuntimeMechanisms	version4-confirmed			Version4:Terraria.DataStructures/NPCKillAttempt.cs	docs/Version4权威游戏模拟子系统全量审查报告-2026-09-05.md#SharedRuntimeMechanisms	Primary owner selected by state writer/lifecycle/call-closure review; path is an inventory locator, not sole evidence.
Terraria.DataStructures/PlacementDetails.cs	shared-runtime-mechanism	SharedRuntimeMechanisms	version4-confirmed			Version4:Terraria.DataStructures/PlacementDetails.cs	docs/Version4权威游戏模拟子系统全量审查报告-2026-09-05.md#SharedRuntimeMechanisms	Primary owner selected by state writer/lifecycle/call-closure review; path is an inventory locator, not sole evidence.
Terraria.DataStructures/PlacementHook.cs	shared-runtime-mechanism	SharedRuntimeMechanisms	version4-confirmed			Version4:Terraria.DataStructures/PlacementHook.cs	docs/Version4权威游戏模拟子系统全量审查报告-2026-09-05.md#SharedRuntimeMechanisms	Primary owner selected by state writer/lifecycle/call-closure review; path is an inventory locator, not sole evidence.
Terraria.DataStructures/PlayerDeathReason.cs	shared-runtime-mechanism	SharedRuntimeMechanisms	version4-confirmed			Version4:Terraria.DataStructures/PlayerDeathReason.cs	docs/Version4权威游戏模拟子系统全量审查报告-2026-09-05.md#SharedRuntimeMechanisms	Primary owner selected by state writer/lifecycle/call-closure review; path is an inventory locator, not sole evidence.
Terraria.DataStructures/PlayerDrawHeadLayers.cs	shared-runtime-mechanism	SharedRuntimeMechanisms	version4-confirmed			Version4:Terraria.DataStructures/PlayerDrawHeadLayers.cs	docs/Version4权威游戏模拟子系统全量审查报告-2026-09-05.md#SharedRuntimeMechanisms	Primary owner selected by state writer/lifecycle/call-closure review; path is an inventory locator, not sole evidence.
Terraria.DataStructures/PlayerDrawLayers.cs	shared-runtime-mechanism	SharedRuntimeMechanisms	version4-confirmed			Version4:Terraria.DataStructures/PlayerDrawLayers.cs	docs/Version4权威游戏模拟子系统全量审查报告-2026-09-05.md#SharedRuntimeMechanisms	Primary owner selected by state writer/lifecycle/call-closure review; path is an inventory locator, not sole evidence.
Terraria.DataStructures/PlayerFishingConditions.cs	shared-runtime-mechanism	SharedRuntimeMechanisms	version4-confirmed			Version4:Terraria.DataStructures/PlayerFishingConditions.cs	docs/Version4权威游戏模拟子系统全量审查报告-2026-09-05.md#SharedRuntimeMechanisms	Primary owner selected by state writer/lifecycle/call-closure review; path is an inventory locator, not sole evidence.
Terraria.DataStructures/PlayerGetItemLogger.cs	shared-runtime-mechanism	SharedRuntimeMechanisms	version4-confirmed			Version4:Terraria.DataStructures/PlayerGetItemLogger.cs	docs/Version4权威游戏模拟子系统全量审查报告-2026-09-05.md#SharedRuntimeMechanisms	Primary owner selected by state writer/lifecycle/call-closure review; path is an inventory locator, not sole evidence.
Terraria.DataStructures/PlayerIntentionGuesser.cs	shared-runtime-mechanism	SharedRuntimeMechanisms	version4-confirmed			Version4:Terraria.DataStructures/PlayerIntentionGuesser.cs	docs/Version4权威游戏模拟子系统全量审查报告-2026-09-05.md#SharedRuntimeMechanisms	Primary owner selected by state writer/lifecycle/call-closure review; path is an inventory locator, not sole evidence.
Terraria.DataStructures/PlayerInteractionAnchor.cs	shared-runtime-mechanism	SharedRuntimeMechanisms	version4-confirmed			Version4:Terraria.DataStructures/PlayerInteractionAnchor.cs	docs/Version4权威游戏模拟子系统全量审查报告-2026-09-05.md#SharedRuntimeMechanisms	Primary owner selected by state writer/lifecycle/call-closure review; path is an inventory locator, not sole evidence.
Terraria.DataStructures/PlayerMovementAccsCache.cs	shared-runtime-mechanism	SharedRuntimeMechanisms	version4-confirmed			Version4:Terraria.DataStructures/PlayerMovementAccsCache.cs	docs/Version4权威游戏模拟子系统全量审查报告-2026-09-05.md#SharedRuntimeMechanisms	Primary owner selected by state writer/lifecycle/call-closure review; path is an inventory locator, not sole evidence.
Terraria.DataStructures/Point16.cs	shared-runtime-mechanism	SharedRuntimeMechanisms	version4-confirmed			Version4:Terraria.DataStructures/Point16.cs	docs/Version4权威游戏模拟子系统全量审查报告-2026-09-05.md#SharedRuntimeMechanisms	Primary owner selected by state writer/lifecycle/call-closure review; path is an inventory locator, not sole evidence.
Terraria.DataStructures/PortableStoolUsage.cs	shared-runtime-mechanism	SharedRuntimeMechanisms	version4-confirmed			Version4:Terraria.DataStructures/PortableStoolUsage.cs	docs/Version4权威游戏模拟子系统全量审查报告-2026-09-05.md#SharedRuntimeMechanisms	Primary owner selected by state writer/lifecycle/call-closure review; path is an inventory locator, not sole evidence.
Terraria.DataStructures/RejectionMenuInfo.cs	shared-runtime-mechanism	SharedRuntimeMechanisms	version4-confirmed			Version4:Terraria.DataStructures/RejectionMenuInfo.cs	docs/Version4权威游戏模拟子系统全量审查报告-2026-09-05.md#SharedRuntimeMechanisms	Primary owner selected by state writer/lifecycle/call-closure review; path is an inventory locator, not sole evidence.
Terraria.DataStructures/ReturnFromRejectionMenuAction.cs	shared-runtime-mechanism	SharedRuntimeMechanisms	version4-confirmed			Version4:Terraria.DataStructures/ReturnFromRejectionMenuAction.cs	docs/Version4权威游戏模拟子系统全量审查报告-2026-09-05.md#SharedRuntimeMechanisms	Primary owner selected by state writer/lifecycle/call-closure review; path is an inventory locator, not sole evidence.
Terraria.DataStructures/SettingsForCharacterPreview.cs	shared-runtime-mechanism	SharedRuntimeMechanisms	version4-confirmed			Version4:Terraria.DataStructures/SettingsForCharacterPreview.cs	docs/Version4权威游戏模拟子系统全量审查报告-2026-09-05.md#SharedRuntimeMechanisms	Primary owner selected by state writer/lifecycle/call-closure review; path is an inventory locator, not sole evidence.
Terraria.DataStructures/SoundPlaySet.cs	shared-runtime-mechanism	SharedRuntimeMechanisms	version4-confirmed			Version4:Terraria.DataStructures/SoundPlaySet.cs	docs/Version4权威游戏模拟子系统全量审查报告-2026-09-05.md#SharedRuntimeMechanisms	Primary owner selected by state writer/lifecycle/call-closure review; path is an inventory locator, not sole evidence.
Terraria.DataStructures/SpriteBatchBeginner.cs	shared-runtime-mechanism	SharedRuntimeMechanisms	version4-confirmed			Version4:Terraria.DataStructures/SpriteBatchBeginner.cs	docs/Version4权威游戏模拟子系统全量审查报告-2026-09-05.md#SharedRuntimeMechanisms	Primary owner selected by state writer/lifecycle/call-closure review; path is an inventory locator, not sole evidence.
Terraria.DataStructures/SpriteFrame.cs	shared-runtime-mechanism	SharedRuntimeMechanisms	version4-confirmed			Version4:Terraria.DataStructures/SpriteFrame.cs	docs/Version4权威游戏模拟子系统全量审查报告-2026-09-05.md#SharedRuntimeMechanisms	Primary owner selected by state writer/lifecycle/call-closure review; path is an inventory locator, not sole evidence.
Terraria.DataStructures/TileDataType.cs	shared-runtime-mechanism	SharedRuntimeMechanisms	version4-confirmed			Version4:Terraria.DataStructures/TileDataType.cs	docs/Version4权威游戏模拟子系统全量审查报告-2026-09-05.md#SharedRuntimeMechanisms	Primary owner selected by state writer/lifecycle/call-closure review; path is an inventory locator, not sole evidence.
Terraria.DataStructures/TileEntitiesManager.cs	shared-runtime-mechanism	SharedRuntimeMechanisms	version4-confirmed			Version4:Terraria.DataStructures/TileEntitiesManager.cs	docs/Version4权威游戏模拟子系统全量审查报告-2026-09-05.md#SharedRuntimeMechanisms	Primary owner selected by state writer/lifecycle/call-closure review; path is an inventory locator, not sole evidence.
Terraria.DataStructures/TileEntity.cs	shared-runtime-mechanism	SharedRuntimeMechanisms	version4-confirmed			Version4:Terraria.DataStructures/TileEntity.cs	docs/Version4权威游戏模拟子系统全量审查报告-2026-09-05.md#SharedRuntimeMechanisms	Primary owner selected by state writer/lifecycle/call-closure review; path is an inventory locator, not sole evidence.
Terraria.DataStructures/TileEntityType.cs	shared-runtime-mechanism	SharedRuntimeMechanisms	version4-confirmed			Version4:Terraria.DataStructures/TileEntityType.cs	docs/Version4权威游戏模拟子系统全量审查报告-2026-09-05.md#SharedRuntimeMechanisms	Primary owner selected by state writer/lifecycle/call-closure review; path is an inventory locator, not sole evidence.
Terraria.DataStructures/TileObjectPreviewData.cs	shared-runtime-mechanism	SharedRuntimeMechanisms	version4-confirmed			Version4:Terraria.DataStructures/TileObjectPreviewData.cs	docs/Version4权威游戏模拟子系统全量审查报告-2026-09-05.md#SharedRuntimeMechanisms	Primary owner selected by state writer/lifecycle/call-closure review; path is an inventory locator, not sole evidence.
Terraria.DataStructures/TileReachCheckSettings.cs	shared-runtime-mechanism	SharedRuntimeMechanisms	version4-confirmed			Version4:Terraria.DataStructures/TileReachCheckSettings.cs	docs/Version4权威游戏模拟子系统全量审查报告-2026-09-05.md#SharedRuntimeMechanisms	Primary owner selected by state writer/lifecycle/call-closure review; path is an inventory locator, not sole evidence.
Terraria.DataStructures/TrackedProjectileReference.cs	shared-runtime-mechanism	SharedRuntimeMechanisms	version4-confirmed			Version4:Terraria.DataStructures/TrackedProjectileReference.cs	docs/Version4权威游戏模拟子系统全量审查报告-2026-09-05.md#SharedRuntimeMechanisms	Primary owner selected by state writer/lifecycle/call-closure review; path is an inventory locator, not sole evidence.
Terraria.DataStructures/WingStats.cs	shared-runtime-mechanism	SharedRuntimeMechanisms	version4-confirmed			Version4:Terraria.DataStructures/WingStats.cs	docs/Version4权威游戏模拟子系统全量审查报告-2026-09-05.md#SharedRuntimeMechanisms	Primary owner selected by state writer/lifecycle/call-closure review; path is an inventory locator, not sole evidence.
Terraria.Enums/AnchorType.cs	shared-runtime-mechanism	SharedRuntimeMechanisms	version4-confirmed			Version4:Terraria.Enums/AnchorType.cs	docs/Version4权威游戏模拟子系统全量审查报告-2026-09-05.md#SharedRuntimeMechanisms	Primary owner selected by state writer/lifecycle/call-closure review; path is an inventory locator, not sole evidence.
Terraria.Enums/ItemRarityColor.cs	shared-runtime-mechanism	SharedRuntimeMechanisms	version4-confirmed			Version4:Terraria.Enums/ItemRarityColor.cs	docs/Version4权威游戏模拟子系统全量审查报告-2026-09-05.md#SharedRuntimeMechanisms	Primary owner selected by state writer/lifecycle/call-closure review; path is an inventory locator, not sole evidence.
Terraria.Enums/LiquidPlacement.cs	shared-runtime-mechanism	SharedRuntimeMechanisms	version4-confirmed			Version4:Terraria.Enums/LiquidPlacement.cs	docs/Version4权威游戏模拟子系统全量审查报告-2026-09-05.md#SharedRuntimeMechanisms	Primary owner selected by state writer/lifecycle/call-closure review; path is an inventory locator, not sole evidence.
Terraria.Enums/MoonPhase.cs	shared-runtime-mechanism	SharedRuntimeMechanisms	version4-confirmed			Version4:Terraria.Enums/MoonPhase.cs	docs/Version4权威游戏模拟子系统全量审查报告-2026-09-05.md#SharedRuntimeMechanisms	Primary owner selected by state writer/lifecycle/call-closure review; path is an inventory locator, not sole evidence.
Terraria.Enums/NPCTargetType.cs	shared-runtime-mechanism	SharedRuntimeMechanisms	version4-confirmed			Version4:Terraria.Enums/NPCTargetType.cs	docs/Version4权威游戏模拟子系统全量审查报告-2026-09-05.md#SharedRuntimeMechanisms	Primary owner selected by state writer/lifecycle/call-closure review; path is an inventory locator, not sole evidence.
Terraria.Enums/TileCuttingContext.cs	shared-runtime-mechanism	SharedRuntimeMechanisms	version4-confirmed			Version4:Terraria.Enums/TileCuttingContext.cs	docs/Version4权威游戏模拟子系统全量审查报告-2026-09-05.md#SharedRuntimeMechanisms	Primary owner selected by state writer/lifecycle/call-closure review; path is an inventory locator, not sole evidence.
Terraria.Enums/TileObjectDirection.cs	shared-runtime-mechanism	SharedRuntimeMechanisms	version4-confirmed			Version4:Terraria.Enums/TileObjectDirection.cs	docs/Version4权威游戏模拟子系统全量审查报告-2026-09-05.md#SharedRuntimeMechanisms	Primary owner selected by state writer/lifecycle/call-closure review; path is an inventory locator, not sole evidence.
Terraria.Enums/TileScanGroup.cs	shared-runtime-mechanism	SharedRuntimeMechanisms	version4-confirmed			Version4:Terraria.Enums/TileScanGroup.cs	docs/Version4权威游戏模拟子系统全量审查报告-2026-09-05.md#SharedRuntimeMechanisms	Primary owner selected by state writer/lifecycle/call-closure review; path is an inventory locator, not sole evidence.
Terraria.Enums/TownNPCRoomCheckFailureReason.cs	shared-runtime-mechanism	SharedRuntimeMechanisms	version4-confirmed			Version4:Terraria.Enums/TownNPCRoomCheckFailureReason.cs	docs/Version4权威游戏模拟子系统全量审查报告-2026-09-05.md#SharedRuntimeMechanisms	Primary owner selected by state writer/lifecycle/call-closure review; path is an inventory locator, not sole evidence.
Terraria.Enums/TownNPCSpawnResult.cs	shared-runtime-mechanism	SharedRuntimeMechanisms	version4-confirmed			Version4:Terraria.Enums/TownNPCSpawnResult.cs	docs/Version4权威游戏模拟子系统全量审查报告-2026-09-05.md#SharedRuntimeMechanisms	Primary owner selected by state writer/lifecycle/call-closure review; path is an inventory locator, not sole evidence.
Terraria.GameContent.Achievements/AchievementsHelper.cs	shared-runtime-mechanism	SharedRuntimeMechanisms	version4-confirmed			Version4:Terraria.GameContent.Achievements/AchievementsHelper.cs	docs/Version4权威游戏模拟子系统全量审查报告-2026-09-05.md#SharedRuntimeMechanisms	Primary owner selected by state writer/lifecycle/call-closure review; path is an inventory locator, not sole evidence.
Terraria.GameContent.Achievements/CustomFloatCondition.cs	shared-runtime-mechanism	SharedRuntimeMechanisms	version4-confirmed			Version4:Terraria.GameContent.Achievements/CustomFloatCondition.cs	docs/Version4权威游戏模拟子系统全量审查报告-2026-09-05.md#SharedRuntimeMechanisms	Primary owner selected by state writer/lifecycle/call-closure review; path is an inventory locator, not sole evidence.
Terraria.GameContent.Ambience/AmbienceServer.cs	shared-runtime-mechanism	SharedRuntimeMechanisms	version4-confirmed			Version4:Terraria.GameContent.Ambience/AmbienceServer.cs	docs/Version4权威游戏模拟子系统全量审查报告-2026-09-05.md#SharedRuntimeMechanisms	Primary owner selected by state writer/lifecycle/call-closure review; path is an inventory locator, not sole evidence.
Terraria.GameContent.Ambience/SkyEntityType.cs	shared-runtime-mechanism	SharedRuntimeMechanisms	version4-confirmed			Version4:Terraria.GameContent.Ambience/SkyEntityType.cs	docs/Version4权威游戏模拟子系统全量审查报告-2026-09-05.md#SharedRuntimeMechanisms	Primary owner selected by state writer/lifecycle/call-closure review; path is an inventory locator, not sole evidence.
Terraria.GameContent.Animations/GameAnimationSegment.cs	shared-runtime-mechanism	SharedRuntimeMechanisms	version4-confirmed			Version4:Terraria.GameContent.Animations/GameAnimationSegment.cs	docs/Version4权威游戏模拟子系统全量审查报告-2026-09-05.md#SharedRuntimeMechanisms	Primary owner selected by state writer/lifecycle/call-closure review; path is an inventory locator, not sole evidence.
Terraria.GameContent.Animations/SegmentInforReport.cs	shared-runtime-mechanism	SharedRuntimeMechanisms	version4-confirmed			Version4:Terraria.GameContent.Animations/SegmentInforReport.cs	docs/Version4权威游戏模拟子系统全量审查报告-2026-09-05.md#SharedRuntimeMechanisms	Primary owner selected by state writer/lifecycle/call-closure review; path is an inventory locator, not sole evidence.
Terraria.GameContent.Bestiary/BestiaryDatabase.cs	shared-runtime-mechanism	SharedRuntimeMechanisms	version4-confirmed			Version4:Terraria.GameContent.Bestiary/BestiaryDatabase.cs	docs/Version4权威游戏模拟子系统全量审查报告-2026-09-05.md#SharedRuntimeMechanisms	Primary owner selected by state writer/lifecycle/call-closure review; path is an inventory locator, not sole evidence.
Terraria.GameContent.Bestiary/BestiaryEntry.cs	shared-runtime-mechanism	SharedRuntimeMechanisms	version4-confirmed			Version4:Terraria.GameContent.Bestiary/BestiaryEntry.cs	docs/Version4权威游戏模拟子系统全量审查报告-2026-09-05.md#SharedRuntimeMechanisms	Primary owner selected by state writer/lifecycle/call-closure review; path is an inventory locator, not sole evidence.
Terraria.GameContent.Bestiary/BestiaryEntryUnlockState.cs	shared-runtime-mechanism	SharedRuntimeMechanisms	version4-confirmed			Version4:Terraria.GameContent.Bestiary/BestiaryEntryUnlockState.cs	docs/Version4权威游戏模拟子系统全量审查报告-2026-09-05.md#SharedRuntimeMechanisms	Primary owner selected by state writer/lifecycle/call-closure review; path is an inventory locator, not sole evidence.
Terraria.GameContent.Bestiary/BestiaryUICollectionInfo.cs	shared-runtime-mechanism	SharedRuntimeMechanisms	version4-confirmed			Version4:Terraria.GameContent.Bestiary/BestiaryUICollectionInfo.cs	docs/Version4权威游戏模拟子系统全量审查报告-2026-09-05.md#SharedRuntimeMechanisms	Primary owner selected by state writer/lifecycle/call-closure review; path is an inventory locator, not sole evidence.
Terraria.GameContent.Bestiary/BestiaryUnlockProgressReport.cs	shared-runtime-mechanism	SharedRuntimeMechanisms	version4-confirmed			Version4:Terraria.GameContent.Bestiary/BestiaryUnlockProgressReport.cs	docs/Version4权威游戏模拟子系统全量审查报告-2026-09-05.md#SharedRuntimeMechanisms	Primary owner selected by state writer/lifecycle/call-closure review; path is an inventory locator, not sole evidence.
Terraria.GameContent.Bestiary/BestiaryUnlocksTracker.cs	shared-runtime-mechanism	SharedRuntimeMechanisms	version4-confirmed			Version4:Terraria.GameContent.Bestiary/BestiaryUnlocksTracker.cs	docs/Version4权威游戏模拟子系统全量审查报告-2026-09-05.md#SharedRuntimeMechanisms	Primary owner selected by state writer/lifecycle/call-closure review; path is an inventory locator, not sole evidence.
Terraria.GameContent.Bestiary/BossBestiaryInfoElement.cs	shared-runtime-mechanism	SharedRuntimeMechanisms	version4-confirmed			Version4:Terraria.GameContent.Bestiary/BossBestiaryInfoElement.cs	docs/Version4权威游戏模拟子系统全量审查报告-2026-09-05.md#SharedRuntimeMechanisms	Primary owner selected by state writer/lifecycle/call-closure review; path is an inventory locator, not sole evidence.
Terraria.GameContent.Bestiary/CommonEnemyUICollectionInfoProvider.cs	shared-runtime-mechanism	SharedRuntimeMechanisms	version4-confirmed			Version4:Terraria.GameContent.Bestiary/CommonEnemyUICollectionInfoProvider.cs	docs/Version4权威游戏模拟子系统全量审查报告-2026-09-05.md#SharedRuntimeMechanisms	Primary owner selected by state writer/lifecycle/call-closure review; path is an inventory locator, not sole evidence.
Terraria.GameContent.Bestiary/CritterUICollectionInfoProvider.cs	shared-runtime-mechanism	SharedRuntimeMechanisms	version4-confirmed			Version4:Terraria.GameContent.Bestiary/CritterUICollectionInfoProvider.cs	docs/Version4权威游戏模拟子系统全量审查报告-2026-09-05.md#SharedRuntimeMechanisms	Primary owner selected by state writer/lifecycle/call-closure review; path is an inventory locator, not sole evidence.
Terraria.GameContent.Bestiary/Filters.cs	shared-runtime-mechanism	SharedRuntimeMechanisms	version4-confirmed			Version4:Terraria.GameContent.Bestiary/Filters.cs	docs/Version4权威游戏模拟子系统全量审查报告-2026-09-05.md#SharedRuntimeMechanisms	Primary owner selected by state writer/lifecycle/call-closure review; path is an inventory locator, not sole evidence.
Terraria.GameContent.Bestiary/FlavorTextBestiaryInfoElement.cs	shared-runtime-mechanism	SharedRuntimeMechanisms	version4-confirmed			Version4:Terraria.GameContent.Bestiary/FlavorTextBestiaryInfoElement.cs	docs/Version4权威游戏模拟子系统全量审查报告-2026-09-05.md#SharedRuntimeMechanisms	Primary owner selected by state writer/lifecycle/call-closure review; path is an inventory locator, not sole evidence.
Terraria.GameContent.Bestiary/IBestiaryBackgroundImagePathAndColorProvider.cs	shared-runtime-mechanism	SharedRuntimeMechanisms	version4-confirmed			Version4:Terraria.GameContent.Bestiary/IBestiaryBackgroundImagePathAndColorProvider.cs	docs/Version4权威游戏模拟子系统全量审查报告-2026-09-05.md#SharedRuntimeMechanisms	Primary owner selected by state writer/lifecycle/call-closure review; path is an inventory locator, not sole evidence.
Terraria.GameContent.Bestiary/IBestiaryEntryDisplayIndex.cs	shared-runtime-mechanism	SharedRuntimeMechanisms	version4-confirmed			Version4:Terraria.GameContent.Bestiary/IBestiaryEntryDisplayIndex.cs	docs/Version4权威游戏模拟子系统全量审查报告-2026-09-05.md#SharedRuntimeMechanisms	Primary owner selected by state writer/lifecycle/call-closure review; path is an inventory locator, not sole evidence.
Terraria.GameContent.Bestiary/IBestiaryEntryFilter.cs	shared-runtime-mechanism	SharedRuntimeMechanisms	version4-confirmed			Version4:Terraria.GameContent.Bestiary/IBestiaryEntryFilter.cs	docs/Version4权威游戏模拟子系统全量审查报告-2026-09-05.md#SharedRuntimeMechanisms	Primary owner selected by state writer/lifecycle/call-closure review; path is an inventory locator, not sole evidence.
Terraria.GameContent.Bestiary/IBestiaryInfoElement.cs	shared-runtime-mechanism	SharedRuntimeMechanisms	version4-confirmed			Version4:Terraria.GameContent.Bestiary/IBestiaryInfoElement.cs	docs/Version4权威游戏模拟子系统全量审查报告-2026-09-05.md#SharedRuntimeMechanisms	Primary owner selected by state writer/lifecycle/call-closure review; path is an inventory locator, not sole evidence.
Terraria.GameContent.Bestiary/IBestiarySortStep.cs	shared-runtime-mechanism	SharedRuntimeMechanisms	version4-confirmed			Version4:Terraria.GameContent.Bestiary/IBestiarySortStep.cs	docs/Version4权威游戏模拟子系统全量审查报告-2026-09-05.md#SharedRuntimeMechanisms	Primary owner selected by state writer/lifecycle/call-closure review; path is an inventory locator, not sole evidence.
Terraria.GameContent.Bestiary/IBestiaryUICollectionInfoProvider.cs	shared-runtime-mechanism	SharedRuntimeMechanisms	version4-confirmed			Version4:Terraria.GameContent.Bestiary/IBestiaryUICollectionInfoProvider.cs	docs/Version4权威游戏模拟子系统全量审查报告-2026-09-05.md#SharedRuntimeMechanisms	Primary owner selected by state writer/lifecycle/call-closure review; path is an inventory locator, not sole evidence.
Terraria.GameContent.Bestiary/IItemBestiaryInfoElement.cs	shared-runtime-mechanism	SharedRuntimeMechanisms	version4-confirmed			Version4:Terraria.GameContent.Bestiary/IItemBestiaryInfoElement.cs	docs/Version4权威游戏模拟子系统全量审查报告-2026-09-05.md#SharedRuntimeMechanisms	Primary owner selected by state writer/lifecycle/call-closure review; path is an inventory locator, not sole evidence.
Terraria.GameContent.Bestiary/IPreferenceProviderElement.cs	shared-runtime-mechanism	SharedRuntimeMechanisms	version4-confirmed			Version4:Terraria.GameContent.Bestiary/IPreferenceProviderElement.cs	docs/Version4权威游戏模拟子系统全量审查报告-2026-09-05.md#SharedRuntimeMechanisms	Primary owner selected by state writer/lifecycle/call-closure review; path is an inventory locator, not sole evidence.
Terraria.GameContent.Bestiary/IProvideSearchFilterString.cs	shared-runtime-mechanism	SharedRuntimeMechanisms	version4-confirmed			Version4:Terraria.GameContent.Bestiary/IProvideSearchFilterString.cs	docs/Version4权威游戏模拟子系统全量审查报告-2026-09-05.md#SharedRuntimeMechanisms	Primary owner selected by state writer/lifecycle/call-closure review; path is an inventory locator, not sole evidence.
Terraria.GameContent.Bestiary/ItemDropBestiaryInfoElement.cs	shared-runtime-mechanism	SharedRuntimeMechanisms	version4-confirmed			Version4:Terraria.GameContent.Bestiary/ItemDropBestiaryInfoElement.cs	docs/Version4权威游戏模拟子系统全量审查报告-2026-09-05.md#SharedRuntimeMechanisms	Primary owner selected by state writer/lifecycle/call-closure review; path is an inventory locator, not sole evidence.
Terraria.GameContent.Bestiary/IUpdateBeforeSorting.cs	shared-runtime-mechanism	SharedRuntimeMechanisms	version4-confirmed			Version4:Terraria.GameContent.Bestiary/IUpdateBeforeSorting.cs	docs/Version4权威游戏模拟子系统全量审查报告-2026-09-05.md#SharedRuntimeMechanisms	Primary owner selected by state writer/lifecycle/call-closure review; path is an inventory locator, not sole evidence.
Terraria.GameContent.Bestiary/NamePlateInfoElement.cs	shared-runtime-mechanism	SharedRuntimeMechanisms	version4-confirmed			Version4:Terraria.GameContent.Bestiary/NamePlateInfoElement.cs	docs/Version4权威游戏模拟子系统全量审查报告-2026-09-05.md#SharedRuntimeMechanisms	Primary owner selected by state writer/lifecycle/call-closure review; path is an inventory locator, not sole evidence.
Terraria.GameContent.Bestiary/NPCKillCounterInfoElement.cs	shared-runtime-mechanism	SharedRuntimeMechanisms	version4-confirmed			Version4:Terraria.GameContent.Bestiary/NPCKillCounterInfoElement.cs	docs/Version4权威游戏模拟子系统全量审查报告-2026-09-05.md#SharedRuntimeMechanisms	Primary owner selected by state writer/lifecycle/call-closure review; path is an inventory locator, not sole evidence.
Terraria.GameContent.Bestiary/NPCKillsTracker.cs	shared-runtime-mechanism	SharedRuntimeMechanisms	version4-confirmed			Version4:Terraria.GameContent.Bestiary/NPCKillsTracker.cs	docs/Version4权威游戏模拟子系统全量审查报告-2026-09-05.md#SharedRuntimeMechanisms	Primary owner selected by state writer/lifecycle/call-closure review; path is an inventory locator, not sole evidence.
Terraria.GameContent.Bestiary/NPCNetIdBestiaryInfoElement.cs	shared-runtime-mechanism	SharedRuntimeMechanisms	version4-confirmed			Version4:Terraria.GameContent.Bestiary/NPCNetIdBestiaryInfoElement.cs	docs/Version4权威游戏模拟子系统全量审查报告-2026-09-05.md#SharedRuntimeMechanisms	Primary owner selected by state writer/lifecycle/call-closure review; path is an inventory locator, not sole evidence.
Terraria.GameContent.Bestiary/NPCPortraitInfoElement.cs	shared-runtime-mechanism	SharedRuntimeMechanisms	version4-confirmed			Version4:Terraria.GameContent.Bestiary/NPCPortraitInfoElement.cs	docs/Version4权威游戏模拟子系统全量审查报告-2026-09-05.md#SharedRuntimeMechanisms	Primary owner selected by state writer/lifecycle/call-closure review; path is an inventory locator, not sole evidence.
Terraria.GameContent.Bestiary/NPCStatsReportInfoElement.cs	shared-runtime-mechanism	SharedRuntimeMechanisms	version4-confirmed			Version4:Terraria.GameContent.Bestiary/NPCStatsReportInfoElement.cs	docs/Version4权威游戏模拟子系统全量审查报告-2026-09-05.md#SharedRuntimeMechanisms	Primary owner selected by state writer/lifecycle/call-closure review; path is an inventory locator, not sole evidence.
Terraria.GameContent.Bestiary/NPCWasChatWithTracker.cs	shared-runtime-mechanism	SharedRuntimeMechanisms	version4-confirmed			Version4:Terraria.GameContent.Bestiary/NPCWasChatWithTracker.cs	docs/Version4权威游戏模拟子系统全量审查报告-2026-09-05.md#SharedRuntimeMechanisms	Primary owner selected by state writer/lifecycle/call-closure review; path is an inventory locator, not sole evidence.
Terraria.GameContent.Bestiary/NPCWasNearPlayerTracker.cs	shared-runtime-mechanism	SharedRuntimeMechanisms	version4-confirmed			Version4:Terraria.GameContent.Bestiary/NPCWasNearPlayerTracker.cs	docs/Version4权威游戏模拟子系统全量审查报告-2026-09-05.md#SharedRuntimeMechanisms	Primary owner selected by state writer/lifecycle/call-closure review; path is an inventory locator, not sole evidence.
Terraria.GameContent.Bestiary/RareSpawnBestiaryInfoElement.cs	shared-runtime-mechanism	SharedRuntimeMechanisms	version4-confirmed			Version4:Terraria.GameContent.Bestiary/RareSpawnBestiaryInfoElement.cs	docs/Version4权威游戏模拟子系统全量审查报告-2026-09-05.md#SharedRuntimeMechanisms	Primary owner selected by state writer/lifecycle/call-closure review; path is an inventory locator, not sole evidence.
Terraria.GameContent.Bestiary/SortingSteps.cs	shared-runtime-mechanism	SharedRuntimeMechanisms	version4-confirmed			Version4:Terraria.GameContent.Bestiary/SortingSteps.cs	docs/Version4权威游戏模拟子系统全量审查报告-2026-09-05.md#SharedRuntimeMechanisms	Primary owner selected by state writer/lifecycle/call-closure review; path is an inventory locator, not sole evidence.
Terraria.GameContent.Bestiary/TownNPCUICollectionInfoProvider.cs	shared-runtime-mechanism	SharedRuntimeMechanisms	version4-confirmed			Version4:Terraria.GameContent.Bestiary/TownNPCUICollectionInfoProvider.cs	docs/Version4权威游戏模拟子系统全量审查报告-2026-09-05.md#SharedRuntimeMechanisms	Primary owner selected by state writer/lifecycle/call-closure review; path is an inventory locator, not sole evidence.
Terraria.GameContent.Biomes.CaveHouse/HouseBuilderContext.cs	shared-runtime-mechanism	SharedRuntimeMechanisms	version4-confirmed			Version4:Terraria.GameContent.Biomes.CaveHouse/HouseBuilderContext.cs	docs/Version4权威游戏模拟子系统全量审查报告-2026-09-05.md#SharedRuntimeMechanisms	Primary owner selected by state writer/lifecycle/call-closure review; path is an inventory locator, not sole evidence.
Terraria.GameContent.Biomes.CaveHouse/HouseUtils.cs	shared-runtime-mechanism	SharedRuntimeMechanisms	version4-confirmed			Version4:Terraria.GameContent.Biomes.CaveHouse/HouseUtils.cs	docs/Version4权威游戏模拟子系统全量审查报告-2026-09-05.md#SharedRuntimeMechanisms	Primary owner selected by state writer/lifecycle/call-closure review; path is an inventory locator, not sole evidence.
Terraria.GameContent.Biomes.Desert/AnthillEntrance.cs	shared-runtime-mechanism	SharedRuntimeMechanisms	version4-confirmed			Version4:Terraria.GameContent.Biomes.Desert/AnthillEntrance.cs	docs/Version4权威游戏模拟子系统全量审查报告-2026-09-05.md#SharedRuntimeMechanisms	Primary owner selected by state writer/lifecycle/call-closure review; path is an inventory locator, not sole evidence.
Terraria.GameContent.Biomes.Desert/ChambersEntrance.cs	shared-runtime-mechanism	SharedRuntimeMechanisms	version4-confirmed			Version4:Terraria.GameContent.Biomes.Desert/ChambersEntrance.cs	docs/Version4权威游戏模拟子系统全量审查报告-2026-09-05.md#SharedRuntimeMechanisms	Primary owner selected by state writer/lifecycle/call-closure review; path is an inventory locator, not sole evidence.
Terraria.GameContent.Biomes.Desert/DesertHive.cs	shared-runtime-mechanism	SharedRuntimeMechanisms	version4-confirmed			Version4:Terraria.GameContent.Biomes.Desert/DesertHive.cs	docs/Version4权威游戏模拟子系统全量审查报告-2026-09-05.md#SharedRuntimeMechanisms	Primary owner selected by state writer/lifecycle/call-closure review; path is an inventory locator, not sole evidence.
Terraria.GameContent.Biomes.Desert/LarvaHoleEntrance.cs	shared-runtime-mechanism	SharedRuntimeMechanisms	version4-confirmed			Version4:Terraria.GameContent.Biomes.Desert/LarvaHoleEntrance.cs	docs/Version4权威游戏模拟子系统全量审查报告-2026-09-05.md#SharedRuntimeMechanisms	Primary owner selected by state writer/lifecycle/call-closure review; path is an inventory locator, not sole evidence.
Terraria.GameContent.Biomes.Desert/PitEntrance.cs	shared-runtime-mechanism	SharedRuntimeMechanisms	version4-confirmed			Version4:Terraria.GameContent.Biomes.Desert/PitEntrance.cs	docs/Version4权威游戏模拟子系统全量审查报告-2026-09-05.md#SharedRuntimeMechanisms	Primary owner selected by state writer/lifecycle/call-closure review; path is an inventory locator, not sole evidence.
Terraria.GameContent.Biomes.Desert/SandMound.cs	shared-runtime-mechanism	SharedRuntimeMechanisms	version4-confirmed			Version4:Terraria.GameContent.Biomes.Desert/SandMound.cs	docs/Version4权威游戏模拟子系统全量审查报告-2026-09-05.md#SharedRuntimeMechanisms	Primary owner selected by state writer/lifecycle/call-closure review; path is an inventory locator, not sole evidence.
Terraria.GameContent.Biomes/CampsiteBiome.cs	shared-runtime-mechanism	SharedRuntimeMechanisms	version4-confirmed			Version4:Terraria.GameContent.Biomes/CampsiteBiome.cs	docs/Version4权威游戏模拟子系统全量审查报告-2026-09-05.md#SharedRuntimeMechanisms	Primary owner selected by state writer/lifecycle/call-closure review; path is an inventory locator, not sole evidence.
Terraria.GameContent.Biomes/CaveHouseBiome.cs	shared-runtime-mechanism	SharedRuntimeMechanisms	version4-confirmed			Version4:Terraria.GameContent.Biomes/CaveHouseBiome.cs	docs/Version4权威游戏模拟子系统全量审查报告-2026-09-05.md#SharedRuntimeMechanisms	Primary owner selected by state writer/lifecycle/call-closure review; path is an inventory locator, not sole evidence.
Terraria.GameContent.Biomes/DeadMansChestBiome.cs	shared-runtime-mechanism	SharedRuntimeMechanisms	version4-confirmed			Version4:Terraria.GameContent.Biomes/DeadMansChestBiome.cs	docs/Version4权威游戏模拟子系统全量审查报告-2026-09-05.md#SharedRuntimeMechanisms	Primary owner selected by state writer/lifecycle/call-closure review; path is an inventory locator, not sole evidence.
Terraria.GameContent.Biomes/DesertBiome.cs	shared-runtime-mechanism	SharedRuntimeMechanisms	version4-confirmed			Version4:Terraria.GameContent.Biomes/DesertBiome.cs	docs/Version4权威游戏模拟子系统全量审查报告-2026-09-05.md#SharedRuntimeMechanisms	Primary owner selected by state writer/lifecycle/call-closure review; path is an inventory locator, not sole evidence.
Terraria.GameContent.Biomes/DitherSnake.cs	shared-runtime-mechanism	SharedRuntimeMechanisms	version4-confirmed			Version4:Terraria.GameContent.Biomes/DitherSnake.cs	docs/Version4权威游戏模拟子系统全量审查报告-2026-09-05.md#SharedRuntimeMechanisms	Primary owner selected by state writer/lifecycle/call-closure review; path is an inventory locator, not sole evidence.
Terraria.GameContent.Biomes/DitherSnakePass.cs	shared-runtime-mechanism	SharedRuntimeMechanisms	version4-confirmed			Version4:Terraria.GameContent.Biomes/DitherSnakePass.cs	docs/Version4权威游戏模拟子系统全量审查报告-2026-09-05.md#SharedRuntimeMechanisms	Primary owner selected by state writer/lifecycle/call-closure review; path is an inventory locator, not sole evidence.
Terraria.GameContent.Biomes/DunesBiome.cs	shared-runtime-mechanism	SharedRuntimeMechanisms	version4-confirmed			Version4:Terraria.GameContent.Biomes/DunesBiome.cs	docs/Version4权威游戏模拟子系统全量审查报告-2026-09-05.md#SharedRuntimeMechanisms	Primary owner selected by state writer/lifecycle/call-closure review; path is an inventory locator, not sole evidence.
Terraria.GameContent.Biomes/DungeonControlLine.cs	shared-runtime-mechanism	SharedRuntimeMechanisms	version4-confirmed			Version4:Terraria.GameContent.Biomes/DungeonControlLine.cs	docs/Version4权威游戏模拟子系统全量审查报告-2026-09-05.md#SharedRuntimeMechanisms	Primary owner selected by state writer/lifecycle/call-closure review; path is an inventory locator, not sole evidence.
Terraria.GameContent.Biomes/EnchantedSwordBiome.cs	shared-runtime-mechanism	SharedRuntimeMechanisms	version4-confirmed			Version4:Terraria.GameContent.Biomes/EnchantedSwordBiome.cs	docs/Version4权威游戏模拟子系统全量审查报告-2026-09-05.md#SharedRuntimeMechanisms	Primary owner selected by state writer/lifecycle/call-closure review; path is an inventory locator, not sole evidence.
Terraria.GameContent.Biomes/GraniteBiome.cs	shared-runtime-mechanism	SharedRuntimeMechanisms	version4-confirmed			Version4:Terraria.GameContent.Biomes/GraniteBiome.cs	docs/Version4权威游戏模拟子系统全量审查报告-2026-09-05.md#SharedRuntimeMechanisms	Primary owner selected by state writer/lifecycle/call-closure review; path is an inventory locator, not sole evidence.
Terraria.GameContent.Biomes/HiveBiome.cs	shared-runtime-mechanism	SharedRuntimeMechanisms	version4-confirmed			Version4:Terraria.GameContent.Biomes/HiveBiome.cs	docs/Version4权威游戏模拟子系统全量审查报告-2026-09-05.md#SharedRuntimeMechanisms	Primary owner selected by state writer/lifecycle/call-closure review; path is an inventory locator, not sole evidence.
Terraria.GameContent.Biomes/HoneyPatchBiome.cs	shared-runtime-mechanism	SharedRuntimeMechanisms	version4-confirmed			Version4:Terraria.GameContent.Biomes/HoneyPatchBiome.cs	docs/Version4权威游戏模拟子系统全量审查报告-2026-09-05.md#SharedRuntimeMechanisms	Primary owner selected by state writer/lifecycle/call-closure review; path is an inventory locator, not sole evidence.
Terraria.GameContent.Biomes/JunglePass.cs	shared-runtime-mechanism	SharedRuntimeMechanisms	version4-confirmed			Version4:Terraria.GameContent.Biomes/JunglePass.cs	docs/Version4权威游戏模拟子系统全量审查报告-2026-09-05.md#SharedRuntimeMechanisms	Primary owner selected by state writer/lifecycle/call-closure review; path is an inventory locator, not sole evidence.
Terraria.GameContent.Biomes/MahoganyTreeBiome.cs	shared-runtime-mechanism	SharedRuntimeMechanisms	version4-confirmed			Version4:Terraria.GameContent.Biomes/MahoganyTreeBiome.cs	docs/Version4权威游戏模拟子系统全量审查报告-2026-09-05.md#SharedRuntimeMechanisms	Primary owner selected by state writer/lifecycle/call-closure review; path is an inventory locator, not sole evidence.
Terraria.GameContent.Biomes/MarbleBiome.cs	shared-runtime-mechanism	SharedRuntimeMechanisms	version4-confirmed			Version4:Terraria.GameContent.Biomes/MarbleBiome.cs	docs/Version4权威游戏模拟子系统全量审查报告-2026-09-05.md#SharedRuntimeMechanisms	Primary owner selected by state writer/lifecycle/call-closure review; path is an inventory locator, not sole evidence.
Terraria.GameContent.Biomes/MiningExplosivesBiome.cs	shared-runtime-mechanism	SharedRuntimeMechanisms	version4-confirmed			Version4:Terraria.GameContent.Biomes/MiningExplosivesBiome.cs	docs/Version4权威游戏模拟子系统全量审查报告-2026-09-05.md#SharedRuntimeMechanisms	Primary owner selected by state writer/lifecycle/call-closure review; path is an inventory locator, not sole evidence.
Terraria.GameContent.Biomes/TerrainPass.cs	shared-runtime-mechanism	SharedRuntimeMechanisms	version4-confirmed			Version4:Terraria.GameContent.Biomes/TerrainPass.cs	docs/Version4权威游戏模拟子系统全量审查报告-2026-09-05.md#SharedRuntimeMechanisms	Primary owner selected by state writer/lifecycle/call-closure review; path is an inventory locator, not sole evidence.
Terraria.GameContent.Biomes/ThinIceBiome.cs	shared-runtime-mechanism	SharedRuntimeMechanisms	version4-confirmed			Version4:Terraria.GameContent.Biomes/ThinIceBiome.cs	docs/Version4权威游戏模拟子系统全量审查报告-2026-09-05.md#SharedRuntimeMechanisms	Primary owner selected by state writer/lifecycle/call-closure review; path is an inventory locator, not sole evidence.
Terraria.GameContent.Creative/CreativeItemSacrificesCatalog.cs	shared-runtime-mechanism	SharedRuntimeMechanisms	version4-confirmed			Version4:Terraria.GameContent.Creative/CreativeItemSacrificesCatalog.cs	docs/Version4权威游戏模拟子系统全量审查报告-2026-09-05.md#SharedRuntimeMechanisms	Primary owner selected by state writer/lifecycle/call-closure review; path is an inventory locator, not sole evidence.
Terraria.GameContent.Creative/CreativePowerManager.cs	shared-runtime-mechanism	SharedRuntimeMechanisms	version4-confirmed			Version4:Terraria.GameContent.Creative/CreativePowerManager.cs	docs/Version4权威游戏模拟子系统全量审查报告-2026-09-05.md#SharedRuntimeMechanisms	Primary owner selected by state writer/lifecycle/call-closure review; path is an inventory locator, not sole evidence.
Terraria.GameContent.Creative/CreativePowers.cs	shared-runtime-mechanism	SharedRuntimeMechanisms	version4-confirmed			Version4:Terraria.GameContent.Creative/CreativePowers.cs	docs/Version4权威游戏模拟子系统全量审查报告-2026-09-05.md#SharedRuntimeMechanisms	Primary owner selected by state writer/lifecycle/call-closure review; path is an inventory locator, not sole evidence.
Terraria.GameContent.Creative/CreativePowersHelper.cs	shared-runtime-mechanism	SharedRuntimeMechanisms	version4-confirmed			Version4:Terraria.GameContent.Creative/CreativePowersHelper.cs	docs/Version4权威游戏模拟子系统全量审查报告-2026-09-05.md#SharedRuntimeMechanisms	Primary owner selected by state writer/lifecycle/call-closure review; path is an inventory locator, not sole evidence.
Terraria.GameContent.Creative/CreativePowerUIElementRequestInfo.cs	shared-runtime-mechanism	SharedRuntimeMechanisms	version4-confirmed			Version4:Terraria.GameContent.Creative/CreativePowerUIElementRequestInfo.cs	docs/Version4权威游戏模拟子系统全量审查报告-2026-09-05.md#SharedRuntimeMechanisms	Primary owner selected by state writer/lifecycle/call-closure review; path is an inventory locator, not sole evidence.
Terraria.GameContent.Creative/CreativeUnlocksTracker.cs	shared-runtime-mechanism	SharedRuntimeMechanisms	version4-confirmed			Version4:Terraria.GameContent.Creative/CreativeUnlocksTracker.cs	docs/Version4权威游戏模拟子系统全量审查报告-2026-09-05.md#SharedRuntimeMechanisms	Primary owner selected by state writer/lifecycle/call-closure review; path is an inventory locator, not sole evidence.
Terraria.GameContent.Creative/ICreativeItemSortStep.cs	shared-runtime-mechanism	SharedRuntimeMechanisms	version4-confirmed			Version4:Terraria.GameContent.Creative/ICreativeItemSortStep.cs	docs/Version4权威游戏模拟子系统全量审查报告-2026-09-05.md#SharedRuntimeMechanisms	Primary owner selected by state writer/lifecycle/call-closure review; path is an inventory locator, not sole evidence.
Terraria.GameContent.Creative/ICreativePower.cs	shared-runtime-mechanism	SharedRuntimeMechanisms	version4-confirmed			Version4:Terraria.GameContent.Creative/ICreativePower.cs	docs/Version4权威游戏模拟子系统全量审查报告-2026-09-05.md#SharedRuntimeMechanisms	Primary owner selected by state writer/lifecycle/call-closure review; path is an inventory locator, not sole evidence.
Terraria.GameContent.Creative/IItemEntryFilter.cs	shared-runtime-mechanism	SharedRuntimeMechanisms	version4-confirmed			Version4:Terraria.GameContent.Creative/IItemEntryFilter.cs	docs/Version4权威游戏模拟子系统全量审查报告-2026-09-05.md#SharedRuntimeMechanisms	Primary owner selected by state writer/lifecycle/call-closure review; path is an inventory locator, not sole evidence.
Terraria.GameContent.Creative/IPowerSubcategoryElement.cs	shared-runtime-mechanism	SharedRuntimeMechanisms	version4-confirmed			Version4:Terraria.GameContent.Creative/IPowerSubcategoryElement.cs	docs/Version4权威游戏模拟子系统全量审查报告-2026-09-05.md#SharedRuntimeMechanisms	Primary owner selected by state writer/lifecycle/call-closure review; path is an inventory locator, not sole evidence.
Terraria.GameContent.Creative/IProvideSliderElement.cs	shared-runtime-mechanism	SharedRuntimeMechanisms	version4-confirmed			Version4:Terraria.GameContent.Creative/IProvideSliderElement.cs	docs/Version4权威游戏模拟子系统全量审查报告-2026-09-05.md#SharedRuntimeMechanisms	Primary owner selected by state writer/lifecycle/call-closure review; path is an inventory locator, not sole evidence.
Terraria.GameContent.Creative/ItemFilters.cs	shared-runtime-mechanism	SharedRuntimeMechanisms	version4-confirmed			Version4:Terraria.GameContent.Creative/ItemFilters.cs	docs/Version4权威游戏模拟子系统全量审查报告-2026-09-05.md#SharedRuntimeMechanisms	Primary owner selected by state writer/lifecycle/call-closure review; path is an inventory locator, not sole evidence.
Terraria.GameContent.Creative/ItemsSacrificedUnlocksTracker.cs	shared-runtime-mechanism	SharedRuntimeMechanisms	version4-confirmed			Version4:Terraria.GameContent.Creative/ItemsSacrificedUnlocksTracker.cs	docs/Version4权威游戏模拟子系统全量审查报告-2026-09-05.md#SharedRuntimeMechanisms	Primary owner selected by state writer/lifecycle/call-closure review; path is an inventory locator, not sole evidence.
Terraria.GameContent.Creative/PowerPermissionLevel.cs	shared-runtime-mechanism	SharedRuntimeMechanisms	version4-confirmed			Version4:Terraria.GameContent.Creative/PowerPermissionLevel.cs	docs/Version4权威游戏模拟子系统全量审查报告-2026-09-05.md#SharedRuntimeMechanisms	Primary owner selected by state writer/lifecycle/call-closure review; path is an inventory locator, not sole evidence.
Terraria.GameContent.Creative/SortingSteps.cs	shared-runtime-mechanism	SharedRuntimeMechanisms	version4-confirmed			Version4:Terraria.GameContent.Creative/SortingSteps.cs	docs/Version4权威游戏模拟子系统全量审查报告-2026-09-05.md#SharedRuntimeMechanisms	Primary owner selected by state writer/lifecycle/call-closure review; path is an inventory locator, not sole evidence.
Terraria.GameContent.Drawing/BackgroundArrayGetterMethod.cs	shared-runtime-mechanism	SharedRuntimeMechanisms	version4-confirmed			Version4:Terraria.GameContent.Drawing/BackgroundArrayGetterMethod.cs	docs/Version4权威游戏模拟子系统全量审查报告-2026-09-05.md#SharedRuntimeMechanisms	Primary owner selected by state writer/lifecycle/call-closure review; path is an inventory locator, not sole evidence.
Terraria.GameContent.Drawing/GetBackgroundDrawWeightMethod.cs	shared-runtime-mechanism	SharedRuntimeMechanisms	version4-confirmed			Version4:Terraria.GameContent.Drawing/GetBackgroundDrawWeightMethod.cs	docs/Version4权威游戏模拟子系统全量审查报告-2026-09-05.md#SharedRuntimeMechanisms	Primary owner selected by state writer/lifecycle/call-closure review; path is an inventory locator, not sole evidence.
Terraria.GameContent.Drawing/HorizonHelper.cs	shared-runtime-mechanism	SharedRuntimeMechanisms	version4-confirmed			Version4:Terraria.GameContent.Drawing/HorizonHelper.cs	docs/Version4权威游戏模拟子系统全量审查报告-2026-09-05.md#SharedRuntimeMechanisms	Primary owner selected by state writer/lifecycle/call-closure review; path is an inventory locator, not sole evidence.
Terraria.GameContent.Drawing/IHorizonRenderer.cs	shared-runtime-mechanism	SharedRuntimeMechanisms	version4-confirmed			Version4:Terraria.GameContent.Drawing/IHorizonRenderer.cs	docs/Version4权威游戏模拟子系统全量审查报告-2026-09-05.md#SharedRuntimeMechanisms	Primary owner selected by state writer/lifecycle/call-closure review; path is an inventory locator, not sole evidence.
Terraria.GameContent.Drawing/NextHorizonRenderer.cs	shared-runtime-mechanism	SharedRuntimeMechanisms	version4-confirmed			Version4:Terraria.GameContent.Drawing/NextHorizonRenderer.cs	docs/Version4权威游戏模拟子系统全量审查报告-2026-09-05.md#SharedRuntimeMechanisms	Primary owner selected by state writer/lifecycle/call-closure review; path is an inventory locator, not sole evidence.
Terraria.GameContent.Drawing/ParticleOrchestraSettings.cs	shared-runtime-mechanism	SharedRuntimeMechanisms	version4-confirmed			Version4:Terraria.GameContent.Drawing/ParticleOrchestraSettings.cs	docs/Version4权威游戏模拟子系统全量审查报告-2026-09-05.md#SharedRuntimeMechanisms	Primary owner selected by state writer/lifecycle/call-closure review; path is an inventory locator, not sole evidence.
Terraria.GameContent.Drawing/ParticleOrchestrator.cs	shared-runtime-mechanism	SharedRuntimeMechanisms	version4-confirmed			Version4:Terraria.GameContent.Drawing/ParticleOrchestrator.cs	docs/Version4权威游戏模拟子系统全量审查报告-2026-09-05.md#SharedRuntimeMechanisms	Primary owner selected by state writer/lifecycle/call-closure review; path is an inventory locator, not sole evidence.
Terraria.GameContent.Drawing/ParticleOrchestraType.cs	shared-runtime-mechanism	SharedRuntimeMechanisms	version4-confirmed			Version4:Terraria.GameContent.Drawing/ParticleOrchestraType.cs	docs/Version4权威游戏模拟子系统全量审查报告-2026-09-05.md#SharedRuntimeMechanisms	Primary owner selected by state writer/lifecycle/call-closure review; path is an inventory locator, not sole evidence.
Terraria.GameContent.Drawing/SideFlags.cs	shared-runtime-mechanism	SharedRuntimeMechanisms	version4-confirmed			Version4:Terraria.GameContent.Drawing/SideFlags.cs	docs/Version4权威游戏模拟子系统全量审查报告-2026-09-05.md#SharedRuntimeMechanisms	Primary owner selected by state writer/lifecycle/call-closure review; path is an inventory locator, not sole evidence.
Terraria.GameContent.Drawing/TileDrawingBase.cs	shared-runtime-mechanism	SharedRuntimeMechanisms	version4-confirmed			Version4:Terraria.GameContent.Drawing/TileDrawingBase.cs	docs/Version4权威游戏模拟子系统全量审查报告-2026-09-05.md#SharedRuntimeMechanisms	Primary owner selected by state writer/lifecycle/call-closure review; path is an inventory locator, not sole evidence.
Terraria.GameContent.Dyes/LegacyHairShaderData.cs	shared-runtime-mechanism	SharedRuntimeMechanisms	version4-confirmed			Version4:Terraria.GameContent.Dyes/LegacyHairShaderData.cs	docs/Version4权威游戏模拟子系统全量审查报告-2026-09-05.md#SharedRuntimeMechanisms	Primary owner selected by state writer/lifecycle/call-closure review; path is an inventory locator, not sole evidence.
Terraria.GameContent.Dyes/ReflectiveArmorShaderData.cs	shared-runtime-mechanism	SharedRuntimeMechanisms	version4-confirmed			Version4:Terraria.GameContent.Dyes/ReflectiveArmorShaderData.cs	docs/Version4权威游戏模拟子系统全量审查报告-2026-09-05.md#SharedRuntimeMechanisms	Primary owner selected by state writer/lifecycle/call-closure review; path is an inventory locator, not sole evidence.
Terraria.GameContent.Dyes/TeamArmorShaderData.cs	shared-runtime-mechanism	SharedRuntimeMechanisms	version4-confirmed			Version4:Terraria.GameContent.Dyes/TeamArmorShaderData.cs	docs/Version4权威游戏模拟子系统全量审查报告-2026-09-05.md#SharedRuntimeMechanisms	Primary owner selected by state writer/lifecycle/call-closure review; path is an inventory locator, not sole evidence.
Terraria.GameContent.Dyes/TwilightDyeShaderData.cs	shared-runtime-mechanism	SharedRuntimeMechanisms	version4-confirmed			Version4:Terraria.GameContent.Dyes/TwilightDyeShaderData.cs	docs/Version4权威游戏模拟子系统全量审查报告-2026-09-05.md#SharedRuntimeMechanisms	Primary owner selected by state writer/lifecycle/call-closure review; path is an inventory locator, not sole evidence.
Terraria.GameContent.Dyes/TwilightHairDyeShaderData.cs	shared-runtime-mechanism	SharedRuntimeMechanisms	version4-confirmed			Version4:Terraria.GameContent.Dyes/TwilightHairDyeShaderData.cs	docs/Version4权威游戏模拟子系统全量审查报告-2026-09-05.md#SharedRuntimeMechanisms	Primary owner selected by state writer/lifecycle/call-closure review; path is an inventory locator, not sole evidence.
Terraria.GameContent.Events/BirthdayParty.cs	shared-runtime-mechanism	SharedRuntimeMechanisms	version4-confirmed			Version4:Terraria.GameContent.Events/BirthdayParty.cs	docs/Version4权威游戏模拟子系统全量审查报告-2026-09-05.md#SharedRuntimeMechanisms	Primary owner selected by state writer/lifecycle/call-closure review; path is an inventory locator, not sole evidence.
Terraria.GameContent.Events/CreditsRollEvent.cs	shared-runtime-mechanism	SharedRuntimeMechanisms	version4-confirmed			Version4:Terraria.GameContent.Events/CreditsRollEvent.cs	docs/Version4权威游戏模拟子系统全量审查报告-2026-09-05.md#SharedRuntimeMechanisms	Primary owner selected by state writer/lifecycle/call-closure review; path is an inventory locator, not sole evidence.
Terraria.GameContent.Events/CultistRitual.cs	shared-runtime-mechanism	SharedRuntimeMechanisms	version4-confirmed			Version4:Terraria.GameContent.Events/CultistRitual.cs	docs/Version4权威游戏模拟子系统全量审查报告-2026-09-05.md#SharedRuntimeMechanisms	Primary owner selected by state writer/lifecycle/call-closure review; path is an inventory locator, not sole evidence.
Terraria.GameContent.Events/DangerousDungeonCurse.cs	shared-runtime-mechanism	SharedRuntimeMechanisms	version4-confirmed			Version4:Terraria.GameContent.Events/DangerousDungeonCurse.cs	docs/Version4权威游戏模拟子系统全量审查报告-2026-09-05.md#SharedRuntimeMechanisms	Primary owner selected by state writer/lifecycle/call-closure review; path is an inventory locator, not sole evidence.
Terraria.GameContent.Events/DD2Event.cs	shared-runtime-mechanism	SharedRuntimeMechanisms	version4-confirmed			Version4:Terraria.GameContent.Events/DD2Event.cs	docs/Version4权威游戏模拟子系统全量审查报告-2026-09-05.md#SharedRuntimeMechanisms	Primary owner selected by state writer/lifecycle/call-closure review; path is an inventory locator, not sole evidence.
Terraria.GameContent.Events/LanternNight.cs	shared-runtime-mechanism	SharedRuntimeMechanisms	version4-confirmed			Version4:Terraria.GameContent.Events/LanternNight.cs	docs/Version4权威游戏模拟子系统全量审查报告-2026-09-05.md#SharedRuntimeMechanisms	Primary owner selected by state writer/lifecycle/call-closure review; path is an inventory locator, not sole evidence.
Terraria.GameContent.Events/MoonlordDeathDrama.cs	shared-runtime-mechanism	SharedRuntimeMechanisms	version4-confirmed			Version4:Terraria.GameContent.Events/MoonlordDeathDrama.cs	docs/Version4权威游戏模拟子系统全量审查报告-2026-09-05.md#SharedRuntimeMechanisms	Primary owner selected by state writer/lifecycle/call-closure review; path is an inventory locator, not sole evidence.
Terraria.GameContent.Events/MysticLogFairiesEvent.cs	shared-runtime-mechanism	SharedRuntimeMechanisms	version4-confirmed			Version4:Terraria.GameContent.Events/MysticLogFairiesEvent.cs	docs/Version4权威游戏模拟子系统全量审查报告-2026-09-05.md#SharedRuntimeMechanisms	Primary owner selected by state writer/lifecycle/call-closure review; path is an inventory locator, not sole evidence.
Terraria.GameContent.Events/Sandstorm.cs	shared-runtime-mechanism	SharedRuntimeMechanisms	version4-confirmed			Version4:Terraria.GameContent.Events/Sandstorm.cs	docs/Version4权威游戏模拟子系统全量审查报告-2026-09-05.md#SharedRuntimeMechanisms	Primary owner selected by state writer/lifecycle/call-closure review; path is an inventory locator, not sole evidence.
Terraria.GameContent.Events/ScreenObstruction.cs	shared-runtime-mechanism	SharedRuntimeMechanisms	version4-confirmed			Version4:Terraria.GameContent.Events/ScreenObstruction.cs	docs/Version4权威游戏模拟子系统全量审查报告-2026-09-05.md#SharedRuntimeMechanisms	Primary owner selected by state writer/lifecycle/call-closure review; path is an inventory locator, not sole evidence.
Terraria.GameContent.FishDropRules/AFishDropRulePopulator.cs	shared-runtime-mechanism	SharedRuntimeMechanisms	version4-confirmed			Version4:Terraria.GameContent.FishDropRules/AFishDropRulePopulator.cs	docs/Version4权威游戏模拟子系统全量审查报告-2026-09-05.md#SharedRuntimeMechanisms	Primary owner selected by state writer/lifecycle/call-closure review; path is an inventory locator, not sole evidence.
Terraria.GameContent.FishDropRules/AFishingCondition.cs	shared-runtime-mechanism	SharedRuntimeMechanisms	version4-confirmed			Version4:Terraria.GameContent.FishDropRules/AFishingCondition.cs	docs/Version4权威游戏模拟子系统全量审查报告-2026-09-05.md#SharedRuntimeMechanisms	Primary owner selected by state writer/lifecycle/call-closure review; path is an inventory locator, not sole evidence.
Terraria.GameContent.FishDropRules/FishDropRule.cs	shared-runtime-mechanism	SharedRuntimeMechanisms	version4-confirmed			Version4:Terraria.GameContent.FishDropRules/FishDropRule.cs	docs/Version4权威游戏模拟子系统全量审查报告-2026-09-05.md#SharedRuntimeMechanisms	Primary owner selected by state writer/lifecycle/call-closure review; path is an inventory locator, not sole evidence.
Terraria.GameContent.FishDropRules/FishDropRuleList.cs	shared-runtime-mechanism	SharedRuntimeMechanisms	version4-confirmed			Version4:Terraria.GameContent.FishDropRules/FishDropRuleList.cs	docs/Version4权威游戏模拟子系统全量审查报告-2026-09-05.md#SharedRuntimeMechanisms	Primary owner selected by state writer/lifecycle/call-closure review; path is an inventory locator, not sole evidence.
Terraria.GameContent.FishDropRules/FishingConditions.cs	shared-runtime-mechanism	SharedRuntimeMechanisms	version4-confirmed			Version4:Terraria.GameContent.FishDropRules/FishingConditions.cs	docs/Version4权威游戏模拟子系统全量审查报告-2026-09-05.md#SharedRuntimeMechanisms	Primary owner selected by state writer/lifecycle/call-closure review; path is an inventory locator, not sole evidence.
Terraria.GameContent.FishDropRules/FishingContext.cs	shared-runtime-mechanism	SharedRuntimeMechanisms	version4-confirmed			Version4:Terraria.GameContent.FishDropRules/FishingContext.cs	docs/Version4权威游戏模拟子系统全量审查报告-2026-09-05.md#SharedRuntimeMechanisms	Primary owner selected by state writer/lifecycle/call-closure review; path is an inventory locator, not sole evidence.
Terraria.GameContent.FishDropRules/FishPossibilityEntry.cs	shared-runtime-mechanism	SharedRuntimeMechanisms	version4-confirmed			Version4:Terraria.GameContent.FishDropRules/FishPossibilityEntry.cs	docs/Version4权威游戏模拟子系统全量审查报告-2026-09-05.md#SharedRuntimeMechanisms	Primary owner selected by state writer/lifecycle/call-closure review; path is an inventory locator, not sole evidence.
Terraria.GameContent.FishDropRules/FishRarityCondition.cs	shared-runtime-mechanism	SharedRuntimeMechanisms	version4-confirmed			Version4:Terraria.GameContent.FishDropRules/FishRarityCondition.cs	docs/Version4权威游戏模拟子系统全量审查报告-2026-09-05.md#SharedRuntimeMechanisms	Primary owner selected by state writer/lifecycle/call-closure review; path is an inventory locator, not sole evidence.
Terraria.GameContent.FishDropRules/GameContentFishDropPopulator.cs	shared-runtime-mechanism	SharedRuntimeMechanisms	version4-confirmed			Version4:Terraria.GameContent.FishDropRules/GameContentFishDropPopulator.cs	docs/Version4权威游戏模拟子系统全量审查报告-2026-09-05.md#SharedRuntimeMechanisms	Primary owner selected by state writer/lifecycle/call-closure review; path is an inventory locator, not sole evidence.
Terraria.GameContent.Generation.Dungeon.Entrances/DomeDungeonEntrance.cs	shared-runtime-mechanism	SharedRuntimeMechanisms	version4-confirmed			Version4:Terraria.GameContent.Generation.Dungeon.Entrances/DomeDungeonEntrance.cs	docs/Version4权威游戏模拟子系统全量审查报告-2026-09-05.md#SharedRuntimeMechanisms	Primary owner selected by state writer/lifecycle/call-closure review; path is an inventory locator, not sole evidence.
Terraria.GameContent.Generation.Dungeon.Entrances/DomeDungeonEntranceSettings.cs	shared-runtime-mechanism	SharedRuntimeMechanisms	version4-confirmed			Version4:Terraria.GameContent.Generation.Dungeon.Entrances/DomeDungeonEntranceSettings.cs	docs/Version4权威游戏模拟子系统全量审查报告-2026-09-05.md#SharedRuntimeMechanisms	Primary owner selected by state writer/lifecycle/call-closure review; path is an inventory locator, not sole evidence.
Terraria.GameContent.Generation.Dungeon.Entrances/DungeonEntrance.cs	shared-runtime-mechanism	SharedRuntimeMechanisms	version4-confirmed			Version4:Terraria.GameContent.Generation.Dungeon.Entrances/DungeonEntrance.cs	docs/Version4权威游戏模拟子系统全量审查报告-2026-09-05.md#SharedRuntimeMechanisms	Primary owner selected by state writer/lifecycle/call-closure review; path is an inventory locator, not sole evidence.
Terraria.GameContent.Generation.Dungeon.Entrances/DungeonEntranceSettings.cs	shared-runtime-mechanism	SharedRuntimeMechanisms	version4-confirmed			Version4:Terraria.GameContent.Generation.Dungeon.Entrances/DungeonEntranceSettings.cs	docs/Version4权威游戏模拟子系统全量审查报告-2026-09-05.md#SharedRuntimeMechanisms	Primary owner selected by state writer/lifecycle/call-closure review; path is an inventory locator, not sole evidence.
Terraria.GameContent.Generation.Dungeon.Entrances/DungeonEntranceType.cs	shared-runtime-mechanism	SharedRuntimeMechanisms	version4-confirmed			Version4:Terraria.GameContent.Generation.Dungeon.Entrances/DungeonEntranceType.cs	docs/Version4权威游戏模拟子系统全量审查报告-2026-09-05.md#SharedRuntimeMechanisms	Primary owner selected by state writer/lifecycle/call-closure review; path is an inventory locator, not sole evidence.
Terraria.GameContent.Generation.Dungeon.Entrances/LegacyDungeonEntrance.cs	shared-runtime-mechanism	SharedRuntimeMechanisms	version4-confirmed			Version4:Terraria.GameContent.Generation.Dungeon.Entrances/LegacyDungeonEntrance.cs	docs/Version4权威游戏模拟子系统全量审查报告-2026-09-05.md#SharedRuntimeMechanisms	Primary owner selected by state writer/lifecycle/call-closure review; path is an inventory locator, not sole evidence.
Terraria.GameContent.Generation.Dungeon.Entrances/LegacyDungeonEntranceSettings.cs	shared-runtime-mechanism	SharedRuntimeMechanisms	version4-confirmed			Version4:Terraria.GameContent.Generation.Dungeon.Entrances/LegacyDungeonEntranceSettings.cs	docs/Version4权威游戏模拟子系统全量审查报告-2026-09-05.md#SharedRuntimeMechanisms	Primary owner selected by state writer/lifecycle/call-closure review; path is an inventory locator, not sole evidence.
Terraria.GameContent.Generation.Dungeon.Entrances/PreGenDungeonEntranceSettings.cs	shared-runtime-mechanism	SharedRuntimeMechanisms	version4-confirmed			Version4:Terraria.GameContent.Generation.Dungeon.Entrances/PreGenDungeonEntranceSettings.cs	docs/Version4权威游戏模拟子系统全量审查报告-2026-09-05.md#SharedRuntimeMechanisms	Primary owner selected by state writer/lifecycle/call-closure review; path is an inventory locator, not sole evidence.
Terraria.GameContent.Generation.Dungeon.Entrances/TowerDungeonEntrance.cs	shared-runtime-mechanism	SharedRuntimeMechanisms	version4-confirmed			Version4:Terraria.GameContent.Generation.Dungeon.Entrances/TowerDungeonEntrance.cs	docs/Version4权威游戏模拟子系统全量审查报告-2026-09-05.md#SharedRuntimeMechanisms	Primary owner selected by state writer/lifecycle/call-closure review; path is an inventory locator, not sole evidence.
Terraria.GameContent.Generation.Dungeon.Entrances/TowerDungeonEntranceSettings.cs	shared-runtime-mechanism	SharedRuntimeMechanisms	version4-confirmed			Version4:Terraria.GameContent.Generation.Dungeon.Entrances/TowerDungeonEntranceSettings.cs	docs/Version4权威游戏模拟子系统全量审查报告-2026-09-05.md#SharedRuntimeMechanisms	Primary owner selected by state writer/lifecycle/call-closure review; path is an inventory locator, not sole evidence.
Terraria.GameContent.Generation.Dungeon.Features/DungeonFeature.cs	shared-runtime-mechanism	SharedRuntimeMechanisms	version4-confirmed			Version4:Terraria.GameContent.Generation.Dungeon.Features/DungeonFeature.cs	docs/Version4权威游戏模拟子系统全量审查报告-2026-09-05.md#SharedRuntimeMechanisms	Primary owner selected by state writer/lifecycle/call-closure review; path is an inventory locator, not sole evidence.
Terraria.GameContent.Generation.Dungeon.Features/DungeonFeatureSettings.cs	shared-runtime-mechanism	SharedRuntimeMechanisms	version4-confirmed			Version4:Terraria.GameContent.Generation.Dungeon.Features/DungeonFeatureSettings.cs	docs/Version4权威游戏模拟子系统全量审查报告-2026-09-05.md#SharedRuntimeMechanisms	Primary owner selected by state writer/lifecycle/call-closure review; path is an inventory locator, not sole evidence.
Terraria.GameContent.Generation.Dungeon.Features/DungeonGlobalBanners.cs	shared-runtime-mechanism	SharedRuntimeMechanisms	version4-confirmed			Version4:Terraria.GameContent.Generation.Dungeon.Features/DungeonGlobalBanners.cs	docs/Version4权威游戏模拟子系统全量审查报告-2026-09-05.md#SharedRuntimeMechanisms	Primary owner selected by state writer/lifecycle/call-closure review; path is an inventory locator, not sole evidence.
Terraria.GameContent.Generation.Dungeon.Features/DungeonGlobalBasicChests.cs	shared-runtime-mechanism	SharedRuntimeMechanisms	version4-confirmed			Version4:Terraria.GameContent.Generation.Dungeon.Features/DungeonGlobalBasicChests.cs	docs/Version4权威游戏模拟子系统全量审查报告-2026-09-05.md#SharedRuntimeMechanisms	Primary owner selected by state writer/lifecycle/call-closure review; path is an inventory locator, not sole evidence.
Terraria.GameContent.Generation.Dungeon.Features/DungeonGlobalBiomeChests.cs	shared-runtime-mechanism	SharedRuntimeMechanisms	version4-confirmed			Version4:Terraria.GameContent.Generation.Dungeon.Features/DungeonGlobalBiomeChests.cs	docs/Version4权威游戏模拟子系统全量审查报告-2026-09-05.md#SharedRuntimeMechanisms	Primary owner selected by state writer/lifecycle/call-closure review; path is an inventory locator, not sole evidence.
Terraria.GameContent.Generation.Dungeon.Features/DungeonGlobalBookshelves.cs	shared-runtime-mechanism	SharedRuntimeMechanisms	version4-confirmed			Version4:Terraria.GameContent.Generation.Dungeon.Features/DungeonGlobalBookshelves.cs	docs/Version4权威游戏模拟子系统全量审查报告-2026-09-05.md#SharedRuntimeMechanisms	Primary owner selected by state writer/lifecycle/call-closure review; path is an inventory locator, not sole evidence.
Terraria.GameContent.Generation.Dungeon.Features/DungeonGlobalDoors.cs	shared-runtime-mechanism	SharedRuntimeMechanisms	version4-confirmed			Version4:Terraria.GameContent.Generation.Dungeon.Features/DungeonGlobalDoors.cs	docs/Version4权威游戏模拟子系统全量审查报告-2026-09-05.md#SharedRuntimeMechanisms	Primary owner selected by state writer/lifecycle/call-closure review; path is an inventory locator, not sole evidence.
Terraria.GameContent.Generation.Dungeon.Features/DungeonGlobalEarlyDualDungeonFeatures.cs	shared-runtime-mechanism	SharedRuntimeMechanisms	version4-confirmed			Version4:Terraria.GameContent.Generation.Dungeon.Features/DungeonGlobalEarlyDualDungeonFeatures.cs	docs/Version4权威游戏模拟子系统全量审查报告-2026-09-05.md#SharedRuntimeMechanisms	Primary owner selected by state writer/lifecycle/call-closure review; path is an inventory locator, not sole evidence.
Terraria.GameContent.Generation.Dungeon.Features/DungeonGlobalGroundFurniture.cs	shared-runtime-mechanism	SharedRuntimeMechanisms	version4-confirmed			Version4:Terraria.GameContent.Generation.Dungeon.Features/DungeonGlobalGroundFurniture.cs	docs/Version4权威游戏模拟子系统全量审查报告-2026-09-05.md#SharedRuntimeMechanisms	Primary owner selected by state writer/lifecycle/call-closure review; path is an inventory locator, not sole evidence.
Terraria.GameContent.Generation.Dungeon.Features/DungeonGlobalLateDualDungeonFeatures.cs	shared-runtime-mechanism	SharedRuntimeMechanisms	version4-confirmed			Version4:Terraria.GameContent.Generation.Dungeon.Features/DungeonGlobalLateDualDungeonFeatures.cs	docs/Version4权威游戏模拟子系统全量审查报告-2026-09-05.md#SharedRuntimeMechanisms	Primary owner selected by state writer/lifecycle/call-closure review; path is an inventory locator, not sole evidence.
Terraria.GameContent.Generation.Dungeon.Features/DungeonGlobalLights.cs	shared-runtime-mechanism	SharedRuntimeMechanisms	version4-confirmed			Version4:Terraria.GameContent.Generation.Dungeon.Features/DungeonGlobalLights.cs	docs/Version4权威游戏模拟子系统全量审查报告-2026-09-05.md#SharedRuntimeMechanisms	Primary owner selected by state writer/lifecycle/call-closure review; path is an inventory locator, not sole evidence.
Terraria.GameContent.Generation.Dungeon.Features/DungeonGlobalPaintings.cs	shared-runtime-mechanism	SharedRuntimeMechanisms	version4-confirmed			Version4:Terraria.GameContent.Generation.Dungeon.Features/DungeonGlobalPaintings.cs	docs/Version4权威游戏模拟子系统全量审查报告-2026-09-05.md#SharedRuntimeMechanisms	Primary owner selected by state writer/lifecycle/call-closure review; path is an inventory locator, not sole evidence.
Terraria.GameContent.Generation.Dungeon.Features/DungeonGlobalPlatforms.cs	shared-runtime-mechanism	SharedRuntimeMechanisms	version4-confirmed			Version4:Terraria.GameContent.Generation.Dungeon.Features/DungeonGlobalPlatforms.cs	docs/Version4权威游戏模拟子系统全量审查报告-2026-09-05.md#SharedRuntimeMechanisms	Primary owner selected by state writer/lifecycle/call-closure review; path is an inventory locator, not sole evidence.
Terraria.GameContent.Generation.Dungeon.Features/DungeonGlobalSpikes.cs	shared-runtime-mechanism	SharedRuntimeMechanisms	version4-confirmed			Version4:Terraria.GameContent.Generation.Dungeon.Features/DungeonGlobalSpikes.cs	docs/Version4权威游戏模拟子系统全量审查报告-2026-09-05.md#SharedRuntimeMechanisms	Primary owner selected by state writer/lifecycle/call-closure review; path is an inventory locator, not sole evidence.
Terraria.GameContent.Generation.Dungeon.Features/DungeonGlobalTraps.cs	shared-runtime-mechanism	SharedRuntimeMechanisms	version4-confirmed			Version4:Terraria.GameContent.Generation.Dungeon.Features/DungeonGlobalTraps.cs	docs/Version4权威游戏模拟子系统全量审查报告-2026-09-05.md#SharedRuntimeMechanisms	Primary owner selected by state writer/lifecycle/call-closure review; path is an inventory locator, not sole evidence.
Terraria.GameContent.Generation.Dungeon.Features/DungeonGlobalWallVariants.cs	shared-runtime-mechanism	SharedRuntimeMechanisms	version4-confirmed			Version4:Terraria.GameContent.Generation.Dungeon.Features/DungeonGlobalWallVariants.cs	docs/Version4权威游戏模拟子系统全量审查报告-2026-09-05.md#SharedRuntimeMechanisms	Primary owner selected by state writer/lifecycle/call-closure review; path is an inventory locator, not sole evidence.
Terraria.GameContent.Generation.Dungeon.Features/GlobalDungeonFeature.cs	shared-runtime-mechanism	SharedRuntimeMechanisms	version4-confirmed			Version4:Terraria.GameContent.Generation.Dungeon.Features/GlobalDungeonFeature.cs	docs/Version4权威游戏模拟子系统全量审查报告-2026-09-05.md#SharedRuntimeMechanisms	Primary owner selected by state writer/lifecycle/call-closure review; path is an inventory locator, not sole evidence.
Terraria.GameContent.Generation.Dungeon.Features/IDungeonFeature.cs	shared-runtime-mechanism	SharedRuntimeMechanisms	version4-confirmed			Version4:Terraria.GameContent.Generation.Dungeon.Features/IDungeonFeature.cs	docs/Version4权威游戏模拟子系统全量审查报告-2026-09-05.md#SharedRuntimeMechanisms	Primary owner selected by state writer/lifecycle/call-closure review; path is an inventory locator, not sole evidence.
Terraria.GameContent.Generation.Dungeon.Halls/DungeonHall.cs	shared-runtime-mechanism	SharedRuntimeMechanisms	version4-confirmed			Version4:Terraria.GameContent.Generation.Dungeon.Halls/DungeonHall.cs	docs/Version4权威游戏模拟子系统全量审查报告-2026-09-05.md#SharedRuntimeMechanisms	Primary owner selected by state writer/lifecycle/call-closure review; path is an inventory locator, not sole evidence.
Terraria.GameContent.Generation.Dungeon.Halls/DungeonHallSettings.cs	shared-runtime-mechanism	SharedRuntimeMechanisms	version4-confirmed			Version4:Terraria.GameContent.Generation.Dungeon.Halls/DungeonHallSettings.cs	docs/Version4权威游戏模拟子系统全量审查报告-2026-09-05.md#SharedRuntimeMechanisms	Primary owner selected by state writer/lifecycle/call-closure review; path is an inventory locator, not sole evidence.
Terraria.GameContent.Generation.Dungeon.Halls/DungeonHallType.cs	shared-runtime-mechanism	SharedRuntimeMechanisms	version4-confirmed			Version4:Terraria.GameContent.Generation.Dungeon.Halls/DungeonHallType.cs	docs/Version4权威游戏模拟子系统全量审查报告-2026-09-05.md#SharedRuntimeMechanisms	Primary owner selected by state writer/lifecycle/call-closure review; path is an inventory locator, not sole evidence.
Terraria.GameContent.Generation.Dungeon.Halls/LegacyDungeonHall.cs	shared-runtime-mechanism	SharedRuntimeMechanisms	version4-confirmed			Version4:Terraria.GameContent.Generation.Dungeon.Halls/LegacyDungeonHall.cs	docs/Version4权威游戏模拟子系统全量审查报告-2026-09-05.md#SharedRuntimeMechanisms	Primary owner selected by state writer/lifecycle/call-closure review; path is an inventory locator, not sole evidence.
Terraria.GameContent.Generation.Dungeon.Halls/LegacyDungeonHallSettings.cs	shared-runtime-mechanism	SharedRuntimeMechanisms	version4-confirmed			Version4:Terraria.GameContent.Generation.Dungeon.Halls/LegacyDungeonHallSettings.cs	docs/Version4权威游戏模拟子系统全量审查报告-2026-09-05.md#SharedRuntimeMechanisms	Primary owner selected by state writer/lifecycle/call-closure review; path is an inventory locator, not sole evidence.
Terraria.GameContent.Generation.Dungeon.Halls/LegacyEntranceDungeonHall.cs	shared-runtime-mechanism	SharedRuntimeMechanisms	version4-confirmed			Version4:Terraria.GameContent.Generation.Dungeon.Halls/LegacyEntranceDungeonHall.cs	docs/Version4权威游戏模拟子系统全量审查报告-2026-09-05.md#SharedRuntimeMechanisms	Primary owner selected by state writer/lifecycle/call-closure review; path is an inventory locator, not sole evidence.
Terraria.GameContent.Generation.Dungeon.Halls/LegacyEntranceDungeonHallSettings.cs	shared-runtime-mechanism	SharedRuntimeMechanisms	version4-confirmed			Version4:Terraria.GameContent.Generation.Dungeon.Halls/LegacyEntranceDungeonHallSettings.cs	docs/Version4权威游戏模拟子系统全量审查报告-2026-09-05.md#SharedRuntimeMechanisms	Primary owner selected by state writer/lifecycle/call-closure review; path is an inventory locator, not sole evidence.
Terraria.GameContent.Generation.Dungeon.Halls/RegularDungeonHall.cs	shared-runtime-mechanism	SharedRuntimeMechanisms	version4-confirmed			Version4:Terraria.GameContent.Generation.Dungeon.Halls/RegularDungeonHall.cs	docs/Version4权威游戏模拟子系统全量审查报告-2026-09-05.md#SharedRuntimeMechanisms	Primary owner selected by state writer/lifecycle/call-closure review; path is an inventory locator, not sole evidence.
Terraria.GameContent.Generation.Dungeon.Halls/RegularDungeonHallSettings.cs	shared-runtime-mechanism	SharedRuntimeMechanisms	version4-confirmed			Version4:Terraria.GameContent.Generation.Dungeon.Halls/RegularDungeonHallSettings.cs	docs/Version4权威游戏模拟子系统全量审查报告-2026-09-05.md#SharedRuntimeMechanisms	Primary owner selected by state writer/lifecycle/call-closure review; path is an inventory locator, not sole evidence.
Terraria.GameContent.Generation.Dungeon.Halls/SineDungeonHall.cs	shared-runtime-mechanism	SharedRuntimeMechanisms	version4-confirmed			Version4:Terraria.GameContent.Generation.Dungeon.Halls/SineDungeonHall.cs	docs/Version4权威游戏模拟子系统全量审查报告-2026-09-05.md#SharedRuntimeMechanisms	Primary owner selected by state writer/lifecycle/call-closure review; path is an inventory locator, not sole evidence.
Terraria.GameContent.Generation.Dungeon.Halls/SineDungeonHallSettings.cs	shared-runtime-mechanism	SharedRuntimeMechanisms	version4-confirmed			Version4:Terraria.GameContent.Generation.Dungeon.Halls/SineDungeonHallSettings.cs	docs/Version4权威游戏模拟子系统全量审查报告-2026-09-05.md#SharedRuntimeMechanisms	Primary owner selected by state writer/lifecycle/call-closure review; path is an inventory locator, not sole evidence.
Terraria.GameContent.Generation.Dungeon.Halls/StairwellDungeonHall.cs	shared-runtime-mechanism	SharedRuntimeMechanisms	version4-confirmed			Version4:Terraria.GameContent.Generation.Dungeon.Halls/StairwellDungeonHall.cs	docs/Version4权威游戏模拟子系统全量审查报告-2026-09-05.md#SharedRuntimeMechanisms	Primary owner selected by state writer/lifecycle/call-closure review; path is an inventory locator, not sole evidence.
Terraria.GameContent.Generation.Dungeon.Halls/StairwellDungeonHallSettings.cs	shared-runtime-mechanism	SharedRuntimeMechanisms	version4-confirmed			Version4:Terraria.GameContent.Generation.Dungeon.Halls/StairwellDungeonHallSettings.cs	docs/Version4权威游戏模拟子系统全量审查报告-2026-09-05.md#SharedRuntimeMechanisms	Primary owner selected by state writer/lifecycle/call-closure review; path is an inventory locator, not sole evidence.
Terraria.GameContent.Generation.Dungeon.Halls/StepBasedDungeonHallSettings.cs	shared-runtime-mechanism	SharedRuntimeMechanisms	version4-confirmed			Version4:Terraria.GameContent.Generation.Dungeon.Halls/StepBasedDungeonHallSettings.cs	docs/Version4权威游戏模拟子系统全量审查报告-2026-09-05.md#SharedRuntimeMechanisms	Primary owner selected by state writer/lifecycle/call-closure review; path is an inventory locator, not sole evidence.
Terraria.GameContent.Generation.Dungeon.LayoutProviders/DualDungeonLayoutProvider.cs	shared-runtime-mechanism	SharedRuntimeMechanisms	version4-confirmed			Version4:Terraria.GameContent.Generation.Dungeon.LayoutProviders/DualDungeonLayoutProvider.cs	docs/Version4权威游戏模拟子系统全量审查报告-2026-09-05.md#SharedRuntimeMechanisms	Primary owner selected by state writer/lifecycle/call-closure review; path is an inventory locator, not sole evidence.
Terraria.GameContent.Generation.Dungeon.LayoutProviders/DualDungeonLayoutProviderSettings.cs	shared-runtime-mechanism	SharedRuntimeMechanisms	version4-confirmed			Version4:Terraria.GameContent.Generation.Dungeon.LayoutProviders/DualDungeonLayoutProviderSettings.cs	docs/Version4权威游戏模拟子系统全量审查报告-2026-09-05.md#SharedRuntimeMechanisms	Primary owner selected by state writer/lifecycle/call-closure review; path is an inventory locator, not sole evidence.
Terraria.GameContent.Generation.Dungeon.LayoutProviders/LegacyDungeonLayoutProvider.cs	shared-runtime-mechanism	SharedRuntimeMechanisms	version4-confirmed			Version4:Terraria.GameContent.Generation.Dungeon.LayoutProviders/LegacyDungeonLayoutProvider.cs	docs/Version4权威游戏模拟子系统全量审查报告-2026-09-05.md#SharedRuntimeMechanisms	Primary owner selected by state writer/lifecycle/call-closure review; path is an inventory locator, not sole evidence.
Terraria.GameContent.Generation.Dungeon.LayoutProviders/LegacyDungeonLayoutProviderSettings.cs	shared-runtime-mechanism	SharedRuntimeMechanisms	version4-confirmed			Version4:Terraria.GameContent.Generation.Dungeon.LayoutProviders/LegacyDungeonLayoutProviderSettings.cs	docs/Version4权威游戏模拟子系统全量审查报告-2026-09-05.md#SharedRuntimeMechanisms	Primary owner selected by state writer/lifecycle/call-closure review; path is an inventory locator, not sole evidence.
Terraria.GameContent.Generation.Dungeon.Rooms/BiomeDungeonRoom.cs	shared-runtime-mechanism	SharedRuntimeMechanisms	version4-confirmed			Version4:Terraria.GameContent.Generation.Dungeon.Rooms/BiomeDungeonRoom.cs	docs/Version4权威游戏模拟子系统全量审查报告-2026-09-05.md#SharedRuntimeMechanisms	Primary owner selected by state writer/lifecycle/call-closure review; path is an inventory locator, not sole evidence.
Terraria.GameContent.Generation.Dungeon.Rooms/BiomeRuggedDungeonRoom.cs	shared-runtime-mechanism	SharedRuntimeMechanisms	version4-confirmed			Version4:Terraria.GameContent.Generation.Dungeon.Rooms/BiomeRuggedDungeonRoom.cs	docs/Version4权威游戏模拟子系统全量审查报告-2026-09-05.md#SharedRuntimeMechanisms	Primary owner selected by state writer/lifecycle/call-closure review; path is an inventory locator, not sole evidence.
Terraria.GameContent.Generation.Dungeon.Rooms/BiomeSquareDungeonRoom.cs	shared-runtime-mechanism	SharedRuntimeMechanisms	version4-confirmed			Version4:Terraria.GameContent.Generation.Dungeon.Rooms/BiomeSquareDungeonRoom.cs	docs/Version4权威游戏模拟子系统全量审查报告-2026-09-05.md#SharedRuntimeMechanisms	Primary owner selected by state writer/lifecycle/call-closure review; path is an inventory locator, not sole evidence.
Terraria.GameContent.Generation.Dungeon.Rooms/BiomeStructuredDungeonRoom.cs	shared-runtime-mechanism	SharedRuntimeMechanisms	version4-confirmed			Version4:Terraria.GameContent.Generation.Dungeon.Rooms/BiomeStructuredDungeonRoom.cs	docs/Version4权威游戏模拟子系统全量审查报告-2026-09-05.md#SharedRuntimeMechanisms	Primary owner selected by state writer/lifecycle/call-closure review; path is an inventory locator, not sole evidence.
Terraria.GameContent.Generation.Dungeon.Rooms/ConnectionPointQuality.cs	shared-runtime-mechanism	SharedRuntimeMechanisms	version4-confirmed			Version4:Terraria.GameContent.Generation.Dungeon.Rooms/ConnectionPointQuality.cs	docs/Version4权威游戏模拟子系统全量审查报告-2026-09-05.md#SharedRuntimeMechanisms	Primary owner selected by state writer/lifecycle/call-closure review; path is an inventory locator, not sole evidence.
Terraria.GameContent.Generation.Dungeon.Rooms/DungeonRoom.cs	shared-runtime-mechanism	SharedRuntimeMechanisms	version4-confirmed			Version4:Terraria.GameContent.Generation.Dungeon.Rooms/DungeonRoom.cs	docs/Version4权威游戏模拟子系统全量审查报告-2026-09-05.md#SharedRuntimeMechanisms	Primary owner selected by state writer/lifecycle/call-closure review; path is an inventory locator, not sole evidence.
Terraria.GameContent.Generation.Dungeon.Rooms/DungeonRoomSettings.cs	shared-runtime-mechanism	SharedRuntimeMechanisms	version4-confirmed			Version4:Terraria.GameContent.Generation.Dungeon.Rooms/DungeonRoomSettings.cs	docs/Version4权威游戏模拟子系统全量审查报告-2026-09-05.md#SharedRuntimeMechanisms	Primary owner selected by state writer/lifecycle/call-closure review; path is an inventory locator, not sole evidence.
Terraria.GameContent.Generation.Dungeon.Rooms/DungeonRoomType.cs	shared-runtime-mechanism	SharedRuntimeMechanisms	version4-confirmed			Version4:Terraria.GameContent.Generation.Dungeon.Rooms/DungeonRoomType.cs	docs/Version4权威游戏模拟子系统全量审查报告-2026-09-05.md#SharedRuntimeMechanisms	Primary owner selected by state writer/lifecycle/call-closure review; path is an inventory locator, not sole evidence.
Terraria.GameContent.Generation.Dungeon.Rooms/GenShapeDungeonRoom.cs	shared-runtime-mechanism	SharedRuntimeMechanisms	version4-confirmed			Version4:Terraria.GameContent.Generation.Dungeon.Rooms/GenShapeDungeonRoom.cs	docs/Version4权威游戏模拟子系统全量审查报告-2026-09-05.md#SharedRuntimeMechanisms	Primary owner selected by state writer/lifecycle/call-closure review; path is an inventory locator, not sole evidence.
Terraria.GameContent.Generation.Dungeon.Rooms/GenShapeDungeonRoomSettings.cs	shared-runtime-mechanism	SharedRuntimeMechanisms	version4-confirmed			Version4:Terraria.GameContent.Generation.Dungeon.Rooms/GenShapeDungeonRoomSettings.cs	docs/Version4权威游戏模拟子系统全量审查报告-2026-09-05.md#SharedRuntimeMechanisms	Primary owner selected by state writer/lifecycle/call-closure review; path is an inventory locator, not sole evidence.
Terraria.GameContent.Generation.Dungeon.Rooms/GenShapeType.cs	shared-runtime-mechanism	SharedRuntimeMechanisms	version4-confirmed			Version4:Terraria.GameContent.Generation.Dungeon.Rooms/GenShapeType.cs	docs/Version4权威游戏模拟子系统全量审查报告-2026-09-05.md#SharedRuntimeMechanisms	Primary owner selected by state writer/lifecycle/call-closure review; path is an inventory locator, not sole evidence.
Terraria.GameContent.Generation.Dungeon.Rooms/LegacyDungeonRoom.cs	shared-runtime-mechanism	SharedRuntimeMechanisms	version4-confirmed			Version4:Terraria.GameContent.Generation.Dungeon.Rooms/LegacyDungeonRoom.cs	docs/Version4权威游戏模拟子系统全量审查报告-2026-09-05.md#SharedRuntimeMechanisms	Primary owner selected by state writer/lifecycle/call-closure review; path is an inventory locator, not sole evidence.
Terraria.GameContent.Generation.Dungeon.Rooms/LegacyDungeonRoomSettings.cs	shared-runtime-mechanism	SharedRuntimeMechanisms	version4-confirmed			Version4:Terraria.GameContent.Generation.Dungeon.Rooms/LegacyDungeonRoomSettings.cs	docs/Version4权威游戏模拟子系统全量审查报告-2026-09-05.md#SharedRuntimeMechanisms	Primary owner selected by state writer/lifecycle/call-closure review; path is an inventory locator, not sole evidence.
Terraria.GameContent.Generation.Dungeon.Rooms/LivingTreeDungeonRoom.cs	shared-runtime-mechanism	SharedRuntimeMechanisms	version4-confirmed			Version4:Terraria.GameContent.Generation.Dungeon.Rooms/LivingTreeDungeonRoom.cs	docs/Version4权威游戏模拟子系统全量审查报告-2026-09-05.md#SharedRuntimeMechanisms	Primary owner selected by state writer/lifecycle/call-closure review; path is an inventory locator, not sole evidence.
Terraria.GameContent.Generation.Dungeon.Rooms/RegularDungeonRoom.cs	shared-runtime-mechanism	SharedRuntimeMechanisms	version4-confirmed			Version4:Terraria.GameContent.Generation.Dungeon.Rooms/RegularDungeonRoom.cs	docs/Version4权威游戏模拟子系统全量审查报告-2026-09-05.md#SharedRuntimeMechanisms	Primary owner selected by state writer/lifecycle/call-closure review; path is an inventory locator, not sole evidence.
Terraria.GameContent.Generation.Dungeon.Rooms/StepBasedDungeonRoomSettings.cs	shared-runtime-mechanism	SharedRuntimeMechanisms	version4-confirmed			Version4:Terraria.GameContent.Generation.Dungeon.Rooms/StepBasedDungeonRoomSettings.cs	docs/Version4权威游戏模拟子系统全量审查报告-2026-09-05.md#SharedRuntimeMechanisms	Primary owner selected by state writer/lifecycle/call-closure review; path is an inventory locator, not sole evidence.
Terraria.GameContent.Generation.Dungeon.Rooms/WormlikeDungeonRoom.cs	shared-runtime-mechanism	SharedRuntimeMechanisms	version4-confirmed			Version4:Terraria.GameContent.Generation.Dungeon.Rooms/WormlikeDungeonRoom.cs	docs/Version4权威游戏模拟子系统全量审查报告-2026-09-05.md#SharedRuntimeMechanisms	Primary owner selected by state writer/lifecycle/call-closure review; path is an inventory locator, not sole evidence.
Terraria.GameContent.Generation.Dungeon/DualDungeonUnbreakableWallTiers.cs	shared-runtime-mechanism	SharedRuntimeMechanisms	version4-confirmed			Version4:Terraria.GameContent.Generation.Dungeon/DualDungeonUnbreakableWallTiers.cs	docs/Version4权威游戏模拟子系统全量审查报告-2026-09-05.md#SharedRuntimeMechanisms	Primary owner selected by state writer/lifecycle/call-closure review; path is an inventory locator, not sole evidence.
Terraria.GameContent.Generation.Dungeon/DungeonBounds.cs	shared-runtime-mechanism	SharedRuntimeMechanisms	version4-confirmed			Version4:Terraria.GameContent.Generation.Dungeon/DungeonBounds.cs	docs/Version4权威游戏模拟子系统全量审查报告-2026-09-05.md#SharedRuntimeMechanisms	Primary owner selected by state writer/lifecycle/call-closure review; path is an inventory locator, not sole evidence.
Terraria.GameContent.Generation.Dungeon/DungeonColor.cs	shared-runtime-mechanism	SharedRuntimeMechanisms	version4-confirmed			Version4:Terraria.GameContent.Generation.Dungeon/DungeonColor.cs	docs/Version4权威游戏模拟子系统全量审查报告-2026-09-05.md#SharedRuntimeMechanisms	Primary owner selected by state writer/lifecycle/call-closure review; path is an inventory locator, not sole evidence.
Terraria.GameContent.Generation.Dungeon/DungeonCrawler.cs	shared-runtime-mechanism	SharedRuntimeMechanisms	version4-confirmed			Version4:Terraria.GameContent.Generation.Dungeon/DungeonCrawler.cs	docs/Version4权威游戏模拟子系统全量审查报告-2026-09-05.md#SharedRuntimeMechanisms	Primary owner selected by state writer/lifecycle/call-closure review; path is an inventory locator, not sole evidence.
Terraria.GameContent.Generation.Dungeon/DungeonData.cs	shared-runtime-mechanism	SharedRuntimeMechanisms	version4-confirmed			Version4:Terraria.GameContent.Generation.Dungeon/DungeonData.cs	docs/Version4权威游戏模拟子系统全量审查报告-2026-09-05.md#SharedRuntimeMechanisms	Primary owner selected by state writer/lifecycle/call-closure review; path is an inventory locator, not sole evidence.
Terraria.GameContent.Generation.Dungeon/DungeonDoorData.cs	shared-runtime-mechanism	SharedRuntimeMechanisms	version4-confirmed			Version4:Terraria.GameContent.Generation.Dungeon/DungeonDoorData.cs	docs/Version4权威游戏模拟子系统全量审查报告-2026-09-05.md#SharedRuntimeMechanisms	Primary owner selected by state writer/lifecycle/call-closure review; path is an inventory locator, not sole evidence.
Terraria.GameContent.Generation.Dungeon/DungeonGenerationStyleData.cs	shared-runtime-mechanism	SharedRuntimeMechanisms	version4-confirmed			Version4:Terraria.GameContent.Generation.Dungeon/DungeonGenerationStyleData.cs	docs/Version4权威游戏模拟子系统全量审查报告-2026-09-05.md#SharedRuntimeMechanisms	Primary owner selected by state writer/lifecycle/call-closure review; path is an inventory locator, not sole evidence.
Terraria.GameContent.Generation.Dungeon/DungeonGenerationStyleID.cs	shared-runtime-mechanism	SharedRuntimeMechanisms	version4-confirmed			Version4:Terraria.GameContent.Generation.Dungeon/DungeonGenerationStyleID.cs	docs/Version4权威游戏模拟子系统全量审查报告-2026-09-05.md#SharedRuntimeMechanisms	Primary owner selected by state writer/lifecycle/call-closure review; path is an inventory locator, not sole evidence.
Terraria.GameContent.Generation.Dungeon/DungeonGenerationStyles.cs	shared-runtime-mechanism	SharedRuntimeMechanisms	version4-confirmed			Version4:Terraria.GameContent.Generation.Dungeon/DungeonGenerationStyles.cs	docs/Version4权威游戏模拟子系统全量审查报告-2026-09-05.md#SharedRuntimeMechanisms	Primary owner selected by state writer/lifecycle/call-closure review; path is an inventory locator, not sole evidence.
Terraria.GameContent.Generation.Dungeon/DungeonGenVars.cs	shared-runtime-mechanism	SharedRuntimeMechanisms	version4-confirmed			Version4:Terraria.GameContent.Generation.Dungeon/DungeonGenVars.cs	docs/Version4权威游戏模拟子系统全量审查报告-2026-09-05.md#SharedRuntimeMechanisms	Primary owner selected by state writer/lifecycle/call-closure review; path is an inventory locator, not sole evidence.
Terraria.GameContent.Generation.Dungeon/DungeonLayoutProvider.cs	shared-runtime-mechanism	SharedRuntimeMechanisms	version4-confirmed			Version4:Terraria.GameContent.Generation.Dungeon/DungeonLayoutProvider.cs	docs/Version4权威游戏模拟子系统全量审查报告-2026-09-05.md#SharedRuntimeMechanisms	Primary owner selected by state writer/lifecycle/call-closure review; path is an inventory locator, not sole evidence.
Terraria.GameContent.Generation.Dungeon/DungeonLayoutProviderSettings.cs	shared-runtime-mechanism	SharedRuntimeMechanisms	version4-confirmed			Version4:Terraria.GameContent.Generation.Dungeon/DungeonLayoutProviderSettings.cs	docs/Version4权威游戏模拟子系统全量审查报告-2026-09-05.md#SharedRuntimeMechanisms	Primary owner selected by state writer/lifecycle/call-closure review; path is an inventory locator, not sole evidence.
Terraria.GameContent.Generation.Dungeon/DungeonPlatformData.cs	shared-runtime-mechanism	SharedRuntimeMechanisms	version4-confirmed			Version4:Terraria.GameContent.Generation.Dungeon/DungeonPlatformData.cs	docs/Version4权威游戏模拟子系统全量审查报告-2026-09-05.md#SharedRuntimeMechanisms	Primary owner selected by state writer/lifecycle/call-closure review; path is an inventory locator, not sole evidence.
Terraria.GameContent.Generation.Dungeon/DungeonType.cs	shared-runtime-mechanism	SharedRuntimeMechanisms	version4-confirmed			Version4:Terraria.GameContent.Generation.Dungeon/DungeonType.cs	docs/Version4权威游戏模拟子系统全量审查报告-2026-09-05.md#SharedRuntimeMechanisms	Primary owner selected by state writer/lifecycle/call-closure review; path is an inventory locator, not sole evidence.
Terraria.GameContent.Generation.Dungeon/DungeonUtils.cs	shared-runtime-mechanism	SharedRuntimeMechanisms	version4-confirmed			Version4:Terraria.GameContent.Generation.Dungeon/DungeonUtils.cs	docs/Version4权威游戏模拟子系统全量审查报告-2026-09-05.md#SharedRuntimeMechanisms	Primary owner selected by state writer/lifecycle/call-closure review; path is an inventory locator, not sole evidence.
Terraria.GameContent.Generation.Dungeon/ProtectionType.cs	shared-runtime-mechanism	SharedRuntimeMechanisms	version4-confirmed			Version4:Terraria.GameContent.Generation.Dungeon/ProtectionType.cs	docs/Version4权威游戏模拟子系统全量审查报告-2026-09-05.md#SharedRuntimeMechanisms	Primary owner selected by state writer/lifecycle/call-closure review; path is an inventory locator, not sole evidence.
Terraria.GameContent.Generation.Dungeon/SnakeOrientation.cs	shared-runtime-mechanism	SharedRuntimeMechanisms	version4-confirmed			Version4:Terraria.GameContent.Generation.Dungeon/SnakeOrientation.cs	docs/Version4权威游戏模拟子系统全量审查报告-2026-09-05.md#SharedRuntimeMechanisms	Primary owner selected by state writer/lifecycle/call-closure review; path is an inventory locator, not sole evidence.
Terraria.GameContent.Generation/PaintingEntry.cs	shared-runtime-mechanism	SharedRuntimeMechanisms	version4-confirmed			Version4:Terraria.GameContent.Generation/PaintingEntry.cs	docs/Version4权威游戏模拟子系统全量审查报告-2026-09-05.md#SharedRuntimeMechanisms	Primary owner selected by state writer/lifecycle/call-closure review; path is an inventory locator, not sole evidence.
Terraria.GameContent.Generation/ShapeFloodFill.cs	shared-runtime-mechanism	SharedRuntimeMechanisms	version4-confirmed			Version4:Terraria.GameContent.Generation/ShapeFloodFill.cs	docs/Version4权威游戏模拟子系统全量审查报告-2026-09-05.md#SharedRuntimeMechanisms	Primary owner selected by state writer/lifecycle/call-closure review; path is an inventory locator, not sole evidence.
Terraria.GameContent.Generation/TrackGenerator.cs	shared-runtime-mechanism	SharedRuntimeMechanisms	version4-confirmed			Version4:Terraria.GameContent.Generation/TrackGenerator.cs	docs/Version4权威游戏模拟子系统全量审查报告-2026-09-05.md#SharedRuntimeMechanisms	Primary owner selected by state writer/lifecycle/call-closure review; path is an inventory locator, not sole evidence.
Terraria.GameContent.Generation/WorldGenLegacyMethod.cs	shared-runtime-mechanism	SharedRuntimeMechanisms	version4-confirmed			Version4:Terraria.GameContent.Generation/WorldGenLegacyMethod.cs	docs/Version4权威游戏模拟子系统全量审查报告-2026-09-05.md#SharedRuntimeMechanisms	Primary owner selected by state writer/lifecycle/call-closure review; path is an inventory locator, not sole evidence.
Terraria.GameContent.Golf/GolfBallTrackRecord.cs	shared-runtime-mechanism	SharedRuntimeMechanisms	version4-confirmed			Version4:Terraria.GameContent.Golf/GolfBallTrackRecord.cs	docs/Version4权威游戏模拟子系统全量审查报告-2026-09-05.md#SharedRuntimeMechanisms	Primary owner selected by state writer/lifecycle/call-closure review; path is an inventory locator, not sole evidence.
Terraria.GameContent.Golf/GolfHelper.cs	shared-runtime-mechanism	SharedRuntimeMechanisms	version4-confirmed			Version4:Terraria.GameContent.Golf/GolfHelper.cs	docs/Version4权威游戏模拟子系统全量审查报告-2026-09-05.md#SharedRuntimeMechanisms	Primary owner selected by state writer/lifecycle/call-closure review; path is an inventory locator, not sole evidence.
Terraria.GameContent.Golf/GolfState.cs	shared-runtime-mechanism	SharedRuntimeMechanisms	version4-confirmed			Version4:Terraria.GameContent.Golf/GolfState.cs	docs/Version4权威游戏模拟子系统全量审查报告-2026-09-05.md#SharedRuntimeMechanisms	Primary owner selected by state writer/lifecycle/call-closure review; path is an inventory locator, not sole evidence.
Terraria.GameContent.ItemDropRules/Chains.cs	shared-runtime-mechanism	SharedRuntimeMechanisms	version4-confirmed			Version4:Terraria.GameContent.ItemDropRules/Chains.cs	docs/Version4权威游戏模拟子系统全量审查报告-2026-09-05.md#SharedRuntimeMechanisms	Primary owner selected by state writer/lifecycle/call-closure review; path is an inventory locator, not sole evidence.
Terraria.GameContent.ItemDropRules/CommonCode.cs	shared-runtime-mechanism	SharedRuntimeMechanisms	version4-confirmed			Version4:Terraria.GameContent.ItemDropRules/CommonCode.cs	docs/Version4权威游戏模拟子系统全量审查报告-2026-09-05.md#SharedRuntimeMechanisms	Primary owner selected by state writer/lifecycle/call-closure review; path is an inventory locator, not sole evidence.
Terraria.GameContent.ItemDropRules/CommonDrop.cs	shared-runtime-mechanism	SharedRuntimeMechanisms	version4-confirmed			Version4:Terraria.GameContent.ItemDropRules/CommonDrop.cs	docs/Version4权威游戏模拟子系统全量审查报告-2026-09-05.md#SharedRuntimeMechanisms	Primary owner selected by state writer/lifecycle/call-closure review; path is an inventory locator, not sole evidence.
Terraria.GameContent.ItemDropRules/CommonDropNotScalingWithLuck.cs	shared-runtime-mechanism	SharedRuntimeMechanisms	version4-confirmed			Version4:Terraria.GameContent.ItemDropRules/CommonDropNotScalingWithLuck.cs	docs/Version4权威游戏模拟子系统全量审查报告-2026-09-05.md#SharedRuntimeMechanisms	Primary owner selected by state writer/lifecycle/call-closure review; path is an inventory locator, not sole evidence.
Terraria.GameContent.ItemDropRules/CommonDropScalingWithOnlyBadLuck.cs	shared-runtime-mechanism	SharedRuntimeMechanisms	version4-confirmed			Version4:Terraria.GameContent.ItemDropRules/CommonDropScalingWithOnlyBadLuck.cs	docs/Version4权威游戏模拟子系统全量审查报告-2026-09-05.md#SharedRuntimeMechanisms	Primary owner selected by state writer/lifecycle/call-closure review; path is an inventory locator, not sole evidence.
Terraria.GameContent.ItemDropRules/CommonDropWithRerolls.cs	shared-runtime-mechanism	SharedRuntimeMechanisms	version4-confirmed			Version4:Terraria.GameContent.ItemDropRules/CommonDropWithRerolls.cs	docs/Version4权威游戏模拟子系统全量审查报告-2026-09-05.md#SharedRuntimeMechanisms	Primary owner selected by state writer/lifecycle/call-closure review; path is an inventory locator, not sole evidence.
Terraria.GameContent.ItemDropRules/Conditions.cs	shared-runtime-mechanism	SharedRuntimeMechanisms	version4-confirmed			Version4:Terraria.GameContent.ItemDropRules/Conditions.cs	docs/Version4权威游戏模拟子系统全量审查报告-2026-09-05.md#SharedRuntimeMechanisms	Primary owner selected by state writer/lifecycle/call-closure review; path is an inventory locator, not sole evidence.
Terraria.GameContent.ItemDropRules/DropAttemptInfo.cs	shared-runtime-mechanism	SharedRuntimeMechanisms	version4-confirmed			Version4:Terraria.GameContent.ItemDropRules/DropAttemptInfo.cs	docs/Version4权威游戏模拟子系统全量审查报告-2026-09-05.md#SharedRuntimeMechanisms	Primary owner selected by state writer/lifecycle/call-closure review; path is an inventory locator, not sole evidence.
Terraria.GameContent.ItemDropRules/DropBasedOnExpertMode.cs	shared-runtime-mechanism	SharedRuntimeMechanisms	version4-confirmed			Version4:Terraria.GameContent.ItemDropRules/DropBasedOnExpertMode.cs	docs/Version4权威游戏模拟子系统全量审查报告-2026-09-05.md#SharedRuntimeMechanisms	Primary owner selected by state writer/lifecycle/call-closure review; path is an inventory locator, not sole evidence.
Terraria.GameContent.ItemDropRules/DropBasedOnExtraGel.cs	shared-runtime-mechanism	SharedRuntimeMechanisms	version4-confirmed			Version4:Terraria.GameContent.ItemDropRules/DropBasedOnExtraGel.cs	docs/Version4权威游戏模拟子系统全量审查报告-2026-09-05.md#SharedRuntimeMechanisms	Primary owner selected by state writer/lifecycle/call-closure review; path is an inventory locator, not sole evidence.
Terraria.GameContent.ItemDropRules/DropBasedOnMasterAndExpertMode.cs	shared-runtime-mechanism	SharedRuntimeMechanisms	version4-confirmed			Version4:Terraria.GameContent.ItemDropRules/DropBasedOnMasterAndExpertMode.cs	docs/Version4权威游戏模拟子系统全量审查报告-2026-09-05.md#SharedRuntimeMechanisms	Primary owner selected by state writer/lifecycle/call-closure review; path is an inventory locator, not sole evidence.
Terraria.GameContent.ItemDropRules/DropBasedOnMasterMode.cs	shared-runtime-mechanism	SharedRuntimeMechanisms	version4-confirmed			Version4:Terraria.GameContent.ItemDropRules/DropBasedOnMasterMode.cs	docs/Version4权威游戏模拟子系统全量审查报告-2026-09-05.md#SharedRuntimeMechanisms	Primary owner selected by state writer/lifecycle/call-closure review; path is an inventory locator, not sole evidence.
Terraria.GameContent.ItemDropRules/DropLocalPerClientAndResetsNPCMoneyTo0.cs	shared-runtime-mechanism	SharedRuntimeMechanisms	version4-confirmed			Version4:Terraria.GameContent.ItemDropRules/DropLocalPerClientAndResetsNPCMoneyTo0.cs	docs/Version4权威游戏模拟子系统全量审查报告-2026-09-05.md#SharedRuntimeMechanisms	Primary owner selected by state writer/lifecycle/call-closure review; path is an inventory locator, not sole evidence.
Terraria.GameContent.ItemDropRules/DropNothing.cs	shared-runtime-mechanism	SharedRuntimeMechanisms	version4-confirmed			Version4:Terraria.GameContent.ItemDropRules/DropNothing.cs	docs/Version4权威游戏模拟子系统全量审查报告-2026-09-05.md#SharedRuntimeMechanisms	Primary owner selected by state writer/lifecycle/call-closure review; path is an inventory locator, not sole evidence.
Terraria.GameContent.ItemDropRules/DropOneByOne.cs	shared-runtime-mechanism	SharedRuntimeMechanisms	version4-confirmed			Version4:Terraria.GameContent.ItemDropRules/DropOneByOne.cs	docs/Version4权威游戏模拟子系统全量审查报告-2026-09-05.md#SharedRuntimeMechanisms	Primary owner selected by state writer/lifecycle/call-closure review; path is an inventory locator, not sole evidence.
Terraria.GameContent.ItemDropRules/DropPerPlayerOnThePlayer.cs	shared-runtime-mechanism	SharedRuntimeMechanisms	version4-confirmed			Version4:Terraria.GameContent.ItemDropRules/DropPerPlayerOnThePlayer.cs	docs/Version4权威游戏模拟子系统全量审查报告-2026-09-05.md#SharedRuntimeMechanisms	Primary owner selected by state writer/lifecycle/call-closure review; path is an inventory locator, not sole evidence.
Terraria.GameContent.ItemDropRules/DropRateInfo.cs	shared-runtime-mechanism	SharedRuntimeMechanisms	version4-confirmed			Version4:Terraria.GameContent.ItemDropRules/DropRateInfo.cs	docs/Version4权威游戏模拟子系统全量审查报告-2026-09-05.md#SharedRuntimeMechanisms	Primary owner selected by state writer/lifecycle/call-closure review; path is an inventory locator, not sole evidence.
Terraria.GameContent.ItemDropRules/DropRateInfoChainFeed.cs	shared-runtime-mechanism	SharedRuntimeMechanisms	version4-confirmed			Version4:Terraria.GameContent.ItemDropRules/DropRateInfoChainFeed.cs	docs/Version4权威游戏模拟子系统全量审查报告-2026-09-05.md#SharedRuntimeMechanisms	Primary owner selected by state writer/lifecycle/call-closure review; path is an inventory locator, not sole evidence.
Terraria.GameContent.ItemDropRules/FromOptionsWithoutRepeatsDropRule.cs	shared-runtime-mechanism	SharedRuntimeMechanisms	version4-confirmed			Version4:Terraria.GameContent.ItemDropRules/FromOptionsWithoutRepeatsDropRule.cs	docs/Version4权威游戏模拟子系统全量审查报告-2026-09-05.md#SharedRuntimeMechanisms	Primary owner selected by state writer/lifecycle/call-closure review; path is an inventory locator, not sole evidence.
Terraria.GameContent.ItemDropRules/IItemDropRule.cs	shared-runtime-mechanism	SharedRuntimeMechanisms	version4-confirmed			Version4:Terraria.GameContent.ItemDropRules/IItemDropRule.cs	docs/Version4权威游戏模拟子系统全量审查报告-2026-09-05.md#SharedRuntimeMechanisms	Primary owner selected by state writer/lifecycle/call-closure review; path is an inventory locator, not sole evidence.
Terraria.GameContent.ItemDropRules/IItemDropRuleChainAttempt.cs	shared-runtime-mechanism	SharedRuntimeMechanisms	version4-confirmed			Version4:Terraria.GameContent.ItemDropRules/IItemDropRuleChainAttempt.cs	docs/Version4权威游戏模拟子系统全量审查报告-2026-09-05.md#SharedRuntimeMechanisms	Primary owner selected by state writer/lifecycle/call-closure review; path is an inventory locator, not sole evidence.
Terraria.GameContent.ItemDropRules/IItemDropRuleCondition.cs	shared-runtime-mechanism	SharedRuntimeMechanisms	version4-confirmed			Version4:Terraria.GameContent.ItemDropRules/IItemDropRuleCondition.cs	docs/Version4权威游戏模拟子系统全量审查报告-2026-09-05.md#SharedRuntimeMechanisms	Primary owner selected by state writer/lifecycle/call-closure review; path is an inventory locator, not sole evidence.
Terraria.GameContent.ItemDropRules/INestedItemDropRule.cs	shared-runtime-mechanism	SharedRuntimeMechanisms	version4-confirmed			Version4:Terraria.GameContent.ItemDropRules/INestedItemDropRule.cs	docs/Version4权威游戏模拟子系统全量审查报告-2026-09-05.md#SharedRuntimeMechanisms	Primary owner selected by state writer/lifecycle/call-closure review; path is an inventory locator, not sole evidence.
Terraria.GameContent.ItemDropRules/IProvideItemConditionDescription.cs	shared-runtime-mechanism	SharedRuntimeMechanisms	version4-confirmed			Version4:Terraria.GameContent.ItemDropRules/IProvideItemConditionDescription.cs	docs/Version4权威游戏模拟子系统全量审查报告-2026-09-05.md#SharedRuntimeMechanisms	Primary owner selected by state writer/lifecycle/call-closure review; path is an inventory locator, not sole evidence.
Terraria.GameContent.ItemDropRules/ItemDropAttemptResult.cs	shared-runtime-mechanism	SharedRuntimeMechanisms	version4-confirmed			Version4:Terraria.GameContent.ItemDropRules/ItemDropAttemptResult.cs	docs/Version4权威游戏模拟子系统全量审查报告-2026-09-05.md#SharedRuntimeMechanisms	Primary owner selected by state writer/lifecycle/call-closure review; path is an inventory locator, not sole evidence.
Terraria.GameContent.ItemDropRules/ItemDropAttemptResultState.cs	shared-runtime-mechanism	SharedRuntimeMechanisms	version4-confirmed			Version4:Terraria.GameContent.ItemDropRules/ItemDropAttemptResultState.cs	docs/Version4权威游戏模拟子系统全量审查报告-2026-09-05.md#SharedRuntimeMechanisms	Primary owner selected by state writer/lifecycle/call-closure review; path is an inventory locator, not sole evidence.
Terraria.GameContent.ItemDropRules/ItemDropDatabase.cs	shared-runtime-mechanism	SharedRuntimeMechanisms	version4-confirmed			Version4:Terraria.GameContent.ItemDropRules/ItemDropDatabase.cs	docs/Version4权威游戏模拟子系统全量审查报告-2026-09-05.md#SharedRuntimeMechanisms	Primary owner selected by state writer/lifecycle/call-closure review; path is an inventory locator, not sole evidence.
Terraria.GameContent.ItemDropRules/ItemDropResolver.cs	shared-runtime-mechanism	SharedRuntimeMechanisms	version4-confirmed			Version4:Terraria.GameContent.ItemDropRules/ItemDropResolver.cs	docs/Version4权威游戏模拟子系统全量审查报告-2026-09-05.md#SharedRuntimeMechanisms	Primary owner selected by state writer/lifecycle/call-closure review; path is an inventory locator, not sole evidence.
Terraria.GameContent.ItemDropRules/ItemDropRule.cs	shared-runtime-mechanism	SharedRuntimeMechanisms	version4-confirmed			Version4:Terraria.GameContent.ItemDropRules/ItemDropRule.cs	docs/Version4权威游戏模拟子系统全量审查报告-2026-09-05.md#SharedRuntimeMechanisms	Primary owner selected by state writer/lifecycle/call-closure review; path is an inventory locator, not sole evidence.
Terraria.GameContent.ItemDropRules/ItemDropRuleResolveAction.cs	shared-runtime-mechanism	SharedRuntimeMechanisms	version4-confirmed			Version4:Terraria.GameContent.ItemDropRules/ItemDropRuleResolveAction.cs	docs/Version4权威游戏模拟子系统全量审查报告-2026-09-05.md#SharedRuntimeMechanisms	Primary owner selected by state writer/lifecycle/call-closure review; path is an inventory locator, not sole evidence.
Terraria.GameContent.ItemDropRules/ItemDropWithConditionRule.cs	shared-runtime-mechanism	SharedRuntimeMechanisms	version4-confirmed			Version4:Terraria.GameContent.ItemDropRules/ItemDropWithConditionRule.cs	docs/Version4权威游戏模拟子系统全量审查报告-2026-09-05.md#SharedRuntimeMechanisms	Primary owner selected by state writer/lifecycle/call-closure review; path is an inventory locator, not sole evidence.
Terraria.GameContent.ItemDropRules/LeadingConditionRule.cs	shared-runtime-mechanism	SharedRuntimeMechanisms	version4-confirmed			Version4:Terraria.GameContent.ItemDropRules/LeadingConditionRule.cs	docs/Version4权威游戏模拟子系统全量审查报告-2026-09-05.md#SharedRuntimeMechanisms	Primary owner selected by state writer/lifecycle/call-closure review; path is an inventory locator, not sole evidence.
Terraria.GameContent.ItemDropRules/MechBossSpawnersDropRule.cs	shared-runtime-mechanism	SharedRuntimeMechanisms	version4-confirmed			Version4:Terraria.GameContent.ItemDropRules/MechBossSpawnersDropRule.cs	docs/Version4权威游戏模拟子系统全量审查报告-2026-09-05.md#SharedRuntimeMechanisms	Primary owner selected by state writer/lifecycle/call-closure review; path is an inventory locator, not sole evidence.
Terraria.GameContent.ItemDropRules/OneFromOptionsDropRule.cs	shared-runtime-mechanism	SharedRuntimeMechanisms	version4-confirmed			Version4:Terraria.GameContent.ItemDropRules/OneFromOptionsDropRule.cs	docs/Version4权威游戏模拟子系统全量审查报告-2026-09-05.md#SharedRuntimeMechanisms	Primary owner selected by state writer/lifecycle/call-closure review; path is an inventory locator, not sole evidence.
Terraria.GameContent.ItemDropRules/OneFromOptionsNotScaledWithLuckDropRule.cs	shared-runtime-mechanism	SharedRuntimeMechanisms	version4-confirmed			Version4:Terraria.GameContent.ItemDropRules/OneFromOptionsNotScaledWithLuckDropRule.cs	docs/Version4权威游戏模拟子系统全量审查报告-2026-09-05.md#SharedRuntimeMechanisms	Primary owner selected by state writer/lifecycle/call-closure review; path is an inventory locator, not sole evidence.
Terraria.GameContent.ItemDropRules/OneFromRulesRule.cs	shared-runtime-mechanism	SharedRuntimeMechanisms	version4-confirmed			Version4:Terraria.GameContent.ItemDropRules/OneFromRulesRule.cs	docs/Version4权威游戏模拟子系统全量审查报告-2026-09-05.md#SharedRuntimeMechanisms	Primary owner selected by state writer/lifecycle/call-closure review; path is an inventory locator, not sole evidence.
Terraria.GameContent.ItemDropRules/SlimeBodyItemDropRule.cs	shared-runtime-mechanism	SharedRuntimeMechanisms	version4-confirmed			Version4:Terraria.GameContent.ItemDropRules/SlimeBodyItemDropRule.cs	docs/Version4权威游戏模拟子系统全量审查报告-2026-09-05.md#SharedRuntimeMechanisms	Primary owner selected by state writer/lifecycle/call-closure review; path is an inventory locator, not sole evidence.
Terraria.GameContent.ItemDropRules/StatueMimicItemDropRule.cs	shared-runtime-mechanism	SharedRuntimeMechanisms	version4-confirmed			Version4:Terraria.GameContent.ItemDropRules/StatueMimicItemDropRule.cs	docs/Version4权威游戏模拟子系统全量审查报告-2026-09-05.md#SharedRuntimeMechanisms	Primary owner selected by state writer/lifecycle/call-closure review; path is an inventory locator, not sole evidence.
Terraria.GameContent.Items/ItemVariant.cs	shared-runtime-mechanism	SharedRuntimeMechanisms	version4-confirmed			Version4:Terraria.GameContent.Items/ItemVariant.cs	docs/Version4权威游戏模拟子系统全量审查报告-2026-09-05.md#SharedRuntimeMechanisms	Primary owner selected by state writer/lifecycle/call-closure review; path is an inventory locator, not sole evidence.
Terraria.GameContent.Items/ItemVariantCondition.cs	shared-runtime-mechanism	SharedRuntimeMechanisms	version4-confirmed			Version4:Terraria.GameContent.Items/ItemVariantCondition.cs	docs/Version4权威游戏模拟子系统全量审查报告-2026-09-05.md#SharedRuntimeMechanisms	Primary owner selected by state writer/lifecycle/call-closure review; path is an inventory locator, not sole evidence.
Terraria.GameContent.Items/ItemVariants.cs	shared-runtime-mechanism	SharedRuntimeMechanisms	version4-confirmed			Version4:Terraria.GameContent.Items/ItemVariants.cs	docs/Version4权威游戏模拟子系统全量审查报告-2026-09-05.md#SharedRuntimeMechanisms	Primary owner selected by state writer/lifecycle/call-closure review; path is an inventory locator, not sole evidence.
Terraria.GameContent.Items/TagEffectState.cs	shared-runtime-mechanism	SharedRuntimeMechanisms	version4-confirmed			Version4:Terraria.GameContent.Items/TagEffectState.cs	docs/Version4权威游戏模拟子系统全量审查报告-2026-09-05.md#SharedRuntimeMechanisms	Primary owner selected by state writer/lifecycle/call-closure review; path is an inventory locator, not sole evidence.
Terraria.GameContent.Items/UniqueTagEffect.cs	shared-runtime-mechanism	SharedRuntimeMechanisms	version4-confirmed			Version4:Terraria.GameContent.Items/UniqueTagEffect.cs	docs/Version4权威游戏模拟子系统全量审查报告-2026-09-05.md#SharedRuntimeMechanisms	Primary owner selected by state writer/lifecycle/call-closure review; path is an inventory locator, not sole evidence.
Terraria.GameContent.Items/WhipTagEffect_DarkHarvest.cs	shared-runtime-mechanism	SharedRuntimeMechanisms	version4-confirmed			Version4:Terraria.GameContent.Items/WhipTagEffect_DarkHarvest.cs	docs/Version4权威游戏模拟子系统全量审查报告-2026-09-05.md#SharedRuntimeMechanisms	Primary owner selected by state writer/lifecycle/call-closure review; path is an inventory locator, not sole evidence.
Terraria.GameContent.Items/WhipTagEffect_Firecracker.cs	shared-runtime-mechanism	SharedRuntimeMechanisms	version4-confirmed			Version4:Terraria.GameContent.Items/WhipTagEffect_Firecracker.cs	docs/Version4权威游戏模拟子系统全量审查报告-2026-09-05.md#SharedRuntimeMechanisms	Primary owner selected by state writer/lifecycle/call-closure review; path is an inventory locator, not sole evidence.
Terraria.GameContent.Items/WhipTagEffect_Kaleidoscope.cs	shared-runtime-mechanism	SharedRuntimeMechanisms	version4-confirmed			Version4:Terraria.GameContent.Items/WhipTagEffect_Kaleidoscope.cs	docs/Version4权威游戏模拟子系统全量审查报告-2026-09-05.md#SharedRuntimeMechanisms	Primary owner selected by state writer/lifecycle/call-closure review; path is an inventory locator, not sole evidence.
Terraria.GameContent.Items/WhipTagEffect_Possession.cs	shared-runtime-mechanism	SharedRuntimeMechanisms	version4-confirmed			Version4:Terraria.GameContent.Items/WhipTagEffect_Possession.cs	docs/Version4权威游戏模拟子系统全量审查报告-2026-09-05.md#SharedRuntimeMechanisms	Primary owner selected by state writer/lifecycle/call-closure review; path is an inventory locator, not sole evidence.
Terraria.GameContent.Items/WhipTagEffect_Starcrash.cs	shared-runtime-mechanism	SharedRuntimeMechanisms	version4-confirmed			Version4:Terraria.GameContent.Items/WhipTagEffect_Starcrash.cs	docs/Version4权威游戏模拟子系统全量审查报告-2026-09-05.md#SharedRuntimeMechanisms	Primary owner selected by state writer/lifecycle/call-closure review; path is an inventory locator, not sole evidence.
Terraria.GameContent.Items/WhipTagEffect_ViolentDisplayOfFlower.cs	shared-runtime-mechanism	SharedRuntimeMechanisms	version4-confirmed			Version4:Terraria.GameContent.Items/WhipTagEffect_ViolentDisplayOfFlower.cs	docs/Version4权威游戏模拟子系统全量审查报告-2026-09-05.md#SharedRuntimeMechanisms	Primary owner selected by state writer/lifecycle/call-closure review; path is an inventory locator, not sole evidence.
Terraria.GameContent.Items/WhipTagEffect.cs	shared-runtime-mechanism	SharedRuntimeMechanisms	version4-confirmed			Version4:Terraria.GameContent.Items/WhipTagEffect.cs	docs/Version4权威游戏模拟子系统全量审查报告-2026-09-05.md#SharedRuntimeMechanisms	Primary owner selected by state writer/lifecycle/call-closure review; path is an inventory locator, not sole evidence.
Terraria.GameContent.LeashedEntities/BirdLeashedCritter.cs	subsystem-evidence	LeashedEntitySimulation	version4-confirmed			Version4:Terraria.GameContent.LeashedEntities/BirdLeashedCritter.cs	docs/Version4权威游戏模拟子系统全量审查报告-2026-09-05.md#LeashedEntitySimulation	Primary owner selected by state writer/lifecycle/call-closure review; path is an inventory locator, not sole evidence.
Terraria.GameContent.LeashedEntities/CrawlerLeashedCritter.cs	subsystem-evidence	LeashedEntitySimulation	version4-confirmed			Version4:Terraria.GameContent.LeashedEntities/CrawlerLeashedCritter.cs	docs/Version4权威游戏模拟子系统全量审查报告-2026-09-05.md#LeashedEntitySimulation	Primary owner selected by state writer/lifecycle/call-closure review; path is an inventory locator, not sole evidence.
Terraria.GameContent.LeashedEntities/CrawlingFlyLeashedCritter.cs	subsystem-evidence	LeashedEntitySimulation	version4-confirmed			Version4:Terraria.GameContent.LeashedEntities/CrawlingFlyLeashedCritter.cs	docs/Version4权威游戏模拟子系统全量审查报告-2026-09-05.md#LeashedEntitySimulation	Primary owner selected by state writer/lifecycle/call-closure review; path is an inventory locator, not sole evidence.
Terraria.GameContent.LeashedEntities/DragonflyLeashedCritter.cs	subsystem-evidence	LeashedEntitySimulation	version4-confirmed			Version4:Terraria.GameContent.LeashedEntities/DragonflyLeashedCritter.cs	docs/Version4权威游戏模拟子系统全量审查报告-2026-09-05.md#LeashedEntitySimulation	Primary owner selected by state writer/lifecycle/call-closure review; path is an inventory locator, not sole evidence.
Terraria.GameContent.LeashedEntities/EmpressButterflyLeashedCritter.cs	subsystem-evidence	LeashedEntitySimulation	version4-confirmed			Version4:Terraria.GameContent.LeashedEntities/EmpressButterflyLeashedCritter.cs	docs/Version4权威游戏模拟子系统全量审查报告-2026-09-05.md#LeashedEntitySimulation	Primary owner selected by state writer/lifecycle/call-closure review; path is an inventory locator, not sole evidence.
Terraria.GameContent.LeashedEntities/FairyLeashedCritter.cs	subsystem-evidence	LeashedEntitySimulation	version4-confirmed			Version4:Terraria.GameContent.LeashedEntities/FairyLeashedCritter.cs	docs/Version4权威游戏模拟子系统全量审查报告-2026-09-05.md#LeashedEntitySimulation	Primary owner selected by state writer/lifecycle/call-closure review; path is an inventory locator, not sole evidence.
Terraria.GameContent.LeashedEntities/FireflyLeashedCritter.cs	subsystem-evidence	LeashedEntitySimulation	version4-confirmed			Version4:Terraria.GameContent.LeashedEntities/FireflyLeashedCritter.cs	docs/Version4权威游戏模拟子系统全量审查报告-2026-09-05.md#LeashedEntitySimulation	Primary owner selected by state writer/lifecycle/call-closure review; path is an inventory locator, not sole evidence.
Terraria.GameContent.LeashedEntities/FishLeashedCritter.cs	subsystem-evidence	LeashedEntitySimulation	version4-confirmed			Version4:Terraria.GameContent.LeashedEntities/FishLeashedCritter.cs	docs/Version4权威游戏模拟子系统全量审查报告-2026-09-05.md#LeashedEntitySimulation	Primary owner selected by state writer/lifecycle/call-closure review; path is an inventory locator, not sole evidence.
Terraria.GameContent.LeashedEntities/FlyerLeashedCritter.cs	subsystem-evidence	LeashedEntitySimulation	version4-confirmed			Version4:Terraria.GameContent.LeashedEntities/FlyerLeashedCritter.cs	docs/Version4权威游戏模拟子系统全量审查报告-2026-09-05.md#LeashedEntitySimulation	Primary owner selected by state writer/lifecycle/call-closure review; path is an inventory locator, not sole evidence.
Terraria.GameContent.LeashedEntities/FlyLeashedCritter.cs	subsystem-evidence	LeashedEntitySimulation	version4-confirmed			Version4:Terraria.GameContent.LeashedEntities/FlyLeashedCritter.cs	docs/Version4权威游戏模拟子系统全量审查报告-2026-09-05.md#LeashedEntitySimulation	Primary owner selected by state writer/lifecycle/call-closure review; path is an inventory locator, not sole evidence.
Terraria.GameContent.LeashedEntities/HellButterflyLeashedCritter.cs	subsystem-evidence	LeashedEntitySimulation	version4-confirmed			Version4:Terraria.GameContent.LeashedEntities/HellButterflyLeashedCritter.cs	docs/Version4权威游戏模拟子系统全量审查报告-2026-09-05.md#LeashedEntitySimulation	Primary owner selected by state writer/lifecycle/call-closure review; path is an inventory locator, not sole evidence.
Terraria.GameContent.LeashedEntities/JumperLeashedCritter.cs	subsystem-evidence	LeashedEntitySimulation	version4-confirmed			Version4:Terraria.GameContent.LeashedEntities/JumperLeashedCritter.cs	docs/Version4权威游戏模拟子系统全量审查报告-2026-09-05.md#LeashedEntitySimulation	Primary owner selected by state writer/lifecycle/call-closure review; path is an inventory locator, not sole evidence.
Terraria.GameContent.LeashedEntities/LeashedCritter.cs	subsystem-evidence	LeashedEntitySimulation	version4-confirmed			Version4:Terraria.GameContent.LeashedEntities/LeashedCritter.cs	docs/Version4权威游戏模拟子系统全量审查报告-2026-09-05.md#LeashedEntitySimulation	Primary owner selected by state writer/lifecycle/call-closure review; path is an inventory locator, not sole evidence.
Terraria.GameContent.LeashedEntities/LeashedKite.cs	subsystem-evidence	LeashedEntitySimulation	version4-confirmed			Version4:Terraria.GameContent.LeashedEntities/LeashedKite.cs	docs/Version4权威游戏模拟子系统全量审查报告-2026-09-05.md#LeashedEntitySimulation	Primary owner selected by state writer/lifecycle/call-closure review; path is an inventory locator, not sole evidence.
Terraria.GameContent.LeashedEntities/NormalButterflyLeashedCritter.cs	subsystem-evidence	LeashedEntitySimulation	version4-confirmed			Version4:Terraria.GameContent.LeashedEntities/NormalButterflyLeashedCritter.cs	docs/Version4权威游戏模拟子系统全量审查报告-2026-09-05.md#LeashedEntitySimulation	Primary owner selected by state writer/lifecycle/call-closure review; path is an inventory locator, not sole evidence.
Terraria.GameContent.LeashedEntities/RunnerLeashedCritter.cs	subsystem-evidence	LeashedEntitySimulation	version4-confirmed			Version4:Terraria.GameContent.LeashedEntities/RunnerLeashedCritter.cs	docs/Version4权威游戏模拟子系统全量审查报告-2026-09-05.md#LeashedEntitySimulation	Primary owner selected by state writer/lifecycle/call-closure review; path is an inventory locator, not sole evidence.
Terraria.GameContent.LeashedEntities/ShimmerFlyLeashedCritter.cs	subsystem-evidence	LeashedEntitySimulation	version4-confirmed			Version4:Terraria.GameContent.LeashedEntities/ShimmerFlyLeashedCritter.cs	docs/Version4权威游戏模拟子系统全量审查报告-2026-09-05.md#LeashedEntitySimulation	Primary owner selected by state writer/lifecycle/call-closure review; path is an inventory locator, not sole evidence.
Terraria.GameContent.LeashedEntities/SnailLeashedCritter.cs	subsystem-evidence	LeashedEntitySimulation	version4-confirmed			Version4:Terraria.GameContent.LeashedEntities/SnailLeashedCritter.cs	docs/Version4权威游戏模拟子系统全量审查报告-2026-09-05.md#LeashedEntitySimulation	Primary owner selected by state writer/lifecycle/call-closure review; path is an inventory locator, not sole evidence.
Terraria.GameContent.LeashedEntities/WalkerLeashedCritter.cs	subsystem-evidence	LeashedEntitySimulation	version4-confirmed			Version4:Terraria.GameContent.LeashedEntities/WalkerLeashedCritter.cs	docs/Version4权威游戏模拟子系统全量审查报告-2026-09-05.md#LeashedEntitySimulation	Primary owner selected by state writer/lifecycle/call-closure review; path is an inventory locator, not sole evidence.
Terraria.GameContent.LeashedEntities/WaterfowlLeashedCritter.cs	subsystem-evidence	LeashedEntitySimulation	version4-confirmed			Version4:Terraria.GameContent.LeashedEntities/WaterfowlLeashedCritter.cs	docs/Version4权威游戏模拟子系统全量审查报告-2026-09-05.md#LeashedEntitySimulation	Primary owner selected by state writer/lifecycle/call-closure review; path is an inventory locator, not sole evidence.
Terraria.GameContent.LeashedEntities/WaterStriderLeashedCritter.cs	subsystem-evidence	LeashedEntitySimulation	version4-confirmed			Version4:Terraria.GameContent.LeashedEntities/WaterStriderLeashedCritter.cs	docs/Version4权威游戏模拟子系统全量审查报告-2026-09-05.md#LeashedEntitySimulation	Primary owner selected by state writer/lifecycle/call-closure review; path is an inventory locator, not sole evidence.
Terraria.GameContent.Liquid/LiquidRenderer.cs	excluded	ClientPresentationAndTools	version4-confirmed			Version4:Terraria.GameContent.Liquid/LiquidRenderer.cs	docs/Version4权威游戏模拟子系统全量审查报告-2026-09-05.md#ClientPresentationAndTools	Primary owner selected by state writer/lifecycle/call-closure review; path is an inventory locator, not sole evidence.
Terraria.GameContent.LootSimulation/LootSimulationItemCounter.cs	shared-runtime-mechanism	SharedRuntimeMechanisms	version4-confirmed			Version4:Terraria.GameContent.LootSimulation/LootSimulationItemCounter.cs	docs/Version4权威游戏模拟子系统全量审查报告-2026-09-05.md#SharedRuntimeMechanisms	Primary owner selected by state writer/lifecycle/call-closure review; path is an inventory locator, not sole evidence.
Terraria.GameContent.LootSimulation/SimulatorInfo.cs	shared-runtime-mechanism	SharedRuntimeMechanisms	version4-confirmed			Version4:Terraria.GameContent.LootSimulation/SimulatorInfo.cs	docs/Version4权威游戏模拟子系统全量审查报告-2026-09-05.md#SharedRuntimeMechanisms	Primary owner selected by state writer/lifecycle/call-closure review; path is an inventory locator, not sole evidence.
Terraria.GameContent.Metadata/TileMaterials.cs	shared-runtime-mechanism	SharedRuntimeMechanisms	version4-confirmed			Version4:Terraria.GameContent.Metadata/TileMaterials.cs	docs/Version4权威游戏模拟子系统全量审查报告-2026-09-05.md#SharedRuntimeMechanisms	Primary owner selected by state writer/lifecycle/call-closure review; path is an inventory locator, not sole evidence.
Terraria.GameContent.NetModules/NetAmbienceModule.cs	shared-runtime-mechanism	SharedRuntimeMechanisms	version4-confirmed			Version4:Terraria.GameContent.NetModules/NetAmbienceModule.cs	docs/Version4权威游戏模拟子系统全量审查报告-2026-09-05.md#SharedRuntimeMechanisms	Primary owner selected by state writer/lifecycle/call-closure review; path is an inventory locator, not sole evidence.
Terraria.GameContent.NetModules/NetBestiaryModule.cs	shared-runtime-mechanism	SharedRuntimeMechanisms	version4-confirmed			Version4:Terraria.GameContent.NetModules/NetBestiaryModule.cs	docs/Version4权威游戏模拟子系统全量审查报告-2026-09-05.md#SharedRuntimeMechanisms	Primary owner selected by state writer/lifecycle/call-closure review; path is an inventory locator, not sole evidence.
Terraria.GameContent.NetModules/NetCreativePowerPermissionsModule.cs	shared-runtime-mechanism	SharedRuntimeMechanisms	version4-confirmed			Version4:Terraria.GameContent.NetModules/NetCreativePowerPermissionsModule.cs	docs/Version4权威游戏模拟子系统全量审查报告-2026-09-05.md#SharedRuntimeMechanisms	Primary owner selected by state writer/lifecycle/call-closure review; path is an inventory locator, not sole evidence.
Terraria.GameContent.NetModules/NetCreativePowersModule.cs	shared-runtime-mechanism	SharedRuntimeMechanisms	version4-confirmed			Version4:Terraria.GameContent.NetModules/NetCreativePowersModule.cs	docs/Version4权威游戏模拟子系统全量审查报告-2026-09-05.md#SharedRuntimeMechanisms	Primary owner selected by state writer/lifecycle/call-closure review; path is an inventory locator, not sole evidence.
Terraria.GameContent.NetModules/NetCreativeUnlocksPlayerReportModule.cs	shared-runtime-mechanism	SharedRuntimeMechanisms	version4-confirmed			Version4:Terraria.GameContent.NetModules/NetCreativeUnlocksPlayerReportModule.cs	docs/Version4权威游戏模拟子系统全量审查报告-2026-09-05.md#SharedRuntimeMechanisms	Primary owner selected by state writer/lifecycle/call-closure review; path is an inventory locator, not sole evidence.
Terraria.GameContent.NetModules/NetLiquidModule.cs	shared-runtime-mechanism	SharedRuntimeMechanisms	version4-confirmed			Version4:Terraria.GameContent.NetModules/NetLiquidModule.cs	docs/Version4权威游戏模拟子系统全量审查报告-2026-09-05.md#SharedRuntimeMechanisms	Primary owner selected by state writer/lifecycle/call-closure review; path is an inventory locator, not sole evidence.
Terraria.GameContent.NetModules/NetParticlesModule.cs	shared-runtime-mechanism	SharedRuntimeMechanisms	version4-confirmed			Version4:Terraria.GameContent.NetModules/NetParticlesModule.cs	docs/Version4权威游戏模拟子系统全量审查报告-2026-09-05.md#SharedRuntimeMechanisms	Primary owner selected by state writer/lifecycle/call-closure review; path is an inventory locator, not sole evidence.
Terraria.GameContent.NetModules/NetPingModule.cs	shared-runtime-mechanism	SharedRuntimeMechanisms	version4-confirmed			Version4:Terraria.GameContent.NetModules/NetPingModule.cs	docs/Version4权威游戏模拟子系统全量审查报告-2026-09-05.md#SharedRuntimeMechanisms	Primary owner selected by state writer/lifecycle/call-closure review; path is an inventory locator, not sole evidence.
Terraria.GameContent.NetModules/NetTeleportPylonModule.cs	shared-runtime-mechanism	SharedRuntimeMechanisms	version4-confirmed			Version4:Terraria.GameContent.NetModules/NetTeleportPylonModule.cs	docs/Version4权威游戏模拟子系统全量审查报告-2026-09-05.md#SharedRuntimeMechanisms	Primary owner selected by state writer/lifecycle/call-closure review; path is an inventory locator, not sole evidence.
Terraria.GameContent.NetModules/NetTextModule.cs	shared-runtime-mechanism	SharedRuntimeMechanisms	version4-confirmed			Version4:Terraria.GameContent.NetModules/NetTextModule.cs	docs/Version4权威游戏模拟子系统全量审查报告-2026-09-05.md#SharedRuntimeMechanisms	Primary owner selected by state writer/lifecycle/call-closure review; path is an inventory locator, not sole evidence.
Terraria.GameContent.ObjectInteractions/AHoverInteractionChecker.cs	shared-runtime-mechanism	SharedRuntimeMechanisms	version4-confirmed			Version4:Terraria.GameContent.ObjectInteractions/AHoverInteractionChecker.cs	docs/Version4权威游戏模拟子系统全量审查报告-2026-09-05.md#SharedRuntimeMechanisms	Primary owner selected by state writer/lifecycle/call-closure review; path is an inventory locator, not sole evidence.
Terraria.GameContent.ObjectInteractions/BlockBecauseYouAreOverAnImportantTile.cs	shared-runtime-mechanism	SharedRuntimeMechanisms	version4-confirmed			Version4:Terraria.GameContent.ObjectInteractions/BlockBecauseYouAreOverAnImportantTile.cs	docs/Version4权威游戏模拟子系统全量审查报告-2026-09-05.md#SharedRuntimeMechanisms	Primary owner selected by state writer/lifecycle/call-closure review; path is an inventory locator, not sole evidence.
Terraria.GameContent.ObjectInteractions/ISmartInteractBlockReasonProvider.cs	shared-runtime-mechanism	SharedRuntimeMechanisms	version4-confirmed			Version4:Terraria.GameContent.ObjectInteractions/ISmartInteractBlockReasonProvider.cs	docs/Version4权威游戏模拟子系统全量审查报告-2026-09-05.md#SharedRuntimeMechanisms	Primary owner selected by state writer/lifecycle/call-closure review; path is an inventory locator, not sole evidence.
Terraria.GameContent.ObjectInteractions/ISmartInteractCandidate.cs	shared-runtime-mechanism	SharedRuntimeMechanisms	version4-confirmed			Version4:Terraria.GameContent.ObjectInteractions/ISmartInteractCandidate.cs	docs/Version4权威游戏模拟子系统全量审查报告-2026-09-05.md#SharedRuntimeMechanisms	Primary owner selected by state writer/lifecycle/call-closure review; path is an inventory locator, not sole evidence.
Terraria.GameContent.ObjectInteractions/ISmartInteractCandidateProvider.cs	shared-runtime-mechanism	SharedRuntimeMechanisms	version4-confirmed			Version4:Terraria.GameContent.ObjectInteractions/ISmartInteractCandidateProvider.cs	docs/Version4权威游戏模拟子系统全量审查报告-2026-09-05.md#SharedRuntimeMechanisms	Primary owner selected by state writer/lifecycle/call-closure review; path is an inventory locator, not sole evidence.
Terraria.GameContent.ObjectInteractions/NPCSmartInteractCandidateProvider.cs	shared-runtime-mechanism	SharedRuntimeMechanisms	version4-confirmed			Version4:Terraria.GameContent.ObjectInteractions/NPCSmartInteractCandidateProvider.cs	docs/Version4权威游戏模拟子系统全量审查报告-2026-09-05.md#SharedRuntimeMechanisms	Primary owner selected by state writer/lifecycle/call-closure review; path is an inventory locator, not sole evidence.
Terraria.GameContent.ObjectInteractions/PotionOfReturnGateInteractionChecker.cs	shared-runtime-mechanism	SharedRuntimeMechanisms	version4-confirmed			Version4:Terraria.GameContent.ObjectInteractions/PotionOfReturnGateInteractionChecker.cs	docs/Version4权威游戏模拟子系统全量审查报告-2026-09-05.md#SharedRuntimeMechanisms	Primary owner selected by state writer/lifecycle/call-closure review; path is an inventory locator, not sole evidence.
Terraria.GameContent.ObjectInteractions/PotionOfReturnSmartInteractCandidateProvider.cs	shared-runtime-mechanism	SharedRuntimeMechanisms	version4-confirmed			Version4:Terraria.GameContent.ObjectInteractions/PotionOfReturnSmartInteractCandidateProvider.cs	docs/Version4权威游戏模拟子系统全量审查报告-2026-09-05.md#SharedRuntimeMechanisms	Primary owner selected by state writer/lifecycle/call-closure review; path is an inventory locator, not sole evidence.
Terraria.GameContent.ObjectInteractions/ProjectileSmartInteractCandidateProvider.cs	shared-runtime-mechanism	SharedRuntimeMechanisms	version4-confirmed			Version4:Terraria.GameContent.ObjectInteractions/ProjectileSmartInteractCandidateProvider.cs	docs/Version4权威游戏模拟子系统全量审查报告-2026-09-05.md#SharedRuntimeMechanisms	Primary owner selected by state writer/lifecycle/call-closure review; path is an inventory locator, not sole evidence.
Terraria.GameContent.ObjectInteractions/SmartInteractScanSettings.cs	shared-runtime-mechanism	SharedRuntimeMechanisms	version4-confirmed			Version4:Terraria.GameContent.ObjectInteractions/SmartInteractScanSettings.cs	docs/Version4权威游戏模拟子系统全量审查报告-2026-09-05.md#SharedRuntimeMechanisms	Primary owner selected by state writer/lifecycle/call-closure review; path is an inventory locator, not sole evidence.
Terraria.GameContent.ObjectInteractions/SmartInteractSystem.cs	shared-runtime-mechanism	SharedRuntimeMechanisms	version4-confirmed			Version4:Terraria.GameContent.ObjectInteractions/SmartInteractSystem.cs	docs/Version4权威游戏模拟子系统全量审查报告-2026-09-05.md#SharedRuntimeMechanisms	Primary owner selected by state writer/lifecycle/call-closure review; path is an inventory locator, not sole evidence.
Terraria.GameContent.ObjectInteractions/TileSmartInteractCandidateProvider.cs	shared-runtime-mechanism	SharedRuntimeMechanisms	version4-confirmed			Version4:Terraria.GameContent.ObjectInteractions/TileSmartInteractCandidateProvider.cs	docs/Version4权威游戏模拟子系统全量审查报告-2026-09-05.md#SharedRuntimeMechanisms	Primary owner selected by state writer/lifecycle/call-closure review; path is an inventory locator, not sole evidence.
Terraria.GameContent.Personalities/AffectionLevel.cs	shared-runtime-mechanism	SharedRuntimeMechanisms	version4-confirmed			Version4:Terraria.GameContent.Personalities/AffectionLevel.cs	docs/Version4权威游戏模拟子系统全量审查报告-2026-09-05.md#SharedRuntimeMechanisms	Primary owner selected by state writer/lifecycle/call-closure review; path is an inventory locator, not sole evidence.
Terraria.GameContent.Personalities/AShoppingBiome.cs	shared-runtime-mechanism	SharedRuntimeMechanisms	version4-confirmed			Version4:Terraria.GameContent.Personalities/AShoppingBiome.cs	docs/Version4权威游戏模拟子系统全量审查报告-2026-09-05.md#SharedRuntimeMechanisms	Primary owner selected by state writer/lifecycle/call-closure review; path is an inventory locator, not sole evidence.
Terraria.GameContent.Personalities/BiomePreferenceListTrait.cs	shared-runtime-mechanism	SharedRuntimeMechanisms	version4-confirmed			Version4:Terraria.GameContent.Personalities/BiomePreferenceListTrait.cs	docs/Version4权威游戏模拟子系统全量审查报告-2026-09-05.md#SharedRuntimeMechanisms	Primary owner selected by state writer/lifecycle/call-closure review; path is an inventory locator, not sole evidence.
Terraria.GameContent.Personalities/CorruptionBiome.cs	shared-runtime-mechanism	SharedRuntimeMechanisms	version4-confirmed			Version4:Terraria.GameContent.Personalities/CorruptionBiome.cs	docs/Version4权威游戏模拟子系统全量审查报告-2026-09-05.md#SharedRuntimeMechanisms	Primary owner selected by state writer/lifecycle/call-closure review; path is an inventory locator, not sole evidence.
Terraria.GameContent.Personalities/CrimsonBiome.cs	shared-runtime-mechanism	SharedRuntimeMechanisms	version4-confirmed			Version4:Terraria.GameContent.Personalities/CrimsonBiome.cs	docs/Version4权威游戏模拟子系统全量审查报告-2026-09-05.md#SharedRuntimeMechanisms	Primary owner selected by state writer/lifecycle/call-closure review; path is an inventory locator, not sole evidence.
Terraria.GameContent.Personalities/DesertBiome.cs	shared-runtime-mechanism	SharedRuntimeMechanisms	version4-confirmed			Version4:Terraria.GameContent.Personalities/DesertBiome.cs	docs/Version4权威游戏模拟子系统全量审查报告-2026-09-05.md#SharedRuntimeMechanisms	Primary owner selected by state writer/lifecycle/call-closure review; path is an inventory locator, not sole evidence.
Terraria.GameContent.Personalities/DungeonBiome.cs	shared-runtime-mechanism	SharedRuntimeMechanisms	version4-confirmed			Version4:Terraria.GameContent.Personalities/DungeonBiome.cs	docs/Version4权威游戏模拟子系统全量审查报告-2026-09-05.md#SharedRuntimeMechanisms	Primary owner selected by state writer/lifecycle/call-closure review; path is an inventory locator, not sole evidence.
Terraria.GameContent.Personalities/ForestBiome.cs	shared-runtime-mechanism	SharedRuntimeMechanisms	version4-confirmed			Version4:Terraria.GameContent.Personalities/ForestBiome.cs	docs/Version4权威游戏模拟子系统全量审查报告-2026-09-05.md#SharedRuntimeMechanisms	Primary owner selected by state writer/lifecycle/call-closure review; path is an inventory locator, not sole evidence.
Terraria.GameContent.Personalities/HallowBiome.cs	shared-runtime-mechanism	SharedRuntimeMechanisms	version4-confirmed			Version4:Terraria.GameContent.Personalities/HallowBiome.cs	docs/Version4权威游戏模拟子系统全量审查报告-2026-09-05.md#SharedRuntimeMechanisms	Primary owner selected by state writer/lifecycle/call-closure review; path is an inventory locator, not sole evidence.
Terraria.GameContent.Personalities/HelperInfo.cs	shared-runtime-mechanism	SharedRuntimeMechanisms	version4-confirmed			Version4:Terraria.GameContent.Personalities/HelperInfo.cs	docs/Version4权威游戏模拟子系统全量审查报告-2026-09-05.md#SharedRuntimeMechanisms	Primary owner selected by state writer/lifecycle/call-closure review; path is an inventory locator, not sole evidence.
Terraria.GameContent.Personalities/IShopPersonalityTrait.cs	shared-runtime-mechanism	SharedRuntimeMechanisms	version4-confirmed			Version4:Terraria.GameContent.Personalities/IShopPersonalityTrait.cs	docs/Version4权威游戏模拟子系统全量审查报告-2026-09-05.md#SharedRuntimeMechanisms	Primary owner selected by state writer/lifecycle/call-closure review; path is an inventory locator, not sole evidence.
Terraria.GameContent.Personalities/JungleBiome.cs	shared-runtime-mechanism	SharedRuntimeMechanisms	version4-confirmed			Version4:Terraria.GameContent.Personalities/JungleBiome.cs	docs/Version4权威游戏模拟子系统全量审查报告-2026-09-05.md#SharedRuntimeMechanisms	Primary owner selected by state writer/lifecycle/call-closure review; path is an inventory locator, not sole evidence.
Terraria.GameContent.Personalities/MushroomBiome.cs	shared-runtime-mechanism	SharedRuntimeMechanisms	version4-confirmed			Version4:Terraria.GameContent.Personalities/MushroomBiome.cs	docs/Version4权威游戏模拟子系统全量审查报告-2026-09-05.md#SharedRuntimeMechanisms	Primary owner selected by state writer/lifecycle/call-closure review; path is an inventory locator, not sole evidence.
Terraria.GameContent.Personalities/OceanBiome.cs	shared-runtime-mechanism	SharedRuntimeMechanisms	version4-confirmed			Version4:Terraria.GameContent.Personalities/OceanBiome.cs	docs/Version4权威游戏模拟子系统全量审查报告-2026-09-05.md#SharedRuntimeMechanisms	Primary owner selected by state writer/lifecycle/call-closure review; path is an inventory locator, not sole evidence.
Terraria.GameContent.Personalities/PersonalityDatabase.cs	shared-runtime-mechanism	SharedRuntimeMechanisms	version4-confirmed			Version4:Terraria.GameContent.Personalities/PersonalityDatabase.cs	docs/Version4权威游戏模拟子系统全量审查报告-2026-09-05.md#SharedRuntimeMechanisms	Primary owner selected by state writer/lifecycle/call-closure review; path is an inventory locator, not sole evidence.
Terraria.GameContent.Personalities/PersonalityDatabasePopulator.cs	shared-runtime-mechanism	SharedRuntimeMechanisms	version4-confirmed			Version4:Terraria.GameContent.Personalities/PersonalityDatabasePopulator.cs	docs/Version4权威游戏模拟子系统全量审查报告-2026-09-05.md#SharedRuntimeMechanisms	Primary owner selected by state writer/lifecycle/call-closure review; path is an inventory locator, not sole evidence.
Terraria.GameContent.Personalities/PersonalityProfile.cs	shared-runtime-mechanism	SharedRuntimeMechanisms	version4-confirmed			Version4:Terraria.GameContent.Personalities/PersonalityProfile.cs	docs/Version4权威游戏模拟子系统全量审查报告-2026-09-05.md#SharedRuntimeMechanisms	Primary owner selected by state writer/lifecycle/call-closure review; path is an inventory locator, not sole evidence.
Terraria.GameContent.Personalities/SnowBiome.cs	shared-runtime-mechanism	SharedRuntimeMechanisms	version4-confirmed			Version4:Terraria.GameContent.Personalities/SnowBiome.cs	docs/Version4权威游戏模拟子系统全量审查报告-2026-09-05.md#SharedRuntimeMechanisms	Primary owner selected by state writer/lifecycle/call-closure review; path is an inventory locator, not sole evidence.
Terraria.GameContent.Personalities/UndergroundBiome.cs	shared-runtime-mechanism	SharedRuntimeMechanisms	version4-confirmed			Version4:Terraria.GameContent.Personalities/UndergroundBiome.cs	docs/Version4权威游戏模拟子系统全量审查报告-2026-09-05.md#SharedRuntimeMechanisms	Primary owner selected by state writer/lifecycle/call-closure review; path is an inventory locator, not sole evidence.
Terraria.GameContent.Prefixes/PrefixLegacy.cs	shared-runtime-mechanism	SharedRuntimeMechanisms	version4-confirmed			Version4:Terraria.GameContent.Prefixes/PrefixLegacy.cs	docs/Version4权威游戏模拟子系统全量审查报告-2026-09-05.md#SharedRuntimeMechanisms	Primary owner selected by state writer/lifecycle/call-closure review; path is an inventory locator, not sole evidence.
Terraria.GameContent.RGB/CommonConditions.cs	shared-runtime-mechanism	SharedRuntimeMechanisms	version4-confirmed			Version4:Terraria.GameContent.RGB/CommonConditions.cs	docs/Version4权威游戏模拟子系统全量审查报告-2026-09-05.md#SharedRuntimeMechanisms	Primary owner selected by state writer/lifecycle/call-closure review; path is an inventory locator, not sole evidence.
Terraria.GameContent.Shaders/RippleShape.cs	shared-runtime-mechanism	SharedRuntimeMechanisms	version4-confirmed			Version4:Terraria.GameContent.Shaders/RippleShape.cs	docs/Version4权威游戏模拟子系统全量审查报告-2026-09-05.md#SharedRuntimeMechanisms	Primary owner selected by state writer/lifecycle/call-closure review; path is an inventory locator, not sole evidence.
Terraria.GameContent.Skies.CreditsRoll/CreditsRollComposer.cs	shared-runtime-mechanism	SharedRuntimeMechanisms	version4-confirmed			Version4:Terraria.GameContent.Skies.CreditsRoll/CreditsRollComposer.cs	docs/Version4权威游戏模拟子系统全量审查报告-2026-09-05.md#SharedRuntimeMechanisms	Primary owner selected by state writer/lifecycle/call-closure review; path is an inventory locator, not sole evidence.
Terraria.GameContent.Skies/CreditsRollSky.cs	shared-runtime-mechanism	SharedRuntimeMechanisms	version4-confirmed			Version4:Terraria.GameContent.Skies/CreditsRollSky.cs	docs/Version4权威游戏模拟子系统全量审查报告-2026-09-05.md#SharedRuntimeMechanisms	Primary owner selected by state writer/lifecycle/call-closure review; path is an inventory locator, not sole evidence.
Terraria.GameContent.Tile_Entities/DisplayDollPoseID.cs	shared-runtime-mechanism	SharedRuntimeMechanisms	version4-confirmed			Version4:Terraria.GameContent.Tile_Entities/DisplayDollPoseID.cs	docs/Version4权威游戏模拟子系统全量审查报告-2026-09-05.md#SharedRuntimeMechanisms	Primary owner selected by state writer/lifecycle/call-closure review; path is an inventory locator, not sole evidence.
Terraria.GameContent.Tile_Entities/DisplayDollSlot.cs	shared-runtime-mechanism	SharedRuntimeMechanisms	version4-confirmed			Version4:Terraria.GameContent.Tile_Entities/DisplayDollSlot.cs	docs/Version4权威游戏模拟子系统全量审查报告-2026-09-05.md#SharedRuntimeMechanisms	Primary owner selected by state writer/lifecycle/call-closure review; path is an inventory locator, not sole evidence.
Terraria.GameContent.Tile_Entities/HatRackSlot.cs	shared-runtime-mechanism	SharedRuntimeMechanisms	version4-confirmed			Version4:Terraria.GameContent.Tile_Entities/HatRackSlot.cs	docs/Version4权威游戏模拟子系统全量审查报告-2026-09-05.md#SharedRuntimeMechanisms	Primary owner selected by state writer/lifecycle/call-closure review; path is an inventory locator, not sole evidence.
Terraria.GameContent.Tile_Entities/TECritterAnchor.cs	shared-runtime-mechanism	SharedRuntimeMechanisms	version4-confirmed			Version4:Terraria.GameContent.Tile_Entities/TECritterAnchor.cs	docs/Version4权威游戏模拟子系统全量审查报告-2026-09-05.md#SharedRuntimeMechanisms	Primary owner selected by state writer/lifecycle/call-closure review; path is an inventory locator, not sole evidence.
Terraria.GameContent.Tile_Entities/TEDeadCellsDisplayJar.cs	shared-runtime-mechanism	SharedRuntimeMechanisms	version4-confirmed			Version4:Terraria.GameContent.Tile_Entities/TEDeadCellsDisplayJar.cs	docs/Version4权威游戏模拟子系统全量审查报告-2026-09-05.md#SharedRuntimeMechanisms	Primary owner selected by state writer/lifecycle/call-closure review; path is an inventory locator, not sole evidence.
Terraria.GameContent.Tile_Entities/TEDisplayDoll.cs	shared-runtime-mechanism	SharedRuntimeMechanisms	version4-confirmed			Version4:Terraria.GameContent.Tile_Entities/TEDisplayDoll.cs	docs/Version4权威游戏模拟子系统全量审查报告-2026-09-05.md#SharedRuntimeMechanisms	Primary owner selected by state writer/lifecycle/call-closure review; path is an inventory locator, not sole evidence.
Terraria.GameContent.Tile_Entities/TEFoodPlatter.cs	shared-runtime-mechanism	SharedRuntimeMechanisms	version4-confirmed			Version4:Terraria.GameContent.Tile_Entities/TEFoodPlatter.cs	docs/Version4权威游戏模拟子系统全量审查报告-2026-09-05.md#SharedRuntimeMechanisms	Primary owner selected by state writer/lifecycle/call-closure review; path is an inventory locator, not sole evidence.
Terraria.GameContent.Tile_Entities/TEHatRack.cs	shared-runtime-mechanism	SharedRuntimeMechanisms	version4-confirmed			Version4:Terraria.GameContent.Tile_Entities/TEHatRack.cs	docs/Version4权威游戏模拟子系统全量审查报告-2026-09-05.md#SharedRuntimeMechanisms	Primary owner selected by state writer/lifecycle/call-closure review; path is an inventory locator, not sole evidence.
Terraria.GameContent.Tile_Entities/TEItemFrame.cs	shared-runtime-mechanism	SharedRuntimeMechanisms	version4-confirmed			Version4:Terraria.GameContent.Tile_Entities/TEItemFrame.cs	docs/Version4权威游戏模拟子系统全量审查报告-2026-09-05.md#SharedRuntimeMechanisms	Primary owner selected by state writer/lifecycle/call-closure review; path is an inventory locator, not sole evidence.
Terraria.GameContent.Tile_Entities/TEKiteAnchor.cs	shared-runtime-mechanism	SharedRuntimeMechanisms	version4-confirmed			Version4:Terraria.GameContent.Tile_Entities/TEKiteAnchor.cs	docs/Version4权威游戏模拟子系统全量审查报告-2026-09-05.md#SharedRuntimeMechanisms	Primary owner selected by state writer/lifecycle/call-closure review; path is an inventory locator, not sole evidence.
Terraria.GameContent.Tile_Entities/TELeashedEntityAnchor.cs	shared-runtime-mechanism	SharedRuntimeMechanisms	version4-confirmed			Version4:Terraria.GameContent.Tile_Entities/TELeashedEntityAnchor.cs	docs/Version4权威游戏模拟子系统全量审查报告-2026-09-05.md#SharedRuntimeMechanisms	Primary owner selected by state writer/lifecycle/call-closure review; path is an inventory locator, not sole evidence.
Terraria.GameContent.Tile_Entities/TELeashedEntityAnchorWithItem.cs	shared-runtime-mechanism	SharedRuntimeMechanisms	version4-confirmed			Version4:Terraria.GameContent.Tile_Entities/TELeashedEntityAnchorWithItem.cs	docs/Version4权威游戏模拟子系统全量审查报告-2026-09-05.md#SharedRuntimeMechanisms	Primary owner selected by state writer/lifecycle/call-closure review; path is an inventory locator, not sole evidence.
Terraria.GameContent.Tile_Entities/TELogicSensor.cs	shared-runtime-mechanism	SharedRuntimeMechanisms	version4-confirmed			Version4:Terraria.GameContent.Tile_Entities/TELogicSensor.cs	docs/Version4权威游戏模拟子系统全量审查报告-2026-09-05.md#SharedRuntimeMechanisms	Primary owner selected by state writer/lifecycle/call-closure review; path is an inventory locator, not sole evidence.
Terraria.GameContent.Tile_Entities/TETeleportationPylon.cs	shared-runtime-mechanism	SharedRuntimeMechanisms	version4-confirmed			Version4:Terraria.GameContent.Tile_Entities/TETeleportationPylon.cs	docs/Version4权威游戏模拟子系统全量审查报告-2026-09-05.md#SharedRuntimeMechanisms	Primary owner selected by state writer/lifecycle/call-closure review; path is an inventory locator, not sole evidence.
Terraria.GameContent.Tile_Entities/TETrainingDummy.cs	shared-runtime-mechanism	SharedRuntimeMechanisms	version4-confirmed			Version4:Terraria.GameContent.Tile_Entities/TETrainingDummy.cs	docs/Version4权威游戏模拟子系统全量审查报告-2026-09-05.md#SharedRuntimeMechanisms	Primary owner selected by state writer/lifecycle/call-closure review; path is an inventory locator, not sole evidence.
Terraria.GameContent.Tile_Entities/TEWeaponsRack.cs	shared-runtime-mechanism	SharedRuntimeMechanisms	version4-confirmed			Version4:Terraria.GameContent.Tile_Entities/TEWeaponsRack.cs	docs/Version4权威游戏模拟子系统全量审查报告-2026-09-05.md#SharedRuntimeMechanisms	Primary owner selected by state writer/lifecycle/call-closure review; path is an inventory locator, not sole evidence.
Terraria.GameContent.UI.BigProgressBar/BigProgressBarCache.cs	shared-runtime-mechanism	SharedRuntimeMechanisms	version4-confirmed			Version4:Terraria.GameContent.UI.BigProgressBar/BigProgressBarCache.cs	docs/Version4权威游戏模拟子系统全量审查报告-2026-09-05.md#SharedRuntimeMechanisms	Primary owner selected by state writer/lifecycle/call-closure review; path is an inventory locator, not sole evidence.
Terraria.GameContent.UI.BigProgressBar/BigProgressBarInfo.cs	shared-runtime-mechanism	SharedRuntimeMechanisms	version4-confirmed			Version4:Terraria.GameContent.UI.BigProgressBar/BigProgressBarInfo.cs	docs/Version4权威游戏模拟子系统全量审查报告-2026-09-05.md#SharedRuntimeMechanisms	Primary owner selected by state writer/lifecycle/call-closure review; path is an inventory locator, not sole evidence.
Terraria.GameContent.UI.Chat/AchievementTagHandler.cs	shared-runtime-mechanism	SharedRuntimeMechanisms	version4-confirmed			Version4:Terraria.GameContent.UI.Chat/AchievementTagHandler.cs	docs/Version4权威游戏模拟子系统全量审查报告-2026-09-05.md#SharedRuntimeMechanisms	Primary owner selected by state writer/lifecycle/call-closure review; path is an inventory locator, not sole evidence.
Terraria.GameContent.UI.Chat/ColorTagHandler.cs	shared-runtime-mechanism	SharedRuntimeMechanisms	version4-confirmed			Version4:Terraria.GameContent.UI.Chat/ColorTagHandler.cs	docs/Version4权威游戏模拟子系统全量审查报告-2026-09-05.md#SharedRuntimeMechanisms	Primary owner selected by state writer/lifecycle/call-closure review; path is an inventory locator, not sole evidence.
Terraria.GameContent.UI.Chat/GlyphTagHandler.cs	shared-runtime-mechanism	SharedRuntimeMechanisms	version4-confirmed			Version4:Terraria.GameContent.UI.Chat/GlyphTagHandler.cs	docs/Version4权威游戏模拟子系统全量审查报告-2026-09-05.md#SharedRuntimeMechanisms	Primary owner selected by state writer/lifecycle/call-closure review; path is an inventory locator, not sole evidence.
Terraria.GameContent.UI.Chat/IChatMonitor.cs	shared-runtime-mechanism	SharedRuntimeMechanisms	version4-confirmed			Version4:Terraria.GameContent.UI.Chat/IChatMonitor.cs	docs/Version4权威游戏模拟子系统全量审查报告-2026-09-05.md#SharedRuntimeMechanisms	Primary owner selected by state writer/lifecycle/call-closure review; path is an inventory locator, not sole evidence.
Terraria.GameContent.UI.Chat/ItemTagHandler.cs	shared-runtime-mechanism	SharedRuntimeMechanisms	version4-confirmed			Version4:Terraria.GameContent.UI.Chat/ItemTagHandler.cs	docs/Version4权威游戏模拟子系统全量审查报告-2026-09-05.md#SharedRuntimeMechanisms	Primary owner selected by state writer/lifecycle/call-closure review; path is an inventory locator, not sole evidence.
Terraria.GameContent.UI.Chat/NameTagHandler.cs	shared-runtime-mechanism	SharedRuntimeMechanisms	version4-confirmed			Version4:Terraria.GameContent.UI.Chat/NameTagHandler.cs	docs/Version4权威游戏模拟子系统全量审查报告-2026-09-05.md#SharedRuntimeMechanisms	Primary owner selected by state writer/lifecycle/call-closure review; path is an inventory locator, not sole evidence.
Terraria.GameContent.UI.Chat/RemadeChatMonitor.cs	shared-runtime-mechanism	SharedRuntimeMechanisms	version4-confirmed			Version4:Terraria.GameContent.UI.Chat/RemadeChatMonitor.cs	docs/Version4权威游戏模拟子系统全量审查报告-2026-09-05.md#SharedRuntimeMechanisms	Primary owner selected by state writer/lifecycle/call-closure review; path is an inventory locator, not sole evidence.
Terraria.GameContent.UI.Elements/GroupOptionButton.cs	shared-runtime-mechanism	SharedRuntimeMechanisms	version4-confirmed			Version4:Terraria.GameContent.UI.Elements/GroupOptionButton.cs	docs/Version4权威游戏模拟子系统全量审查报告-2026-09-05.md#SharedRuntimeMechanisms	Primary owner selected by state writer/lifecycle/call-closure review; path is an inventory locator, not sole evidence.
Terraria.GameContent.UI.Elements/IGroupOptionButton.cs	shared-runtime-mechanism	SharedRuntimeMechanisms	version4-confirmed			Version4:Terraria.GameContent.UI.Elements/IGroupOptionButton.cs	docs/Version4权威游戏模拟子系统全量审查报告-2026-09-05.md#SharedRuntimeMechanisms	Primary owner selected by state writer/lifecycle/call-closure review; path is an inventory locator, not sole evidence.
Terraria.GameContent.UI.Elements/UIGenProgressBar.cs	shared-runtime-mechanism	SharedRuntimeMechanisms	version4-confirmed			Version4:Terraria.GameContent.UI.Elements/UIGenProgressBar.cs	docs/Version4权威游戏模拟子系统全量审查报告-2026-09-05.md#SharedRuntimeMechanisms	Primary owner selected by state writer/lifecycle/call-closure review; path is an inventory locator, not sole evidence.
Terraria.GameContent.UI.Elements/UIHeader.cs	shared-runtime-mechanism	SharedRuntimeMechanisms	version4-confirmed			Version4:Terraria.GameContent.UI.Elements/UIHeader.cs	docs/Version4权威游戏模拟子系统全量审查报告-2026-09-05.md#SharedRuntimeMechanisms	Primary owner selected by state writer/lifecycle/call-closure review; path is an inventory locator, not sole evidence.
Terraria.GameContent.UI.Elements/UIList.cs	shared-runtime-mechanism	SharedRuntimeMechanisms	version4-confirmed			Version4:Terraria.GameContent.UI.Elements/UIList.cs	docs/Version4权威游戏模拟子系统全量审查报告-2026-09-05.md#SharedRuntimeMechanisms	Primary owner selected by state writer/lifecycle/call-closure review; path is an inventory locator, not sole evidence.
Terraria.GameContent.UI.Elements/UIPanel.cs	shared-runtime-mechanism	SharedRuntimeMechanisms	version4-confirmed			Version4:Terraria.GameContent.UI.Elements/UIPanel.cs	docs/Version4权威游戏模拟子系统全量审查报告-2026-09-05.md#SharedRuntimeMechanisms	Primary owner selected by state writer/lifecycle/call-closure review; path is an inventory locator, not sole evidence.
Terraria.GameContent.UI.Elements/UIScrollbar.cs	shared-runtime-mechanism	SharedRuntimeMechanisms	version4-confirmed			Version4:Terraria.GameContent.UI.Elements/UIScrollbar.cs	docs/Version4权威游戏模拟子系统全量审查报告-2026-09-05.md#SharedRuntimeMechanisms	Primary owner selected by state writer/lifecycle/call-closure review; path is an inventory locator, not sole evidence.
Terraria.GameContent.UI.Elements/UIText.cs	shared-runtime-mechanism	SharedRuntimeMechanisms	version4-confirmed			Version4:Terraria.GameContent.UI.Elements/UIText.cs	docs/Version4权威游戏模拟子系统全量审查报告-2026-09-05.md#SharedRuntimeMechanisms	Primary owner selected by state writer/lifecycle/call-closure review; path is an inventory locator, not sole evidence.
Terraria.GameContent.UI.Minimap/MinimapFrame.cs	shared-runtime-mechanism	SharedRuntimeMechanisms	version4-confirmed			Version4:Terraria.GameContent.UI.Minimap/MinimapFrame.cs	docs/Version4权威游戏模拟子系统全量审查报告-2026-09-05.md#SharedRuntimeMechanisms	Primary owner selected by state writer/lifecycle/call-closure review; path is an inventory locator, not sole evidence.
Terraria.GameContent.UI.Minimap/MinimapFrameManager.cs	shared-runtime-mechanism	SharedRuntimeMechanisms	version4-confirmed			Version4:Terraria.GameContent.UI.Minimap/MinimapFrameManager.cs	docs/Version4权威游戏模拟子系统全量审查报告-2026-09-05.md#SharedRuntimeMechanisms	Primary owner selected by state writer/lifecycle/call-closure review; path is an inventory locator, not sole evidence.
Terraria.GameContent.UI.Minimap/MinimapFrameTemplate.cs	shared-runtime-mechanism	SharedRuntimeMechanisms	version4-confirmed			Version4:Terraria.GameContent.UI.Minimap/MinimapFrameTemplate.cs	docs/Version4权威游戏模拟子系统全量审查报告-2026-09-05.md#SharedRuntimeMechanisms	Primary owner selected by state writer/lifecycle/call-closure review; path is an inventory locator, not sole evidence.
Terraria.GameContent.UI.ResourceSets/IPlayerResourcesDisplaySet.cs	shared-runtime-mechanism	SharedRuntimeMechanisms	version4-confirmed			Version4:Terraria.GameContent.UI.ResourceSets/IPlayerResourcesDisplaySet.cs	docs/Version4权威游戏模拟子系统全量审查报告-2026-09-05.md#SharedRuntimeMechanisms	Primary owner selected by state writer/lifecycle/call-closure review; path is an inventory locator, not sole evidence.
Terraria.GameContent.UI.States/UIWorldLoad.cs	shared-runtime-mechanism	SharedRuntimeMechanisms	version4-confirmed			Version4:Terraria.GameContent.UI.States/UIWorldLoad.cs	docs/Version4权威游戏模拟子系统全量审查报告-2026-09-05.md#SharedRuntimeMechanisms	Primary owner selected by state writer/lifecycle/call-closure review; path is an inventory locator, not sole evidence.
Terraria.GameContent.UI.States/UIWorldSelect.cs	shared-runtime-mechanism	SharedRuntimeMechanisms	version4-confirmed			Version4:Terraria.GameContent.UI.States/UIWorldSelect.cs	docs/Version4权威游戏模拟子系统全量审查报告-2026-09-05.md#SharedRuntimeMechanisms	Primary owner selected by state writer/lifecycle/call-closure review; path is an inventory locator, not sole evidence.
Terraria.GameContent.UI/CustomCurrencyManager.cs	shared-runtime-mechanism	SharedRuntimeMechanisms	version4-confirmed			Version4:Terraria.GameContent.UI/CustomCurrencyManager.cs	docs/Version4权威游戏模拟子系统全量审查报告-2026-09-05.md#SharedRuntimeMechanisms	Primary owner selected by state writer/lifecycle/call-closure review; path is an inventory locator, not sole evidence.
Terraria.GameContent.UI/CustomCurrencySingleCoin.cs	shared-runtime-mechanism	SharedRuntimeMechanisms	version4-confirmed			Version4:Terraria.GameContent.UI/CustomCurrencySingleCoin.cs	docs/Version4权威游戏模拟子系统全量审查报告-2026-09-05.md#SharedRuntimeMechanisms	Primary owner selected by state writer/lifecycle/call-closure review; path is an inventory locator, not sole evidence.
Terraria.GameContent.UI/CustomCurrencySystem.cs	shared-runtime-mechanism	SharedRuntimeMechanisms	version4-confirmed			Version4:Terraria.GameContent.UI/CustomCurrencySystem.cs	docs/Version4权威游戏模拟子系统全量审查报告-2026-09-05.md#SharedRuntimeMechanisms	Primary owner selected by state writer/lifecycle/call-closure review; path is an inventory locator, not sole evidence.
Terraria.GameContent.UI/EmoteBubble.cs	shared-runtime-mechanism	SharedRuntimeMechanisms	version4-confirmed			Version4:Terraria.GameContent.UI/EmoteBubble.cs	docs/Version4权威游戏模拟子系统全量审查报告-2026-09-05.md#SharedRuntimeMechanisms	Primary owner selected by state writer/lifecycle/call-closure review; path is an inventory locator, not sole evidence.
Terraria.GameContent.UI/EmoteID.cs	shared-runtime-mechanism	SharedRuntimeMechanisms	version4-confirmed			Version4:Terraria.GameContent.UI/EmoteID.cs	docs/Version4权威游戏模拟子系统全量审查报告-2026-09-05.md#SharedRuntimeMechanisms	Primary owner selected by state writer/lifecycle/call-closure review; path is an inventory locator, not sole evidence.
Terraria.GameContent.UI/IssueReportsIndicator.cs	shared-runtime-mechanism	SharedRuntimeMechanisms	version4-confirmed			Version4:Terraria.GameContent.UI/IssueReportsIndicator.cs	docs/Version4权威游戏模拟子系统全量审查报告-2026-09-05.md#SharedRuntimeMechanisms	Primary owner selected by state writer/lifecycle/call-closure review; path is an inventory locator, not sole evidence.
Terraria.GameContent.UI/ItemRarity.cs	shared-runtime-mechanism	SharedRuntimeMechanisms	version4-confirmed			Version4:Terraria.GameContent.UI/ItemRarity.cs	docs/Version4权威游戏模拟子系统全量审查报告-2026-09-05.md#SharedRuntimeMechanisms	Primary owner selected by state writer/lifecycle/call-closure review; path is an inventory locator, not sole evidence.
Terraria.GameContent.UI/WiresUI.cs	shared-runtime-mechanism	SharedRuntimeMechanisms	version4-confirmed			Version4:Terraria.GameContent.UI/WiresUI.cs	docs/Version4权威游戏模拟子系统全量审查报告-2026-09-05.md#SharedRuntimeMechanisms	Primary owner selected by state writer/lifecycle/call-closure review; path is an inventory locator, not sole evidence.
Terraria.GameContent.UI/WorkshopPublishingIndicator.cs	shared-runtime-mechanism	SharedRuntimeMechanisms	version4-confirmed			Version4:Terraria.GameContent.UI/WorkshopPublishingIndicator.cs	docs/Version4权威游戏模拟子系统全量审查报告-2026-09-05.md#SharedRuntimeMechanisms	Primary owner selected by state writer/lifecycle/call-closure review; path is an inventory locator, not sole evidence.
Terraria.GameContent.UI/WorldUIAnchor.cs	shared-runtime-mechanism	SharedRuntimeMechanisms	version4-confirmed			Version4:Terraria.GameContent.UI/WorldUIAnchor.cs	docs/Version4权威游戏模拟子系统全量审查报告-2026-09-05.md#SharedRuntimeMechanisms	Primary owner selected by state writer/lifecycle/call-closure review; path is an inventory locator, not sole evidence.
Terraria.GameContent/AmbientWindSystem.cs	shared-runtime-mechanism	SharedRuntimeMechanisms	version4-confirmed			Version4:Terraria.GameContent/AmbientWindSystem.cs	docs/Version4权威游戏模拟子系统全量审查报告-2026-09-05.md#SharedRuntimeMechanisms	Primary owner selected by state writer/lifecycle/call-closure review; path is an inventory locator, not sole evidence.
Terraria.GameContent/BackgroundChangeFlashInfo.cs	shared-runtime-mechanism	SharedRuntimeMechanisms	version4-confirmed			Version4:Terraria.GameContent/BackgroundChangeFlashInfo.cs	docs/Version4权威游戏模拟子系统全量审查报告-2026-09-05.md#SharedRuntimeMechanisms	Primary owner selected by state writer/lifecycle/call-closure review; path is an inventory locator, not sole evidence.
Terraria.GameContent/BannerSystem.cs	shared-runtime-mechanism	SharedRuntimeMechanisms	version4-confirmed			Version4:Terraria.GameContent/BannerSystem.cs	docs/Version4权威游戏模拟子系统全量审查报告-2026-09-05.md#SharedRuntimeMechanisms	Primary owner selected by state writer/lifecycle/call-closure review; path is an inventory locator, not sole evidence.
Terraria.GameContent/BossDamageTracker.cs	shared-runtime-mechanism	SharedRuntimeMechanisms	version4-confirmed			Version4:Terraria.GameContent/BossDamageTracker.cs	docs/Version4权威游戏模拟子系统全量审查报告-2026-09-05.md#SharedRuntimeMechanisms	Primary owner selected by state writer/lifecycle/call-closure review; path is an inventory locator, not sole evidence.
Terraria.GameContent/ChildSafety.cs	shared-runtime-mechanism	SharedRuntimeMechanisms	version4-confirmed			Version4:Terraria.GameContent/ChildSafety.cs	docs/Version4权威游戏模拟子系统全量审查报告-2026-09-05.md#SharedRuntimeMechanisms	Primary owner selected by state writer/lifecycle/call-closure review; path is an inventory locator, not sole evidence.
Terraria.GameContent/ChumBucketProjectileHelper.cs	shared-runtime-mechanism	SharedRuntimeMechanisms	version4-confirmed			Version4:Terraria.GameContent/ChumBucketProjectileHelper.cs	docs/Version4权威游戏模拟子系统全量审查报告-2026-09-05.md#SharedRuntimeMechanisms	Primary owner selected by state writer/lifecycle/call-closure review; path is an inventory locator, not sole evidence.
Terraria.GameContent/CoinLossRevengeSystem.cs	subsystem-evidence	DeathPenaltyAndRevenge	version4-confirmed			Version4:Terraria.GameContent/CoinLossRevengeSystem.cs	docs/Version4权威游戏模拟子系统全量审查报告-2026-09-05.md#DeathPenaltyAndRevenge	Primary owner selected by state writer/lifecycle/call-closure review; path is an inventory locator, not sole evidence.
Terraria.GameContent/ConditionalDialogue.cs	shared-runtime-mechanism	SharedRuntimeMechanisms	version4-confirmed			Version4:Terraria.GameContent/ConditionalDialogue.cs	docs/Version4权威游戏模拟子系统全量审查报告-2026-09-05.md#SharedRuntimeMechanisms	Primary owner selected by state writer/lifecycle/call-closure review; path is an inventory locator, not sole evidence.
Terraria.GameContent/ContentRejectionFromSize.cs	shared-runtime-mechanism	SharedRuntimeMechanisms	version4-confirmed			Version4:Terraria.GameContent/ContentRejectionFromSize.cs	docs/Version4权威游戏模拟子系统全量审查报告-2026-09-05.md#SharedRuntimeMechanisms	Primary owner selected by state writer/lifecycle/call-closure review; path is an inventory locator, not sole evidence.
Terraria.GameContent/CraftingRequests.cs	shared-runtime-mechanism	SharedRuntimeMechanisms	version4-confirmed			Version4:Terraria.GameContent/CraftingRequests.cs	docs/Version4权威游戏模拟子系统全量审查报告-2026-09-05.md#SharedRuntimeMechanisms	Primary owner selected by state writer/lifecycle/call-closure review; path is an inventory locator, not sole evidence.
Terraria.GameContent/DontStarveDarknessDamageDealer.cs	shared-runtime-mechanism	SharedRuntimeMechanisms	version4-confirmed			Version4:Terraria.GameContent/DontStarveDarknessDamageDealer.cs	docs/Version4权威游戏模拟子系统全量审查报告-2026-09-05.md#SharedRuntimeMechanisms	Primary owner selected by state writer/lifecycle/call-closure review; path is an inventory locator, not sole evidence.
Terraria.GameContent/DontStarveSeed.cs	shared-runtime-mechanism	SharedRuntimeMechanisms	version4-confirmed			Version4:Terraria.GameContent/DontStarveSeed.cs	docs/Version4权威游戏模拟子系统全量审查报告-2026-09-05.md#SharedRuntimeMechanisms	Primary owner selected by state writer/lifecycle/call-closure review; path is an inventory locator, not sole evidence.
Terraria.GameContent/DoorOpeningHelper.cs	shared-runtime-mechanism	SharedRuntimeMechanisms	version4-confirmed			Version4:Terraria.GameContent/DoorOpeningHelper.cs	docs/Version4权威游戏模拟子系统全量审查报告-2026-09-05.md#SharedRuntimeMechanisms	Primary owner selected by state writer/lifecycle/call-closure review; path is an inventory locator, not sole evidence.
Terraria.GameContent/EmergencyStacking.cs	shared-runtime-mechanism	SharedRuntimeMechanisms	version4-confirmed			Version4:Terraria.GameContent/EmergencyStacking.cs	docs/Version4权威游戏模拟子系统全量审查报告-2026-09-05.md#SharedRuntimeMechanisms	Primary owner selected by state writer/lifecycle/call-closure review; path is an inventory locator, not sole evidence.
Terraria.GameContent/ExtraSeatInfo.cs	shared-runtime-mechanism	SharedRuntimeMechanisms	version4-confirmed			Version4:Terraria.GameContent/ExtraSeatInfo.cs	docs/Version4权威游戏模拟子系统全量审查报告-2026-09-05.md#SharedRuntimeMechanisms	Primary owner selected by state writer/lifecycle/call-closure review; path is an inventory locator, not sole evidence.
Terraria.GameContent/ExtraSpawnPointManager.cs	shared-runtime-mechanism	SharedRuntimeMechanisms	version4-confirmed			Version4:Terraria.GameContent/ExtraSpawnPointManager.cs	docs/Version4权威游戏模拟子系统全量审查报告-2026-09-05.md#SharedRuntimeMechanisms	Primary owner selected by state writer/lifecycle/call-closure review; path is an inventory locator, not sole evidence.
Terraria.GameContent/ExtraSpawnSettings.cs	shared-runtime-mechanism	SharedRuntimeMechanisms	version4-confirmed			Version4:Terraria.GameContent/ExtraSpawnSettings.cs	docs/Version4权威游戏模拟子系统全量审查报告-2026-09-05.md#SharedRuntimeMechanisms	Primary owner selected by state writer/lifecycle/call-closure review; path is an inventory locator, not sole evidence.
Terraria.GameContent/ExtraSpawnType.cs	shared-runtime-mechanism	SharedRuntimeMechanisms	version4-confirmed			Version4:Terraria.GameContent/ExtraSpawnType.cs	docs/Version4权威游戏模拟子系统全量审查报告-2026-09-05.md#SharedRuntimeMechanisms	Primary owner selected by state writer/lifecycle/call-closure review; path is an inventory locator, not sole evidence.
Terraria.GameContent/FakeCursorItem.cs	shared-runtime-mechanism	SharedRuntimeMechanisms	version4-confirmed			Version4:Terraria.GameContent/FakeCursorItem.cs	docs/Version4权威游戏模拟子系统全量审查报告-2026-09-05.md#SharedRuntimeMechanisms	Primary owner selected by state writer/lifecycle/call-closure review; path is an inventory locator, not sole evidence.
Terraria.GameContent/FixExploitManEaters.cs	shared-runtime-mechanism	SharedRuntimeMechanisms	version4-confirmed			Version4:Terraria.GameContent/FixExploitManEaters.cs	docs/Version4权威游戏模拟子系统全量审查报告-2026-09-05.md#SharedRuntimeMechanisms	Primary owner selected by state writer/lifecycle/call-closure review; path is an inventory locator, not sole evidence.
Terraria.GameContent/FontAssets.cs	shared-runtime-mechanism	SharedRuntimeMechanisms	version4-confirmed			Version4:Terraria.GameContent/FontAssets.cs	docs/Version4权威游戏模拟子系统全量审查报告-2026-09-05.md#SharedRuntimeMechanisms	Primary owner selected by state writer/lifecycle/call-closure review; path is an inventory locator, not sole evidence.
Terraria.GameContent/GameNotificationType.cs	shared-runtime-mechanism	SharedRuntimeMechanisms	version4-confirmed			Version4:Terraria.GameContent/GameNotificationType.cs	docs/Version4权威游戏模拟子系统全量审查报告-2026-09-05.md#SharedRuntimeMechanisms	Primary owner selected by state writer/lifecycle/call-closure review; path is an inventory locator, not sole evidence.
Terraria.GameContent/HairstyleUnlocksHelper.cs	shared-runtime-mechanism	SharedRuntimeMechanisms	version4-confirmed			Version4:Terraria.GameContent/HairstyleUnlocksHelper.cs	docs/Version4权威游戏模拟子系统全量审查报告-2026-09-05.md#SharedRuntimeMechanisms	Primary owner selected by state writer/lifecycle/call-closure review; path is an inventory locator, not sole evidence.
Terraria.GameContent/InvasionDamageTracker.cs	shared-runtime-mechanism	SharedRuntimeMechanisms	version4-confirmed			Version4:Terraria.GameContent/InvasionDamageTracker.cs	docs/Version4权威游戏模拟子系统全量审查报告-2026-09-05.md#SharedRuntimeMechanisms	Primary owner selected by state writer/lifecycle/call-closure review; path is an inventory locator, not sole evidence.
Terraria.GameContent/IOnPlayerJoining.cs	shared-runtime-mechanism	SharedRuntimeMechanisms	version4-confirmed			Version4:Terraria.GameContent/IOnPlayerJoining.cs	docs/Version4权威游戏模拟子系统全量审查报告-2026-09-05.md#SharedRuntimeMechanisms	Primary owner selected by state writer/lifecycle/call-closure review; path is an inventory locator, not sole evidence.
Terraria.GameContent/IPersistentPerPlayerContent.cs	shared-runtime-mechanism	SharedRuntimeMechanisms	version4-confirmed			Version4:Terraria.GameContent/IPersistentPerPlayerContent.cs	docs/Version4权威游戏模拟子系统全量审查报告-2026-09-05.md#SharedRuntimeMechanisms	Primary owner selected by state writer/lifecycle/call-closure review; path is an inventory locator, not sole evidence.
Terraria.GameContent/IPersistentPerWorldContent.cs	shared-runtime-mechanism	SharedRuntimeMechanisms	version4-confirmed			Version4:Terraria.GameContent/IPersistentPerWorldContent.cs	docs/Version4权威游戏模拟子系统全量审查报告-2026-09-05.md#SharedRuntimeMechanisms	Primary owner selected by state writer/lifecycle/call-closure review; path is an inventory locator, not sole evidence.
Terraria.GameContent/ItemShopSellbackHelper.cs	shared-runtime-mechanism	SharedRuntimeMechanisms	version4-confirmed			Version4:Terraria.GameContent/ItemShopSellbackHelper.cs	docs/Version4权威游戏模拟子系统全量审查报告-2026-09-05.md#SharedRuntimeMechanisms	Primary owner selected by state writer/lifecycle/call-closure review; path is an inventory locator, not sole evidence.
Terraria.GameContent/ITownNPCProfile.cs	shared-runtime-mechanism	SharedRuntimeMechanisms	version4-confirmed			Version4:Terraria.GameContent/ITownNPCProfile.cs	docs/Version4权威游戏模拟子系统全量审查报告-2026-09-05.md#SharedRuntimeMechanisms	Primary owner selected by state writer/lifecycle/call-closure review; path is an inventory locator, not sole evidence.
Terraria.GameContent/LeashedEntity.cs	subsystem-evidence	LeashedEntitySimulation	version4-confirmed			Version4:Terraria.GameContent/LeashedEntity.cs	docs/Version4权威游戏模拟子系统全量审查报告-2026-09-05.md#LeashedEntitySimulation	Primary owner selected by state writer/lifecycle/call-closure review; path is an inventory locator, not sole evidence.
Terraria.GameContent/LightningGenerator.cs	shared-runtime-mechanism	SharedRuntimeMechanisms	version4-confirmed			Version4:Terraria.GameContent/LightningGenerator.cs	docs/Version4权威游戏模拟子系统全量审查报告-2026-09-05.md#SharedRuntimeMechanisms	Primary owner selected by state writer/lifecycle/call-closure review; path is an inventory locator, not sole evidence.
Terraria.GameContent/Luck.cs	shared-runtime-mechanism	SharedRuntimeMechanisms	version4-confirmed			Version4:Terraria.GameContent/Luck.cs	docs/Version4权威游戏模拟子系统全量审查报告-2026-09-05.md#SharedRuntimeMechanisms	Primary owner selected by state writer/lifecycle/call-closure review; path is an inventory locator, not sole evidence.
Terraria.GameContent/LucyAxeMessage.cs	shared-runtime-mechanism	SharedRuntimeMechanisms	version4-confirmed			Version4:Terraria.GameContent/LucyAxeMessage.cs	docs/Version4权威游戏模拟子系统全量审查报告-2026-09-05.md#SharedRuntimeMechanisms	Primary owner selected by state writer/lifecycle/call-closure review; path is an inventory locator, not sole evidence.
Terraria.GameContent/NearbyChests.cs	shared-runtime-mechanism	SharedRuntimeMechanisms	version4-confirmed			Version4:Terraria.GameContent/NearbyChests.cs	docs/Version4权威游戏模拟子系统全量审查报告-2026-09-05.md#SharedRuntimeMechanisms	Primary owner selected by state writer/lifecycle/call-closure review; path is an inventory locator, not sole evidence.
Terraria.GameContent/NPCDamageTracker.cs	subsystem-evidence	NpcAndTownSimulation	version4-confirmed			Version4:Terraria.GameContent/NPCDamageTracker.cs	docs/Version4权威游戏模拟子系统全量审查报告-2026-09-05.md#NpcAndTownSimulation	Primary owner selected by state writer/lifecycle/call-closure review; path is an inventory locator, not sole evidence.
Terraria.GameContent/NPCInteraction.cs	subsystem-evidence	NpcAndTownSimulation	version4-confirmed			Version4:Terraria.GameContent/NPCInteraction.cs	docs/Version4权威游戏模拟子系统全量审查报告-2026-09-05.md#NpcAndTownSimulation	Primary owner selected by state writer/lifecycle/call-closure review; path is an inventory locator, not sole evidence.
Terraria.GameContent/NPCInteractions.cs	subsystem-evidence	NpcAndTownSimulation	version4-confirmed			Version4:Terraria.GameContent/NPCInteractions.cs	docs/Version4权威游戏模拟子系统全量审查报告-2026-09-05.md#NpcAndTownSimulation	Primary owner selected by state writer/lifecycle/call-closure review; path is an inventory locator, not sole evidence.
Terraria.GameContent/PlayerEyeHelper.cs	subsystem-evidence	PlayerGameplay	version4-confirmed			Version4:Terraria.GameContent/PlayerEyeHelper.cs	docs/Version4权威游戏模拟子系统全量审查报告-2026-09-05.md#PlayerGameplay	Primary owner selected by state writer/lifecycle/call-closure review; path is an inventory locator, not sole evidence.
Terraria.GameContent/PlayerPettingInfo.cs	subsystem-evidence	PlayerGameplay	version4-confirmed			Version4:Terraria.GameContent/PlayerPettingInfo.cs	docs/Version4权威游戏模拟子系统全量审查报告-2026-09-05.md#PlayerGameplay	Primary owner selected by state writer/lifecycle/call-closure review; path is an inventory locator, not sole evidence.
Terraria.GameContent/PlayerSittingHelper.cs	subsystem-evidence	PlayerGameplay	version4-confirmed			Version4:Terraria.GameContent/PlayerSittingHelper.cs	docs/Version4权威游戏模拟子系统全量审查报告-2026-09-05.md#PlayerGameplay	Primary owner selected by state writer/lifecycle/call-closure review; path is an inventory locator, not sole evidence.
Terraria.GameContent/PlayerSleepingHelper.cs	subsystem-evidence	PlayerGameplay	version4-confirmed			Version4:Terraria.GameContent/PlayerSleepingHelper.cs	docs/Version4权威游戏模拟子系统全量审查报告-2026-09-05.md#PlayerGameplay	Primary owner selected by state writer/lifecycle/call-closure review; path is an inventory locator, not sole evidence.
Terraria.GameContent/PopupEffectStyle.cs	shared-runtime-mechanism	SharedRuntimeMechanisms	version4-confirmed			Version4:Terraria.GameContent/PopupEffectStyle.cs	docs/Version4权威游戏模拟子系统全量审查报告-2026-09-05.md#SharedRuntimeMechanisms	Primary owner selected by state writer/lifecycle/call-closure review; path is an inventory locator, not sole evidence.
Terraria.GameContent/PortalHelper.cs	shared-runtime-mechanism	SharedRuntimeMechanisms	version4-confirmed			Version4:Terraria.GameContent/PortalHelper.cs	docs/Version4权威游戏模拟子系统全量审查报告-2026-09-05.md#SharedRuntimeMechanisms	Primary owner selected by state writer/lifecycle/call-closure review; path is an inventory locator, not sole evidence.
Terraria.GameContent/PositionedChest.cs	shared-runtime-mechanism	SharedRuntimeMechanisms	version4-confirmed			Version4:Terraria.GameContent/PositionedChest.cs	docs/Version4权威游戏模拟子系统全量审查报告-2026-09-05.md#SharedRuntimeMechanisms	Primary owner selected by state writer/lifecycle/call-closure review; path is an inventory locator, not sole evidence.
Terraria.GameContent/PressurePlateHelper.cs	shared-runtime-mechanism	SharedRuntimeMechanisms	version4-confirmed			Version4:Terraria.GameContent/PressurePlateHelper.cs	docs/Version4权威游戏模拟子系统全量审查报告-2026-09-05.md#SharedRuntimeMechanisms	Primary owner selected by state writer/lifecycle/call-closure review; path is an inventory locator, not sole evidence.
Terraria.GameContent/Profiles.cs	shared-runtime-mechanism	SharedRuntimeMechanisms	version4-confirmed			Version4:Terraria.GameContent/Profiles.cs	docs/Version4权威游戏模拟子系统全量审查报告-2026-09-05.md#SharedRuntimeMechanisms	Primary owner selected by state writer/lifecycle/call-closure review; path is an inventory locator, not sole evidence.
Terraria.GameContent/QuickStacking.cs	shared-runtime-mechanism	SharedRuntimeMechanisms	version4-confirmed			Version4:Terraria.GameContent/QuickStacking.cs	docs/Version4权威游戏模拟子系统全量审查报告-2026-09-05.md#SharedRuntimeMechanisms	Primary owner selected by state writer/lifecycle/call-closure review; path is an inventory locator, not sole evidence.
Terraria.GameContent/SecretSeedsTracker.cs	shared-runtime-mechanism	SharedRuntimeMechanisms	version4-confirmed			Version4:Terraria.GameContent/SecretSeedsTracker.cs	docs/Version4权威游戏模拟子系统全量审查报告-2026-09-05.md#SharedRuntimeMechanisms	Primary owner selected by state writer/lifecycle/call-closure review; path is an inventory locator, not sole evidence.
Terraria.GameContent/ShimmerTransforms.cs	shared-runtime-mechanism	SharedRuntimeMechanisms	version4-confirmed			Version4:Terraria.GameContent/ShimmerTransforms.cs	docs/Version4权威游戏模拟子系统全量审查报告-2026-09-05.md#SharedRuntimeMechanisms	Primary owner selected by state writer/lifecycle/call-closure review; path is an inventory locator, not sole evidence.
Terraria.GameContent/ShimmerUnstuckHelper.cs	shared-runtime-mechanism	SharedRuntimeMechanisms	version4-confirmed			Version4:Terraria.GameContent/ShimmerUnstuckHelper.cs	docs/Version4权威游戏模拟子系统全量审查报告-2026-09-05.md#SharedRuntimeMechanisms	Primary owner selected by state writer/lifecycle/call-closure review; path is an inventory locator, not sole evidence.
Terraria.GameContent/ShopHelper.cs	shared-runtime-mechanism	SharedRuntimeMechanisms	version4-confirmed			Version4:Terraria.GameContent/ShopHelper.cs	docs/Version4权威游戏模拟子系统全量审查报告-2026-09-05.md#SharedRuntimeMechanisms	Primary owner selected by state writer/lifecycle/call-closure review; path is an inventory locator, not sole evidence.
Terraria.GameContent/SmartCursorHelper.cs	shared-runtime-mechanism	SharedRuntimeMechanisms	version4-confirmed			Version4:Terraria.GameContent/SmartCursorHelper.cs	docs/Version4权威游戏模拟子系统全量审查报告-2026-09-05.md#SharedRuntimeMechanisms	Primary owner selected by state writer/lifecycle/call-closure review; path is an inventory locator, not sole evidence.
Terraria.GameContent/SpecialSeedFeatures.cs	shared-runtime-mechanism	SharedRuntimeMechanisms	version4-confirmed			Version4:Terraria.GameContent/SpecialSeedFeatures.cs	docs/Version4权威游戏模拟子系统全量审查报告-2026-09-05.md#SharedRuntimeMechanisms	Primary owner selected by state writer/lifecycle/call-closure review; path is an inventory locator, not sole evidence.
Terraria.GameContent/SpelunkerProjectileHelper.cs	shared-runtime-mechanism	SharedRuntimeMechanisms	version4-confirmed			Version4:Terraria.GameContent/SpelunkerProjectileHelper.cs	docs/Version4权威游戏模拟子系统全量审查报告-2026-09-05.md#SharedRuntimeMechanisms	Primary owner selected by state writer/lifecycle/call-closure review; path is an inventory locator, not sole evidence.
Terraria.GameContent/TeleportHelpers.cs	shared-runtime-mechanism	SharedRuntimeMechanisms	version4-confirmed			Version4:Terraria.GameContent/TeleportHelpers.cs	docs/Version4权威游戏模拟子系统全量审查报告-2026-09-05.md#SharedRuntimeMechanisms	Primary owner selected by state writer/lifecycle/call-closure review; path is an inventory locator, not sole evidence.
Terraria.GameContent/TeleportPylonInfo.cs	shared-runtime-mechanism	SharedRuntimeMechanisms	version4-confirmed			Version4:Terraria.GameContent/TeleportPylonInfo.cs	docs/Version4权威游戏模拟子系统全量审查报告-2026-09-05.md#SharedRuntimeMechanisms	Primary owner selected by state writer/lifecycle/call-closure review; path is an inventory locator, not sole evidence.
Terraria.GameContent/TeleportPylonsSystem.cs	subsystem-evidence	TeleportationAndTraversal	version4-confirmed			Version4:Terraria.GameContent/TeleportPylonsSystem.cs	docs/Version4权威游戏模拟子系统全量审查报告-2026-09-05.md#TeleportationAndTraversal	Primary owner selected by state writer/lifecycle/call-closure review; path is an inventory locator, not sole evidence.
Terraria.GameContent/TeleportPylonType.cs	shared-runtime-mechanism	SharedRuntimeMechanisms	version4-confirmed			Version4:Terraria.GameContent/TeleportPylonType.cs	docs/Version4权威游戏模拟子系统全量审查报告-2026-09-05.md#SharedRuntimeMechanisms	Primary owner selected by state writer/lifecycle/call-closure review; path is an inventory locator, not sole evidence.
Terraria.GameContent/TextureAssets.cs	shared-runtime-mechanism	SharedRuntimeMechanisms	version4-confirmed			Version4:Terraria.GameContent/TextureAssets.cs	docs/Version4权威游戏模拟子系统全量审查报告-2026-09-05.md#SharedRuntimeMechanisms	Primary owner selected by state writer/lifecycle/call-closure review; path is an inventory locator, not sole evidence.
Terraria.GameContent/TilePaintSystemV2.cs	shared-runtime-mechanism	SharedRuntimeMechanisms	version4-confirmed			Version4:Terraria.GameContent/TilePaintSystemV2.cs	docs/Version4权威游戏模拟子系统全量审查报告-2026-09-05.md#SharedRuntimeMechanisms	Primary owner selected by state writer/lifecycle/call-closure review; path is an inventory locator, not sole evidence.
Terraria.GameContent/TownNPCProfiles.cs	shared-runtime-mechanism	SharedRuntimeMechanisms	version4-confirmed			Version4:Terraria.GameContent/TownNPCProfiles.cs	docs/Version4权威游戏模拟子系统全量审查报告-2026-09-05.md#SharedRuntimeMechanisms	Primary owner selected by state writer/lifecycle/call-closure review; path is an inventory locator, not sole evidence.
Terraria.GameContent/TownRoomManager.cs	shared-runtime-mechanism	SharedRuntimeMechanisms	version4-confirmed			Version4:Terraria.GameContent/TownRoomManager.cs	docs/Version4权威游戏模拟子系统全量审查报告-2026-09-05.md#SharedRuntimeMechanisms	Primary owner selected by state writer/lifecycle/call-closure review; path is an inventory locator, not sole evidence.
Terraria.GameContent/TreePaintSystemData.cs	shared-runtime-mechanism	SharedRuntimeMechanisms	version4-confirmed			Version4:Terraria.GameContent/TreePaintSystemData.cs	docs/Version4权威游戏模拟子系统全量审查报告-2026-09-05.md#SharedRuntimeMechanisms	Primary owner selected by state writer/lifecycle/call-closure review; path is an inventory locator, not sole evidence.
Terraria.GameContent/TreeTopsInfo.cs	shared-runtime-mechanism	SharedRuntimeMechanisms	version4-confirmed			Version4:Terraria.GameContent/TreeTopsInfo.cs	docs/Version4权威游戏模拟子系统全量审查报告-2026-09-05.md#SharedRuntimeMechanisms	Primary owner selected by state writer/lifecycle/call-closure review; path is an inventory locator, not sole evidence.
Terraria.GameContent/UnbreakableWallScan.cs	shared-runtime-mechanism	SharedRuntimeMechanisms	version4-confirmed			Version4:Terraria.GameContent/UnbreakableWallScan.cs	docs/Version4权威游戏模拟子系统全量审查报告-2026-09-05.md#SharedRuntimeMechanisms	Primary owner selected by state writer/lifecycle/call-closure review; path is an inventory locator, not sole evidence.
Terraria.GameContent/VanillaContentValidator.cs	shared-runtime-mechanism	SharedRuntimeMechanisms	version4-confirmed			Version4:Terraria.GameContent/VanillaContentValidator.cs	docs/Version4权威游戏模拟子系统全量审查报告-2026-09-05.md#SharedRuntimeMechanisms	Primary owner selected by state writer/lifecycle/call-closure review; path is an inventory locator, not sole evidence.
Terraria.GameContent/VoidLensHelper.cs	shared-runtime-mechanism	SharedRuntimeMechanisms	version4-confirmed			Version4:Terraria.GameContent/VoidLensHelper.cs	docs/Version4权威游戏模拟子系统全量审查报告-2026-09-05.md#SharedRuntimeMechanisms	Primary owner selected by state writer/lifecycle/call-closure review; path is an inventory locator, not sole evidence.
Terraria.GameInput/CursorMode.cs	shared-runtime-mechanism	SharedRuntimeMechanisms	version4-confirmed			Version4:Terraria.GameInput/CursorMode.cs	docs/Version4权威游戏模拟子系统全量审查报告-2026-09-05.md#SharedRuntimeMechanisms	Primary owner selected by state writer/lifecycle/call-closure review; path is an inventory locator, not sole evidence.
Terraria.GameInput/InputMode.cs	shared-runtime-mechanism	SharedRuntimeMechanisms	version4-confirmed			Version4:Terraria.GameInput/InputMode.cs	docs/Version4权威游戏模拟子系统全量审查报告-2026-09-05.md#SharedRuntimeMechanisms	Primary owner selected by state writer/lifecycle/call-closure review; path is an inventory locator, not sole evidence.
Terraria.GameInput/KeyConfiguration.cs	shared-runtime-mechanism	SharedRuntimeMechanisms	version4-confirmed			Version4:Terraria.GameInput/KeyConfiguration.cs	docs/Version4权威游戏模拟子系统全量审查报告-2026-09-05.md#SharedRuntimeMechanisms	Primary owner selected by state writer/lifecycle/call-closure review; path is an inventory locator, not sole evidence.
Terraria.GameInput/LockOnHelper.cs	shared-runtime-mechanism	SharedRuntimeMechanisms	version4-confirmed			Version4:Terraria.GameInput/LockOnHelper.cs	docs/Version4权威游戏模拟子系统全量审查报告-2026-09-05.md#SharedRuntimeMechanisms	Primary owner selected by state writer/lifecycle/call-closure review; path is an inventory locator, not sole evidence.
Terraria.GameInput/PlayerInput.cs	shared-runtime-mechanism	SharedRuntimeMechanisms	version4-confirmed			Version4:Terraria.GameInput/PlayerInput.cs	docs/Version4权威游戏模拟子系统全量审查报告-2026-09-05.md#SharedRuntimeMechanisms	Primary owner selected by state writer/lifecycle/call-closure review; path is an inventory locator, not sole evidence.
Terraria.GameInput/PlayerInputProfile.cs	shared-runtime-mechanism	SharedRuntimeMechanisms	version4-confirmed			Version4:Terraria.GameInput/PlayerInputProfile.cs	docs/Version4权威游戏模拟子系统全量审查报告-2026-09-05.md#SharedRuntimeMechanisms	Primary owner selected by state writer/lifecycle/call-closure review; path is an inventory locator, not sole evidence.
Terraria.GameInput/SmartSelectGamepadPointer.cs	shared-runtime-mechanism	SharedRuntimeMechanisms	version4-confirmed			Version4:Terraria.GameInput/SmartSelectGamepadPointer.cs	docs/Version4权威游戏模拟子系统全量审查报告-2026-09-05.md#SharedRuntimeMechanisms	Primary owner selected by state writer/lifecycle/call-closure review; path is an inventory locator, not sole evidence.
Terraria.GameInput/TriggersPack.cs	shared-runtime-mechanism	SharedRuntimeMechanisms	version4-confirmed			Version4:Terraria.GameInput/TriggersPack.cs	docs/Version4权威游戏模拟子系统全量审查报告-2026-09-05.md#SharedRuntimeMechanisms	Primary owner selected by state writer/lifecycle/call-closure review; path is an inventory locator, not sole evidence.
Terraria.GameInput/TriggersSet.cs	shared-runtime-mechanism	SharedRuntimeMechanisms	version4-confirmed			Version4:Terraria.GameInput/TriggersSet.cs	docs/Version4权威游戏模拟子系统全量审查报告-2026-09-05.md#SharedRuntimeMechanisms	Primary owner selected by state writer/lifecycle/call-closure review; path is an inventory locator, not sole evidence.
Terraria.Graphics.CameraModifiers/CameraInfo.cs	shared-runtime-mechanism	SharedRuntimeMechanisms	version4-confirmed			Version4:Terraria.Graphics.CameraModifiers/CameraInfo.cs	docs/Version4权威游戏模拟子系统全量审查报告-2026-09-05.md#SharedRuntimeMechanisms	Primary owner selected by state writer/lifecycle/call-closure review; path is an inventory locator, not sole evidence.
Terraria.Graphics.Capture/CaptureManager.cs	shared-runtime-mechanism	SharedRuntimeMechanisms	version4-confirmed			Version4:Terraria.Graphics.Capture/CaptureManager.cs	docs/Version4权威游戏模拟子系统全量审查报告-2026-09-05.md#SharedRuntimeMechanisms	Primary owner selected by state writer/lifecycle/call-closure review; path is an inventory locator, not sole evidence.
Terraria.Graphics.Effects/CustomSky.cs	shared-runtime-mechanism	SharedRuntimeMechanisms	version4-confirmed			Version4:Terraria.Graphics.Effects/CustomSky.cs	docs/Version4权威游戏模拟子系统全量审查报告-2026-09-05.md#SharedRuntimeMechanisms	Primary owner selected by state writer/lifecycle/call-closure review; path is an inventory locator, not sole evidence.
Terraria.Graphics.Effects/EffectManager.cs	shared-runtime-mechanism	SharedRuntimeMechanisms	version4-confirmed			Version4:Terraria.Graphics.Effects/EffectManager.cs	docs/Version4权威游戏模拟子系统全量审查报告-2026-09-05.md#SharedRuntimeMechanisms	Primary owner selected by state writer/lifecycle/call-closure review; path is an inventory locator, not sole evidence.
Terraria.Graphics.Effects/EffectPriority.cs	shared-runtime-mechanism	SharedRuntimeMechanisms	version4-confirmed			Version4:Terraria.Graphics.Effects/EffectPriority.cs	docs/Version4权威游戏模拟子系统全量审查报告-2026-09-05.md#SharedRuntimeMechanisms	Primary owner selected by state writer/lifecycle/call-closure review; path is an inventory locator, not sole evidence.
Terraria.Graphics.Effects/Filters.cs	shared-runtime-mechanism	SharedRuntimeMechanisms	version4-confirmed			Version4:Terraria.Graphics.Effects/Filters.cs	docs/Version4权威游戏模拟子系统全量审查报告-2026-09-05.md#SharedRuntimeMechanisms	Primary owner selected by state writer/lifecycle/call-closure review; path is an inventory locator, not sole evidence.
Terraria.Graphics.Effects/GameEffect.cs	shared-runtime-mechanism	SharedRuntimeMechanisms	version4-confirmed			Version4:Terraria.Graphics.Effects/GameEffect.cs	docs/Version4权威游戏模拟子系统全量审查报告-2026-09-05.md#SharedRuntimeMechanisms	Primary owner selected by state writer/lifecycle/call-closure review; path is an inventory locator, not sole evidence.
Terraria.Graphics.Effects/Overlay.cs	shared-runtime-mechanism	SharedRuntimeMechanisms	version4-confirmed			Version4:Terraria.Graphics.Effects/Overlay.cs	docs/Version4权威游戏模拟子系统全量审查报告-2026-09-05.md#SharedRuntimeMechanisms	Primary owner selected by state writer/lifecycle/call-closure review; path is an inventory locator, not sole evidence.
Terraria.Graphics.Effects/OverlayManager.cs	shared-runtime-mechanism	SharedRuntimeMechanisms	version4-confirmed			Version4:Terraria.Graphics.Effects/OverlayManager.cs	docs/Version4权威游戏模拟子系统全量审查报告-2026-09-05.md#SharedRuntimeMechanisms	Primary owner selected by state writer/lifecycle/call-closure review; path is an inventory locator, not sole evidence.
Terraria.Graphics.Effects/OverlayMode.cs	shared-runtime-mechanism	SharedRuntimeMechanisms	version4-confirmed			Version4:Terraria.Graphics.Effects/OverlayMode.cs	docs/Version4权威游戏模拟子系统全量审查报告-2026-09-05.md#SharedRuntimeMechanisms	Primary owner selected by state writer/lifecycle/call-closure review; path is an inventory locator, not sole evidence.
Terraria.Graphics.Effects/Overlays.cs	shared-runtime-mechanism	SharedRuntimeMechanisms	version4-confirmed			Version4:Terraria.Graphics.Effects/Overlays.cs	docs/Version4权威游戏模拟子系统全量审查报告-2026-09-05.md#SharedRuntimeMechanisms	Primary owner selected by state writer/lifecycle/call-closure review; path is an inventory locator, not sole evidence.
Terraria.Graphics.Effects/RenderLayers.cs	shared-runtime-mechanism	SharedRuntimeMechanisms	version4-confirmed			Version4:Terraria.Graphics.Effects/RenderLayers.cs	docs/Version4权威游戏模拟子系统全量审查报告-2026-09-05.md#SharedRuntimeMechanisms	Primary owner selected by state writer/lifecycle/call-closure review; path is an inventory locator, not sole evidence.
Terraria.Graphics.Effects/SkyManager.cs	shared-runtime-mechanism	SharedRuntimeMechanisms	version4-confirmed			Version4:Terraria.Graphics.Effects/SkyManager.cs	docs/Version4权威游戏模拟子系统全量审查报告-2026-09-05.md#SharedRuntimeMechanisms	Primary owner selected by state writer/lifecycle/call-closure review; path is an inventory locator, not sole evidence.
Terraria.Graphics.Light/ILightingEngine.cs	shared-runtime-mechanism	SharedRuntimeMechanisms	version4-confirmed			Version4:Terraria.Graphics.Light/ILightingEngine.cs	docs/Version4权威游戏模拟子系统全量审查报告-2026-09-05.md#SharedRuntimeMechanisms	Primary owner selected by state writer/lifecycle/call-closure review; path is an inventory locator, not sole evidence.
Terraria.Graphics.Light/LegacyLighting.cs	shared-runtime-mechanism	SharedRuntimeMechanisms	version4-confirmed			Version4:Terraria.Graphics.Light/LegacyLighting.cs	docs/Version4权威游戏模拟子系统全量审查报告-2026-09-05.md#SharedRuntimeMechanisms	Primary owner selected by state writer/lifecycle/call-closure review; path is an inventory locator, not sole evidence.
Terraria.Graphics.Light/LightingEngine.cs	shared-runtime-mechanism	SharedRuntimeMechanisms	version4-confirmed			Version4:Terraria.Graphics.Light/LightingEngine.cs	docs/Version4权威游戏模拟子系统全量审查报告-2026-09-05.md#SharedRuntimeMechanisms	Primary owner selected by state writer/lifecycle/call-closure review; path is an inventory locator, not sole evidence.
Terraria.Graphics.Light/LightMap.cs	shared-runtime-mechanism	SharedRuntimeMechanisms	version4-confirmed			Version4:Terraria.Graphics.Light/LightMap.cs	docs/Version4权威游戏模拟子系统全量审查报告-2026-09-05.md#SharedRuntimeMechanisms	Primary owner selected by state writer/lifecycle/call-closure review; path is an inventory locator, not sole evidence.
Terraria.Graphics.Light/LightMaskMode.cs	shared-runtime-mechanism	SharedRuntimeMechanisms	version4-confirmed			Version4:Terraria.Graphics.Light/LightMaskMode.cs	docs/Version4权威游戏模拟子系统全量审查报告-2026-09-05.md#SharedRuntimeMechanisms	Primary owner selected by state writer/lifecycle/call-closure review; path is an inventory locator, not sole evidence.
Terraria.Graphics.Light/LightMode.cs	shared-runtime-mechanism	SharedRuntimeMechanisms	version4-confirmed			Version4:Terraria.Graphics.Light/LightMode.cs	docs/Version4权威游戏模拟子系统全量审查报告-2026-09-05.md#SharedRuntimeMechanisms	Primary owner selected by state writer/lifecycle/call-closure review; path is an inventory locator, not sole evidence.
Terraria.Graphics.Light/TileLightScanner.cs	shared-runtime-mechanism	SharedRuntimeMechanisms	version4-confirmed			Version4:Terraria.Graphics.Light/TileLightScanner.cs	docs/Version4权威游戏模拟子系统全量审查报告-2026-09-05.md#SharedRuntimeMechanisms	Primary owner selected by state writer/lifecycle/call-closure review; path is an inventory locator, not sole evidence.
Terraria.Graphics.Renderers/IParticle.cs	shared-runtime-mechanism	SharedRuntimeMechanisms	version4-confirmed			Version4:Terraria.Graphics.Renderers/IParticle.cs	docs/Version4权威游戏模拟子系统全量审查报告-2026-09-05.md#SharedRuntimeMechanisms	Primary owner selected by state writer/lifecycle/call-closure review; path is an inventory locator, not sole evidence.
Terraria.Graphics.Renderers/IParticleRepel.cs	shared-runtime-mechanism	SharedRuntimeMechanisms	version4-confirmed			Version4:Terraria.Graphics.Renderers/IParticleRepel.cs	docs/Version4权威游戏模拟子系统全量审查报告-2026-09-05.md#SharedRuntimeMechanisms	Primary owner selected by state writer/lifecycle/call-closure review; path is an inventory locator, not sole evidence.
Terraria.Graphics.Renderers/IPooledParticle.cs	shared-runtime-mechanism	SharedRuntimeMechanisms	version4-confirmed			Version4:Terraria.Graphics.Renderers/IPooledParticle.cs	docs/Version4权威游戏模拟子系统全量审查报告-2026-09-05.md#SharedRuntimeMechanisms	Primary owner selected by state writer/lifecycle/call-closure review; path is an inventory locator, not sole evidence.
Terraria.Graphics.Renderers/ParticleRenderer.cs	shared-runtime-mechanism	SharedRuntimeMechanisms	version4-confirmed			Version4:Terraria.Graphics.Renderers/ParticleRenderer.cs	docs/Version4权威游戏模拟子系统全量审查报告-2026-09-05.md#SharedRuntimeMechanisms	Primary owner selected by state writer/lifecycle/call-closure review; path is an inventory locator, not sole evidence.
Terraria.Graphics.Renderers/ParticleRendererSettings.cs	shared-runtime-mechanism	SharedRuntimeMechanisms	version4-confirmed			Version4:Terraria.Graphics.Renderers/ParticleRendererSettings.cs	docs/Version4权威游戏模拟子系统全量审查报告-2026-09-05.md#SharedRuntimeMechanisms	Primary owner selected by state writer/lifecycle/call-closure review; path is an inventory locator, not sole evidence.
Terraria.Graphics.Renderers/ParticleRepelDetails.cs	shared-runtime-mechanism	SharedRuntimeMechanisms	version4-confirmed			Version4:Terraria.Graphics.Renderers/ParticleRepelDetails.cs	docs/Version4权威游戏模拟子系统全量审查报告-2026-09-05.md#SharedRuntimeMechanisms	Primary owner selected by state writer/lifecycle/call-closure review; path is an inventory locator, not sole evidence.
Terraria.Graphics.Renderers/RoomCheckParticle.cs	shared-runtime-mechanism	SharedRuntimeMechanisms	version4-confirmed			Version4:Terraria.Graphics.Renderers/RoomCheckParticle.cs	docs/Version4权威游戏模拟子系统全量审查报告-2026-09-05.md#SharedRuntimeMechanisms	Primary owner selected by state writer/lifecycle/call-closure review; path is an inventory locator, not sole evidence.
Terraria.Graphics.Shaders/ArmorShaderData.cs	shared-runtime-mechanism	SharedRuntimeMechanisms	version4-confirmed			Version4:Terraria.Graphics.Shaders/ArmorShaderData.cs	docs/Version4权威游戏模拟子系统全量审查报告-2026-09-05.md#SharedRuntimeMechanisms	Primary owner selected by state writer/lifecycle/call-closure review; path is an inventory locator, not sole evidence.
Terraria.Graphics.Shaders/ArmorShaderDataSet.cs	shared-runtime-mechanism	SharedRuntimeMechanisms	version4-confirmed			Version4:Terraria.Graphics.Shaders/ArmorShaderDataSet.cs	docs/Version4权威游戏模拟子系统全量审查报告-2026-09-05.md#SharedRuntimeMechanisms	Primary owner selected by state writer/lifecycle/call-closure review; path is an inventory locator, not sole evidence.
Terraria.Graphics.Shaders/EffectParameterExtensions.cs	shared-runtime-mechanism	SharedRuntimeMechanisms	version4-confirmed			Version4:Terraria.Graphics.Shaders/EffectParameterExtensions.cs	docs/Version4权威游戏模拟子系统全量审查报告-2026-09-05.md#SharedRuntimeMechanisms	Primary owner selected by state writer/lifecycle/call-closure review; path is an inventory locator, not sole evidence.
Terraria.Graphics.Shaders/GameShaders.cs	shared-runtime-mechanism	SharedRuntimeMechanisms	version4-confirmed			Version4:Terraria.Graphics.Shaders/GameShaders.cs	docs/Version4权威游戏模拟子系统全量审查报告-2026-09-05.md#SharedRuntimeMechanisms	Primary owner selected by state writer/lifecycle/call-closure review; path is an inventory locator, not sole evidence.
Terraria.Graphics.Shaders/HairShaderData.cs	shared-runtime-mechanism	SharedRuntimeMechanisms	version4-confirmed			Version4:Terraria.Graphics.Shaders/HairShaderData.cs	docs/Version4权威游戏模拟子系统全量审查报告-2026-09-05.md#SharedRuntimeMechanisms	Primary owner selected by state writer/lifecycle/call-closure review; path is an inventory locator, not sole evidence.
Terraria.Graphics.Shaders/HairShaderDataSet.cs	shared-runtime-mechanism	SharedRuntimeMechanisms	version4-confirmed			Version4:Terraria.Graphics.Shaders/HairShaderDataSet.cs	docs/Version4权威游戏模拟子系统全量审查报告-2026-09-05.md#SharedRuntimeMechanisms	Primary owner selected by state writer/lifecycle/call-closure review; path is an inventory locator, not sole evidence.
Terraria.Graphics.Shaders/MiscShaderData.cs	shared-runtime-mechanism	SharedRuntimeMechanisms	version4-confirmed			Version4:Terraria.Graphics.Shaders/MiscShaderData.cs	docs/Version4权威游戏模拟子系统全量审查报告-2026-09-05.md#SharedRuntimeMechanisms	Primary owner selected by state writer/lifecycle/call-closure review; path is an inventory locator, not sole evidence.
Terraria.Graphics.Shaders/ScreenShaderData.cs	shared-runtime-mechanism	SharedRuntimeMechanisms	version4-confirmed			Version4:Terraria.Graphics.Shaders/ScreenShaderData.cs	docs/Version4权威游戏模拟子系统全量审查报告-2026-09-05.md#SharedRuntimeMechanisms	Primary owner selected by state writer/lifecycle/call-closure review; path is an inventory locator, not sole evidence.
Terraria.Graphics.Shaders/ShaderData.cs	shared-runtime-mechanism	SharedRuntimeMechanisms	version4-confirmed			Version4:Terraria.Graphics.Shaders/ShaderData.cs	docs/Version4权威游戏模拟子系统全量审查报告-2026-09-05.md#SharedRuntimeMechanisms	Primary owner selected by state writer/lifecycle/call-closure review; path is an inventory locator, not sole evidence.
Terraria.Graphics/Camera.cs	excluded	ClientPresentationAndTools	version4-confirmed			Version4:Terraria.Graphics/Camera.cs	docs/Version4权威游戏模拟子系统全量审查报告-2026-09-05.md#ClientPresentationAndTools	Primary owner selected by state writer/lifecycle/call-closure review; path is an inventory locator, not sole evidence.
Terraria.Graphics/GraphicsUtils.cs	excluded	ClientPresentationAndTools	version4-confirmed			Version4:Terraria.Graphics/GraphicsUtils.cs	docs/Version4权威游戏模拟子系统全量审查报告-2026-09-05.md#ClientPresentationAndTools	Primary owner selected by state writer/lifecycle/call-closure review; path is an inventory locator, not sole evidence.
Terraria.Graphics/SpriteViewMatrix.cs	excluded	ClientPresentationAndTools	version4-confirmed			Version4:Terraria.Graphics/SpriteViewMatrix.cs	docs/Version4权威游戏模拟子系统全量审查报告-2026-09-05.md#ClientPresentationAndTools	Primary owner selected by state writer/lifecycle/call-closure review; path is an inventory locator, not sole evidence.
Terraria.Graphics/VertexColors.cs	excluded	ClientPresentationAndTools	version4-confirmed			Version4:Terraria.Graphics/VertexColors.cs	docs/Version4权威游戏模拟子系统全量审查报告-2026-09-05.md#ClientPresentationAndTools	Primary owner selected by state writer/lifecycle/call-closure review; path is an inventory locator, not sole evidence.
Terraria.Graphics/VertexStrip.cs	excluded	ClientPresentationAndTools	version4-confirmed			Version4:Terraria.Graphics/VertexStrip.cs	docs/Version4权威游戏模拟子系统全量审查报告-2026-09-05.md#ClientPresentationAndTools	Primary owner selected by state writer/lifecycle/call-closure review; path is an inventory locator, not sole evidence.
Terraria.Graphics/WindowStateController.cs	excluded	ClientPresentationAndTools	version4-confirmed			Version4:Terraria.Graphics/WindowStateController.cs	docs/Version4权威游戏模拟子系统全量审查报告-2026-09-05.md#ClientPresentationAndTools	Primary owner selected by state writer/lifecycle/call-closure review; path is an inventory locator, not sole evidence.
Terraria.ID/AmmoID.cs	subsystem-evidence	ContentCatalog	version4-confirmed			Version4:Terraria.ID/AmmoID.cs	docs/Version4权威游戏模拟子系统全量审查报告-2026-09-05.md#ContentCatalog	Primary owner selected by state writer/lifecycle/call-closure review; path is an inventory locator, not sole evidence.
Terraria.ID/ArmorIDs.cs	subsystem-evidence	ContentCatalog	version4-confirmed			Version4:Terraria.ID/ArmorIDs.cs	docs/Version4权威游戏模拟子系统全量审查报告-2026-09-05.md#ContentCatalog	Primary owner selected by state writer/lifecycle/call-closure review; path is an inventory locator, not sole evidence.
Terraria.ID/BiomeConversionID.cs	subsystem-evidence	ContentCatalog	version4-confirmed			Version4:Terraria.ID/BiomeConversionID.cs	docs/Version4权威游戏模拟子系统全量审查报告-2026-09-05.md#ContentCatalog	Primary owner selected by state writer/lifecycle/call-closure review; path is an inventory locator, not sole evidence.
Terraria.ID/BuffID.cs	subsystem-evidence	ContentCatalog	version4-confirmed			Version4:Terraria.ID/BuffID.cs	docs/Version4权威游戏模拟子系统全量审查报告-2026-09-05.md#ContentCatalog	Primary owner selected by state writer/lifecycle/call-closure review; path is an inventory locator, not sole evidence.
Terraria.ID/ChainID.cs	subsystem-evidence	ContentCatalog	version4-confirmed			Version4:Terraria.ID/ChainID.cs	docs/Version4权威游戏模拟子系统全量审查报告-2026-09-05.md#ContentCatalog	Primary owner selected by state writer/lifecycle/call-closure review; path is an inventory locator, not sole evidence.
Terraria.ID/CloudID.cs	subsystem-evidence	ContentCatalog	version4-confirmed			Version4:Terraria.ID/CloudID.cs	docs/Version4权威游戏模拟子系统全量审查报告-2026-09-05.md#ContentCatalog	Primary owner selected by state writer/lifecycle/call-closure review; path is an inventory locator, not sole evidence.
Terraria.ID/Colors.cs	subsystem-evidence	ContentCatalog	version4-confirmed			Version4:Terraria.ID/Colors.cs	docs/Version4权威游戏模拟子系统全量审查报告-2026-09-05.md#ContentCatalog	Primary owner selected by state writer/lifecycle/call-closure review; path is an inventory locator, not sole evidence.
Terraria.ID/ContentSamples.cs	subsystem-evidence	ContentCatalog	version4-confirmed			Version4:Terraria.ID/ContentSamples.cs	docs/Version4权威游戏模拟子系统全量审查报告-2026-09-05.md#ContentCatalog	Primary owner selected by state writer/lifecycle/call-closure review; path is an inventory locator, not sole evidence.
Terraria.ID/CustomCurrencyID.cs	subsystem-evidence	ContentCatalog	version4-confirmed			Version4:Terraria.ID/CustomCurrencyID.cs	docs/Version4权威游戏模拟子系统全量审查报告-2026-09-05.md#ContentCatalog	Primary owner selected by state writer/lifecycle/call-closure review; path is an inventory locator, not sole evidence.
Terraria.ID/DustID.cs	subsystem-evidence	ContentCatalog	version4-confirmed			Version4:Terraria.ID/DustID.cs	docs/Version4权威游戏模拟子系统全量审查报告-2026-09-05.md#ContentCatalog	Primary owner selected by state writer/lifecycle/call-closure review; path is an inventory locator, not sole evidence.
Terraria.ID/GameModeID.cs	subsystem-evidence	ContentCatalog	version4-confirmed			Version4:Terraria.ID/GameModeID.cs	docs/Version4权威游戏模拟子系统全量审查报告-2026-09-05.md#ContentCatalog	Primary owner selected by state writer/lifecycle/call-closure review; path is an inventory locator, not sole evidence.
Terraria.ID/GameVersionID.cs	subsystem-evidence	ContentCatalog	version4-confirmed			Version4:Terraria.ID/GameVersionID.cs	docs/Version4权威游戏模拟子系统全量审查报告-2026-09-05.md#ContentCatalog	Primary owner selected by state writer/lifecycle/call-closure review; path is an inventory locator, not sole evidence.
Terraria.ID/GenPassNameID.cs	subsystem-evidence	ContentCatalog	version4-confirmed			Version4:Terraria.ID/GenPassNameID.cs	docs/Version4权威游戏模拟子系统全量审查报告-2026-09-05.md#ContentCatalog	Primary owner selected by state writer/lifecycle/call-closure review; path is an inventory locator, not sole evidence.
Terraria.ID/GoreID.cs	subsystem-evidence	ContentCatalog	version4-confirmed			Version4:Terraria.ID/GoreID.cs	docs/Version4权威游戏模拟子系统全量审查报告-2026-09-05.md#ContentCatalog	Primary owner selected by state writer/lifecycle/call-closure review; path is an inventory locator, not sole evidence.
Terraria.ID/ImmunityCooldownID.cs	subsystem-evidence	ContentCatalog	version4-confirmed			Version4:Terraria.ID/ImmunityCooldownID.cs	docs/Version4权威游戏模拟子系统全量审查报告-2026-09-05.md#ContentCatalog	Primary owner selected by state writer/lifecycle/call-closure review; path is an inventory locator, not sole evidence.
Terraria.ID/InvasionID.cs	subsystem-evidence	ContentCatalog	version4-confirmed			Version4:Terraria.ID/InvasionID.cs	docs/Version4权威游戏模拟子系统全量审查报告-2026-09-05.md#ContentCatalog	Primary owner selected by state writer/lifecycle/call-closure review; path is an inventory locator, not sole evidence.
Terraria.ID/ItemAlternativeFunctionID.cs	subsystem-evidence	ContentCatalog	version4-confirmed			Version4:Terraria.ID/ItemAlternativeFunctionID.cs	docs/Version4权威游戏模拟子系统全量审查报告-2026-09-05.md#ContentCatalog	Primary owner selected by state writer/lifecycle/call-closure review; path is an inventory locator, not sole evidence.
Terraria.ID/ItemID.cs	subsystem-evidence	ContentCatalog	version4-confirmed			Version4:Terraria.ID/ItemID.cs	docs/Version4权威游戏模拟子系统全量审查报告-2026-09-05.md#ContentCatalog	Primary owner selected by state writer/lifecycle/call-closure review; path is an inventory locator, not sole evidence.
Terraria.ID/ItemSourceID.cs	subsystem-evidence	ContentCatalog	version4-confirmed			Version4:Terraria.ID/ItemSourceID.cs	docs/Version4权威游戏模拟子系统全量审查报告-2026-09-05.md#ContentCatalog	Primary owner selected by state writer/lifecycle/call-closure review; path is an inventory locator, not sole evidence.
Terraria.ID/LiquidID.cs	subsystem-evidence	ContentCatalog	version4-confirmed			Version4:Terraria.ID/LiquidID.cs	docs/Version4权威游戏模拟子系统全量审查报告-2026-09-05.md#ContentCatalog	Primary owner selected by state writer/lifecycle/call-closure review; path is an inventory locator, not sole evidence.
Terraria.ID/MenuID.cs	subsystem-evidence	ContentCatalog	version4-confirmed			Version4:Terraria.ID/MenuID.cs	docs/Version4权威游戏模拟子系统全量审查报告-2026-09-05.md#ContentCatalog	Primary owner selected by state writer/lifecycle/call-closure review; path is an inventory locator, not sole evidence.
Terraria.ID/MessageID.cs	subsystem-evidence	ContentCatalog	version4-confirmed			Version4:Terraria.ID/MessageID.cs	docs/Version4权威游戏模拟子系统全量审查报告-2026-09-05.md#ContentCatalog	Primary owner selected by state writer/lifecycle/call-closure review; path is an inventory locator, not sole evidence.
Terraria.ID/MountID.cs	subsystem-evidence	ContentCatalog	version4-confirmed			Version4:Terraria.ID/MountID.cs	docs/Version4权威游戏模拟子系统全量审查报告-2026-09-05.md#ContentCatalog	Primary owner selected by state writer/lifecycle/call-closure review; path is an inventory locator, not sole evidence.
Terraria.ID/MusicID.cs	subsystem-evidence	ContentCatalog	version4-confirmed			Version4:Terraria.ID/MusicID.cs	docs/Version4权威游戏模拟子系统全量审查报告-2026-09-05.md#ContentCatalog	Primary owner selected by state writer/lifecycle/call-closure review; path is an inventory locator, not sole evidence.
Terraria.ID/NPCHeadID.cs	subsystem-evidence	ContentCatalog	version4-confirmed			Version4:Terraria.ID/NPCHeadID.cs	docs/Version4权威游戏模拟子系统全量审查报告-2026-09-05.md#ContentCatalog	Primary owner selected by state writer/lifecycle/call-closure review; path is an inventory locator, not sole evidence.
Terraria.ID/NPCID.cs	subsystem-evidence	ContentCatalog	version4-confirmed			Version4:Terraria.ID/NPCID.cs	docs/Version4权威游戏模拟子系统全量审查报告-2026-09-05.md#ContentCatalog	Primary owner selected by state writer/lifecycle/call-closure review; path is an inventory locator, not sole evidence.
Terraria.ID/PaintCoatingID.cs	subsystem-evidence	ContentCatalog	version4-confirmed			Version4:Terraria.ID/PaintCoatingID.cs	docs/Version4权威游戏模拟子系统全量审查报告-2026-09-05.md#ContentCatalog	Primary owner selected by state writer/lifecycle/call-closure review; path is an inventory locator, not sole evidence.
Terraria.ID/PaintID.cs	subsystem-evidence	ContentCatalog	version4-confirmed			Version4:Terraria.ID/PaintID.cs	docs/Version4权威游戏模拟子系统全量审查报告-2026-09-05.md#ContentCatalog	Primary owner selected by state writer/lifecycle/call-closure review; path is an inventory locator, not sole evidence.
Terraria.ID/PlayerItemSlotID.cs	subsystem-evidence	ContentCatalog	version4-confirmed			Version4:Terraria.ID/PlayerItemSlotID.cs	docs/Version4权威游戏模拟子系统全量审查报告-2026-09-05.md#ContentCatalog	Primary owner selected by state writer/lifecycle/call-closure review; path is an inventory locator, not sole evidence.
Terraria.ID/PlayerTeamID.cs	subsystem-evidence	ContentCatalog	version4-confirmed			Version4:Terraria.ID/PlayerTeamID.cs	docs/Version4权威游戏模拟子系统全量审查报告-2026-09-05.md#ContentCatalog	Primary owner selected by state writer/lifecycle/call-closure review; path is an inventory locator, not sole evidence.
Terraria.ID/PlayerTextureID.cs	subsystem-evidence	ContentCatalog	version4-confirmed			Version4:Terraria.ID/PlayerTextureID.cs	docs/Version4权威游戏模拟子系统全量审查报告-2026-09-05.md#ContentCatalog	Primary owner selected by state writer/lifecycle/call-closure review; path is an inventory locator, not sole evidence.
Terraria.ID/PlayerVariantID.cs	subsystem-evidence	ContentCatalog	version4-confirmed			Version4:Terraria.ID/PlayerVariantID.cs	docs/Version4权威游戏模拟子系统全量审查报告-2026-09-05.md#ContentCatalog	Primary owner selected by state writer/lifecycle/call-closure review; path is an inventory locator, not sole evidence.
Terraria.ID/PrefixID.cs	subsystem-evidence	ContentCatalog	version4-confirmed			Version4:Terraria.ID/PrefixID.cs	docs/Version4权威游戏模拟子系统全量审查报告-2026-09-05.md#ContentCatalog	Primary owner selected by state writer/lifecycle/call-closure review; path is an inventory locator, not sole evidence.
Terraria.ID/ProjectileID.cs	subsystem-evidence	ContentCatalog	version4-confirmed			Version4:Terraria.ID/ProjectileID.cs	docs/Version4权威游戏模拟子系统全量审查报告-2026-09-05.md#ContentCatalog	Primary owner selected by state writer/lifecycle/call-closure review; path is an inventory locator, not sole evidence.
Terraria.ID/ProjectileSourceID.cs	subsystem-evidence	ContentCatalog	version4-confirmed			Version4:Terraria.ID/ProjectileSourceID.cs	docs/Version4权威游戏模拟子系统全量审查报告-2026-09-05.md#ContentCatalog	Primary owner selected by state writer/lifecycle/call-closure review; path is an inventory locator, not sole evidence.
Terraria.ID/SetFactory.cs	subsystem-evidence	ContentCatalog	version4-confirmed			Version4:Terraria.ID/SetFactory.cs	docs/Version4权威游戏模拟子系统全量审查报告-2026-09-05.md#ContentCatalog	Primary owner selected by state writer/lifecycle/call-closure review; path is an inventory locator, not sole evidence.
Terraria.ID/SoundID.cs	subsystem-evidence	ContentCatalog	version4-confirmed			Version4:Terraria.ID/SoundID.cs	docs/Version4权威游戏模拟子系统全量审查报告-2026-09-05.md#ContentCatalog	Primary owner selected by state writer/lifecycle/call-closure review; path is an inventory locator, not sole evidence.
Terraria.ID/StatusID.cs	subsystem-evidence	ContentCatalog	version4-confirmed			Version4:Terraria.ID/StatusID.cs	docs/Version4权威游戏模拟子系统全量审查报告-2026-09-05.md#ContentCatalog	Primary owner selected by state writer/lifecycle/call-closure review; path is an inventory locator, not sole evidence.
Terraria.ID/SurfaceBackgroundID.cs	subsystem-evidence	ContentCatalog	version4-confirmed			Version4:Terraria.ID/SurfaceBackgroundID.cs	docs/Version4权威游戏模拟子系统全量审查报告-2026-09-05.md#ContentCatalog	Primary owner selected by state writer/lifecycle/call-closure review; path is an inventory locator, not sole evidence.
Terraria.ID/TeleportationSide.cs	subsystem-evidence	ContentCatalog	version4-confirmed			Version4:Terraria.ID/TeleportationSide.cs	docs/Version4权威游戏模拟子系统全量审查报告-2026-09-05.md#ContentCatalog	Primary owner selected by state writer/lifecycle/call-closure review; path is an inventory locator, not sole evidence.
Terraria.ID/TeleportationStyleID.cs	subsystem-evidence	ContentCatalog	version4-confirmed			Version4:Terraria.ID/TeleportationStyleID.cs	docs/Version4权威游戏模拟子系统全量审查报告-2026-09-05.md#ContentCatalog	Primary owner selected by state writer/lifecycle/call-closure review; path is an inventory locator, not sole evidence.
Terraria.ID/TileChangeType.cs	subsystem-evidence	ContentCatalog	version4-confirmed			Version4:Terraria.ID/TileChangeType.cs	docs/Version4权威游戏模拟子系统全量审查报告-2026-09-05.md#ContentCatalog	Primary owner selected by state writer/lifecycle/call-closure review; path is an inventory locator, not sole evidence.
Terraria.ID/TileID.cs	subsystem-evidence	ContentCatalog	version4-confirmed			Version4:Terraria.ID/TileID.cs	docs/Version4权威游戏模拟子系统全量审查报告-2026-09-05.md#ContentCatalog	Primary owner selected by state writer/lifecycle/call-closure review; path is an inventory locator, not sole evidence.
Terraria.ID/TorchID.cs	subsystem-evidence	ContentCatalog	version4-confirmed			Version4:Terraria.ID/TorchID.cs	docs/Version4权威游戏模拟子系统全量审查报告-2026-09-05.md#ContentCatalog	Primary owner selected by state writer/lifecycle/call-closure review; path is an inventory locator, not sole evidence.
Terraria.ID/TreeTopID.cs	subsystem-evidence	ContentCatalog	version4-confirmed			Version4:Terraria.ID/TreeTopID.cs	docs/Version4权威游戏模拟子系统全量审查报告-2026-09-05.md#ContentCatalog	Primary owner selected by state writer/lifecycle/call-closure review; path is an inventory locator, not sole evidence.
Terraria.ID/WallID.cs	subsystem-evidence	ContentCatalog	version4-confirmed			Version4:Terraria.ID/WallID.cs	docs/Version4权威游戏模拟子系统全量审查报告-2026-09-05.md#ContentCatalog	Primary owner selected by state writer/lifecycle/call-closure review; path is an inventory locator, not sole evidence.
Terraria.ID/WaterStyleID.cs	subsystem-evidence	ContentCatalog	version4-confirmed			Version4:Terraria.ID/WaterStyleID.cs	docs/Version4权威游戏模拟子系统全量审查报告-2026-09-05.md#ContentCatalog	Primary owner selected by state writer/lifecycle/call-closure review; path is an inventory locator, not sole evidence.
Terraria.Initializers/AssetInitializer.cs	subsystem-evidence	ContentLifecycleAndRegistration	version4-confirmed			Version4:Terraria.Initializers/AssetInitializer.cs	docs/Version4权威游戏模拟子系统全量审查报告-2026-09-05.md#ContentLifecycleAndRegistration	Primary owner selected by state writer/lifecycle/call-closure review; path is an inventory locator, not sole evidence.
Terraria.Initializers/ChatInitializer.cs	subsystem-evidence	ContentLifecycleAndRegistration	version4-confirmed			Version4:Terraria.Initializers/ChatInitializer.cs	docs/Version4权威游戏模拟子系统全量审查报告-2026-09-05.md#ContentLifecycleAndRegistration	Primary owner selected by state writer/lifecycle/call-closure review; path is an inventory locator, not sole evidence.
Terraria.Initializers/ChromaInitializer.cs	subsystem-evidence	ContentLifecycleAndRegistration	version4-confirmed			Version4:Terraria.Initializers/ChromaInitializer.cs	docs/Version4权威游戏模拟子系统全量审查报告-2026-09-05.md#ContentLifecycleAndRegistration	Primary owner selected by state writer/lifecycle/call-closure review; path is an inventory locator, not sole evidence.
Terraria.Initializers/DyeInitializer.cs	subsystem-evidence	ContentLifecycleAndRegistration	version4-confirmed			Version4:Terraria.Initializers/DyeInitializer.cs	docs/Version4权威游戏模拟子系统全量审查报告-2026-09-05.md#ContentLifecycleAndRegistration	Primary owner selected by state writer/lifecycle/call-closure review; path is an inventory locator, not sole evidence.
Terraria.Initializers/LaunchInitializer.cs	subsystem-evidence	ContentLifecycleAndRegistration	version4-confirmed			Version4:Terraria.Initializers/LaunchInitializer.cs	docs/Version4权威游戏模拟子系统全量审查报告-2026-09-05.md#ContentLifecycleAndRegistration	Primary owner selected by state writer/lifecycle/call-closure review; path is an inventory locator, not sole evidence.
Terraria.Initializers/NetworkInitializer.cs	subsystem-evidence	ContentLifecycleAndRegistration	version4-confirmed			Version4:Terraria.Initializers/NetworkInitializer.cs	docs/Version4权威游戏模拟子系统全量审查报告-2026-09-05.md#ContentLifecycleAndRegistration	Primary owner selected by state writer/lifecycle/call-closure review; path is an inventory locator, not sole evidence.
Terraria.Initializers/PlayerDataInitializer.cs	subsystem-evidence	ContentLifecycleAndRegistration	version4-confirmed			Version4:Terraria.Initializers/PlayerDataInitializer.cs	docs/Version4权威游戏模拟子系统全量审查报告-2026-09-05.md#ContentLifecycleAndRegistration	Primary owner selected by state writer/lifecycle/call-closure review; path is an inventory locator, not sole evidence.
Terraria.Initializers/ScreenEffectInitializer.cs	subsystem-evidence	ContentLifecycleAndRegistration	version4-confirmed			Version4:Terraria.Initializers/ScreenEffectInitializer.cs	docs/Version4权威游戏模拟子系统全量审查报告-2026-09-05.md#ContentLifecycleAndRegistration	Primary owner selected by state writer/lifecycle/call-closure review; path is an inventory locator, not sole evidence.
Terraria.Initializers/WingStatsInitializer.cs	subsystem-evidence	ContentLifecycleAndRegistration	version4-confirmed			Version4:Terraria.Initializers/WingStatsInitializer.cs	docs/Version4权威游戏模拟子系统全量审查报告-2026-09-05.md#ContentLifecycleAndRegistration	Primary owner selected by state writer/lifecycle/call-closure review; path is an inventory locator, not sole evidence.
Terraria.IO/FavoritesFile.cs	shared-runtime-mechanism	SharedRuntimeMechanisms	version4-confirmed			Version4:Terraria.IO/FavoritesFile.cs	docs/Version4权威游戏模拟子系统全量审查报告-2026-09-05.md#SharedRuntimeMechanisms	Primary owner selected by state writer/lifecycle/call-closure review; path is an inventory locator, not sole evidence.
Terraria.IO/FileData.cs	shared-runtime-mechanism	SharedRuntimeMechanisms	version4-confirmed			Version4:Terraria.IO/FileData.cs	docs/Version4权威游戏模拟子系统全量审查报告-2026-09-05.md#SharedRuntimeMechanisms	Primary owner selected by state writer/lifecycle/call-closure review; path is an inventory locator, not sole evidence.
Terraria.IO/FileMetadata.cs	shared-runtime-mechanism	SharedRuntimeMechanisms	version4-confirmed			Version4:Terraria.IO/FileMetadata.cs	docs/Version4权威游戏模拟子系统全量审查报告-2026-09-05.md#SharedRuntimeMechanisms	Primary owner selected by state writer/lifecycle/call-closure review; path is an inventory locator, not sole evidence.
Terraria.IO/FileType.cs	shared-runtime-mechanism	SharedRuntimeMechanisms	version4-confirmed			Version4:Terraria.IO/FileType.cs	docs/Version4权威游戏模拟子系统全量审查报告-2026-09-05.md#SharedRuntimeMechanisms	Primary owner selected by state writer/lifecycle/call-closure review; path is an inventory locator, not sole evidence.
Terraria.IO/GameConfiguration.cs	shared-runtime-mechanism	SharedRuntimeMechanisms	version4-confirmed			Version4:Terraria.IO/GameConfiguration.cs	docs/Version4权威游戏模拟子系统全量审查报告-2026-09-05.md#SharedRuntimeMechanisms	Primary owner selected by state writer/lifecycle/call-closure review; path is an inventory locator, not sole evidence.
Terraria.IO/PlayerFileData.cs	subsystem-evidence	PersistenceAndRecovery	version4-confirmed			Version4:Terraria.IO/PlayerFileData.cs	docs/Version4权威游戏模拟子系统全量审查报告-2026-09-05.md#PersistenceAndRecovery	Primary owner selected by state writer/lifecycle/call-closure review; path is an inventory locator, not sole evidence.
Terraria.IO/Preferences.cs	shared-runtime-mechanism	SharedRuntimeMechanisms	version4-confirmed			Version4:Terraria.IO/Preferences.cs	docs/Version4权威游戏模拟子系统全量审查报告-2026-09-05.md#SharedRuntimeMechanisms	Primary owner selected by state writer/lifecycle/call-closure review; path is an inventory locator, not sole evidence.
Terraria.IO/ResourcePack.cs	shared-runtime-mechanism	SharedRuntimeMechanisms	version4-confirmed			Version4:Terraria.IO/ResourcePack.cs	docs/Version4权威游戏模拟子系统全量审查报告-2026-09-05.md#SharedRuntimeMechanisms	Primary owner selected by state writer/lifecycle/call-closure review; path is an inventory locator, not sole evidence.
Terraria.IO/ResourcePackList.cs	shared-runtime-mechanism	SharedRuntimeMechanisms	version4-confirmed			Version4:Terraria.IO/ResourcePackList.cs	docs/Version4权威游戏模拟子系统全量审查报告-2026-09-05.md#SharedRuntimeMechanisms	Primary owner selected by state writer/lifecycle/call-closure review; path is an inventory locator, not sole evidence.
Terraria.IO/WorldFile.cs	subsystem-evidence	PersistenceAndRecovery	version4-confirmed			Version4:Terraria.IO/WorldFile.cs	docs/Version4权威游戏模拟子系统全量审查报告-2026-09-05.md#PersistenceAndRecovery	Primary owner selected by state writer/lifecycle/call-closure review; path is an inventory locator, not sole evidence.
Terraria.IO/WorldFileData.cs	subsystem-evidence	PersistenceAndRecovery	version4-confirmed			Version4:Terraria.IO/WorldFileData.cs	docs/Version4权威游戏模拟子系统全量审查报告-2026-09-05.md#PersistenceAndRecovery	Primary owner selected by state writer/lifecycle/call-closure review; path is an inventory locator, not sole evidence.
Terraria.Localization/GameCulture.cs	shared-runtime-mechanism	SharedRuntimeMechanisms	version4-confirmed			Version4:Terraria.Localization/GameCulture.cs	docs/Version4权威游戏模拟子系统全量审查报告-2026-09-05.md#SharedRuntimeMechanisms	Primary owner selected by state writer/lifecycle/call-closure review; path is an inventory locator, not sole evidence.
Terraria.Localization/Language.cs	shared-runtime-mechanism	SharedRuntimeMechanisms	version4-confirmed			Version4:Terraria.Localization/Language.cs	docs/Version4权威游戏模拟子系统全量审查报告-2026-09-05.md#SharedRuntimeMechanisms	Primary owner selected by state writer/lifecycle/call-closure review; path is an inventory locator, not sole evidence.
Terraria.Localization/LanguageChangeCallback.cs	shared-runtime-mechanism	SharedRuntimeMechanisms	version4-confirmed			Version4:Terraria.Localization/LanguageChangeCallback.cs	docs/Version4权威游戏模拟子系统全量审查报告-2026-09-05.md#SharedRuntimeMechanisms	Primary owner selected by state writer/lifecycle/call-closure review; path is an inventory locator, not sole evidence.
Terraria.Localization/LanguageManager.cs	shared-runtime-mechanism	SharedRuntimeMechanisms	version4-confirmed			Version4:Terraria.Localization/LanguageManager.cs	docs/Version4权威游戏模拟子系统全量审查报告-2026-09-05.md#SharedRuntimeMechanisms	Primary owner selected by state writer/lifecycle/call-closure review; path is an inventory locator, not sole evidence.
Terraria.Localization/LanguageSearchFilter.cs	shared-runtime-mechanism	SharedRuntimeMechanisms	version4-confirmed			Version4:Terraria.Localization/LanguageSearchFilter.cs	docs/Version4权威游戏模拟子系统全量审查报告-2026-09-05.md#SharedRuntimeMechanisms	Primary owner selected by state writer/lifecycle/call-closure review; path is an inventory locator, not sole evidence.
Terraria.Localization/LocalizedText.cs	shared-runtime-mechanism	SharedRuntimeMechanisms	version4-confirmed			Version4:Terraria.Localization/LocalizedText.cs	docs/Version4权威游戏模拟子系统全量审查报告-2026-09-05.md#SharedRuntimeMechanisms	Primary owner selected by state writer/lifecycle/call-closure review; path is an inventory locator, not sole evidence.
Terraria.Localization/NetworkText.cs	shared-runtime-mechanism	SharedRuntimeMechanisms	version4-confirmed			Version4:Terraria.Localization/NetworkText.cs	docs/Version4权威游戏模拟子系统全量审查报告-2026-09-05.md#SharedRuntimeMechanisms	Primary owner selected by state writer/lifecycle/call-closure review; path is an inventory locator, not sole evidence.
Terraria.Localization/VariableText.cs	shared-runtime-mechanism	SharedRuntimeMechanisms	version4-confirmed			Version4:Terraria.Localization/VariableText.cs	docs/Version4权威游戏模拟子系统全量审查报告-2026-09-05.md#SharedRuntimeMechanisms	Primary owner selected by state writer/lifecycle/call-closure review; path is an inventory locator, not sole evidence.
Terraria.Map/IMapLayer.cs	excluded	ClientPresentationAndTools	version4-confirmed			Version4:Terraria.Map/IMapLayer.cs	docs/Version4权威游戏模拟子系统全量审查报告-2026-09-05.md#ClientPresentationAndTools	Primary owner selected by state writer/lifecycle/call-closure review; path is an inventory locator, not sole evidence.
Terraria.Map/MapHelper.cs	excluded	ClientPresentationAndTools	version4-confirmed			Version4:Terraria.Map/MapHelper.cs	docs/Version4权威游戏模拟子系统全量审查报告-2026-09-05.md#ClientPresentationAndTools	Primary owner selected by state writer/lifecycle/call-closure review; path is an inventory locator, not sole evidence.
Terraria.Map/MapOverlayDrawContext.cs	excluded	ClientPresentationAndTools	version4-confirmed			Version4:Terraria.Map/MapOverlayDrawContext.cs	docs/Version4权威游戏模拟子系统全量审查报告-2026-09-05.md#ClientPresentationAndTools	Primary owner selected by state writer/lifecycle/call-closure review; path is an inventory locator, not sole evidence.
Terraria.Map/MapTile.cs	excluded	ClientPresentationAndTools	version4-confirmed			Version4:Terraria.Map/MapTile.cs	docs/Version4权威游戏模拟子系统全量审查报告-2026-09-05.md#ClientPresentationAndTools	Primary owner selected by state writer/lifecycle/call-closure review; path is an inventory locator, not sole evidence.
Terraria.Map/MapUpdateQueue.cs	excluded	ClientPresentationAndTools	version4-confirmed			Version4:Terraria.Map/MapUpdateQueue.cs	docs/Version4权威游戏模拟子系统全量审查报告-2026-09-05.md#ClientPresentationAndTools	Primary owner selected by state writer/lifecycle/call-closure review; path is an inventory locator, not sole evidence.
Terraria.Map/PingMapLayer.cs	excluded	ClientPresentationAndTools	version4-confirmed			Version4:Terraria.Map/PingMapLayer.cs	docs/Version4权威游戏模拟子系统全量审查报告-2026-09-05.md#ClientPresentationAndTools	Primary owner selected by state writer/lifecycle/call-closure review; path is an inventory locator, not sole evidence.
Terraria.Map/SpawnMapLayer.cs	excluded	ClientPresentationAndTools	version4-confirmed			Version4:Terraria.Map/SpawnMapLayer.cs	docs/Version4权威游戏模拟子系统全量审查报告-2026-09-05.md#ClientPresentationAndTools	Primary owner selected by state writer/lifecycle/call-closure review; path is an inventory locator, not sole evidence.
Terraria.Map/TeamBasedSpawnMapLayer.cs	excluded	ClientPresentationAndTools	version4-confirmed			Version4:Terraria.Map/TeamBasedSpawnMapLayer.cs	docs/Version4权威游戏模拟子系统全量审查报告-2026-09-05.md#ClientPresentationAndTools	Primary owner selected by state writer/lifecycle/call-closure review; path is an inventory locator, not sole evidence.
Terraria.Map/TeleportPylonsMapLayer.cs	excluded	ClientPresentationAndTools	version4-confirmed			Version4:Terraria.Map/TeleportPylonsMapLayer.cs	docs/Version4权威游戏模拟子系统全量审查报告-2026-09-05.md#ClientPresentationAndTools	Primary owner selected by state writer/lifecycle/call-closure review; path is an inventory locator, not sole evidence.
Terraria.Map/WorldMap.cs	excluded	ClientPresentationAndTools	version4-confirmed			Version4:Terraria.Map/WorldMap.cs	docs/Version4权威游戏模拟子系统全量审查报告-2026-09-05.md#ClientPresentationAndTools	Primary owner selected by state writer/lifecycle/call-closure review; path is an inventory locator, not sole evidence.
Terraria.Modules/AnchorDataModule.cs	shared-runtime-mechanism	SharedRuntimeMechanisms	version4-confirmed			Version4:Terraria.Modules/AnchorDataModule.cs	docs/Version4权威游戏模拟子系统全量审查报告-2026-09-05.md#SharedRuntimeMechanisms	Primary owner selected by state writer/lifecycle/call-closure review; path is an inventory locator, not sole evidence.
Terraria.Modules/AnchorTypesModule.cs	shared-runtime-mechanism	SharedRuntimeMechanisms	version4-confirmed			Version4:Terraria.Modules/AnchorTypesModule.cs	docs/Version4权威游戏模拟子系统全量审查报告-2026-09-05.md#SharedRuntimeMechanisms	Primary owner selected by state writer/lifecycle/call-closure review; path is an inventory locator, not sole evidence.
Terraria.Modules/LiquidDeathModule.cs	shared-runtime-mechanism	SharedRuntimeMechanisms	version4-confirmed			Version4:Terraria.Modules/LiquidDeathModule.cs	docs/Version4权威游戏模拟子系统全量审查报告-2026-09-05.md#SharedRuntimeMechanisms	Primary owner selected by state writer/lifecycle/call-closure review; path is an inventory locator, not sole evidence.
Terraria.Modules/LiquidPlacementModule.cs	shared-runtime-mechanism	SharedRuntimeMechanisms	version4-confirmed			Version4:Terraria.Modules/LiquidPlacementModule.cs	docs/Version4权威游戏模拟子系统全量审查报告-2026-09-05.md#SharedRuntimeMechanisms	Primary owner selected by state writer/lifecycle/call-closure review; path is an inventory locator, not sole evidence.
Terraria.Modules/TileObjectAlternatesModule.cs	shared-runtime-mechanism	SharedRuntimeMechanisms	version4-confirmed			Version4:Terraria.Modules/TileObjectAlternatesModule.cs	docs/Version4权威游戏模拟子系统全量审查报告-2026-09-05.md#SharedRuntimeMechanisms	Primary owner selected by state writer/lifecycle/call-closure review; path is an inventory locator, not sole evidence.
Terraria.Modules/TileObjectBaseModule.cs	shared-runtime-mechanism	SharedRuntimeMechanisms	version4-confirmed			Version4:Terraria.Modules/TileObjectBaseModule.cs	docs/Version4权威游戏模拟子系统全量审查报告-2026-09-05.md#SharedRuntimeMechanisms	Primary owner selected by state writer/lifecycle/call-closure review; path is an inventory locator, not sole evidence.
Terraria.Modules/TileObjectCoordinatesModule.cs	shared-runtime-mechanism	SharedRuntimeMechanisms	version4-confirmed			Version4:Terraria.Modules/TileObjectCoordinatesModule.cs	docs/Version4权威游戏模拟子系统全量审查报告-2026-09-05.md#SharedRuntimeMechanisms	Primary owner selected by state writer/lifecycle/call-closure review; path is an inventory locator, not sole evidence.
Terraria.Modules/TileObjectDrawModule.cs	shared-runtime-mechanism	SharedRuntimeMechanisms	version4-confirmed			Version4:Terraria.Modules/TileObjectDrawModule.cs	docs/Version4权威游戏模拟子系统全量审查报告-2026-09-05.md#SharedRuntimeMechanisms	Primary owner selected by state writer/lifecycle/call-closure review; path is an inventory locator, not sole evidence.
Terraria.Modules/TileObjectStyleModule.cs	shared-runtime-mechanism	SharedRuntimeMechanisms	version4-confirmed			Version4:Terraria.Modules/TileObjectStyleModule.cs	docs/Version4权威游戏模拟子系统全量审查报告-2026-09-05.md#SharedRuntimeMechanisms	Primary owner selected by state writer/lifecycle/call-closure review; path is an inventory locator, not sole evidence.
Terraria.Modules/TileObjectSubTilesModule.cs	shared-runtime-mechanism	SharedRuntimeMechanisms	version4-confirmed			Version4:Terraria.Modules/TileObjectSubTilesModule.cs	docs/Version4权威游戏模拟子系统全量审查报告-2026-09-05.md#SharedRuntimeMechanisms	Primary owner selected by state writer/lifecycle/call-closure review; path is an inventory locator, not sole evidence.
Terraria.Modules/TilePlacementHooksModule.cs	shared-runtime-mechanism	SharedRuntimeMechanisms	version4-confirmed			Version4:Terraria.Modules/TilePlacementHooksModule.cs	docs/Version4权威游戏模拟子系统全量审查报告-2026-09-05.md#SharedRuntimeMechanisms	Primary owner selected by state writer/lifecycle/call-closure review; path is an inventory locator, not sole evidence.
Terraria.Net.Sockets/DebugNetworkStream.cs	shared-runtime-mechanism	SharedRuntimeMechanisms	version4-confirmed			Version4:Terraria.Net.Sockets/DebugNetworkStream.cs	docs/Version4权威游戏模拟子系统全量审查报告-2026-09-05.md#SharedRuntimeMechanisms	Primary owner selected by state writer/lifecycle/call-closure review; path is an inventory locator, not sole evidence.
Terraria.Net.Sockets/ISocket.cs	shared-runtime-mechanism	SharedRuntimeMechanisms	version4-confirmed			Version4:Terraria.Net.Sockets/ISocket.cs	docs/Version4权威游戏模拟子系统全量审查报告-2026-09-05.md#SharedRuntimeMechanisms	Primary owner selected by state writer/lifecycle/call-closure review; path is an inventory locator, not sole evidence.
Terraria.Net.Sockets/SocketConnectionAccepted.cs	shared-runtime-mechanism	SharedRuntimeMechanisms	version4-confirmed			Version4:Terraria.Net.Sockets/SocketConnectionAccepted.cs	docs/Version4权威游戏模拟子系统全量审查报告-2026-09-05.md#SharedRuntimeMechanisms	Primary owner selected by state writer/lifecycle/call-closure review; path is an inventory locator, not sole evidence.
Terraria.Net.Sockets/SocketReceiveCallback.cs	shared-runtime-mechanism	SharedRuntimeMechanisms	version4-confirmed			Version4:Terraria.Net.Sockets/SocketReceiveCallback.cs	docs/Version4权威游戏模拟子系统全量审查报告-2026-09-05.md#SharedRuntimeMechanisms	Primary owner selected by state writer/lifecycle/call-closure review; path is an inventory locator, not sole evidence.
Terraria.Net.Sockets/SocketSendCallback.cs	shared-runtime-mechanism	SharedRuntimeMechanisms	version4-confirmed			Version4:Terraria.Net.Sockets/SocketSendCallback.cs	docs/Version4权威游戏模拟子系统全量审查报告-2026-09-05.md#SharedRuntimeMechanisms	Primary owner selected by state writer/lifecycle/call-closure review; path is an inventory locator, not sole evidence.
Terraria.Net.Sockets/TcpSocket.cs	shared-runtime-mechanism	SharedRuntimeMechanisms	version4-confirmed			Version4:Terraria.Net.Sockets/TcpSocket.cs	docs/Version4权威游戏模拟子系统全量审查报告-2026-09-05.md#SharedRuntimeMechanisms	Primary owner selected by state writer/lifecycle/call-closure review; path is an inventory locator, not sole evidence.
Terraria.Net/AddressType.cs	shared-runtime-mechanism	SharedRuntimeMechanisms	version4-confirmed			Version4:Terraria.Net/AddressType.cs	docs/Version4权威游戏模拟子系统全量审查报告-2026-09-05.md#SharedRuntimeMechanisms	Primary owner selected by state writer/lifecycle/call-closure review; path is an inventory locator, not sole evidence.
Terraria.Net/LegacyNetBufferPool.cs	shared-runtime-mechanism	SharedRuntimeMechanisms	version4-confirmed			Version4:Terraria.Net/LegacyNetBufferPool.cs	docs/Version4权威游戏模拟子系统全量审查报告-2026-09-05.md#SharedRuntimeMechanisms	Primary owner selected by state writer/lifecycle/call-closure review; path is an inventory locator, not sole evidence.
Terraria.Net/NetManager.cs	shared-runtime-mechanism	SharedRuntimeMechanisms	version4-confirmed			Version4:Terraria.Net/NetManager.cs	docs/Version4权威游戏模拟子系统全量审查报告-2026-09-05.md#SharedRuntimeMechanisms	Primary owner selected by state writer/lifecycle/call-closure review; path is an inventory locator, not sole evidence.
Terraria.Net/NetModule.cs	shared-runtime-mechanism	SharedRuntimeMechanisms	version4-confirmed			Version4:Terraria.Net/NetModule.cs	docs/Version4权威游戏模拟子系统全量审查报告-2026-09-05.md#SharedRuntimeMechanisms	Primary owner selected by state writer/lifecycle/call-closure review; path is an inventory locator, not sole evidence.
Terraria.Net/NetPacket.cs	shared-runtime-mechanism	SharedRuntimeMechanisms	version4-confirmed			Version4:Terraria.Net/NetPacket.cs	docs/Version4权威游戏模拟子系统全量审查报告-2026-09-05.md#SharedRuntimeMechanisms	Primary owner selected by state writer/lifecycle/call-closure review; path is an inventory locator, not sole evidence.
Terraria.Net/RemoteAddress.cs	shared-runtime-mechanism	SharedRuntimeMechanisms	version4-confirmed			Version4:Terraria.Net/RemoteAddress.cs	docs/Version4权威游戏模拟子系统全量审查报告-2026-09-05.md#SharedRuntimeMechanisms	Primary owner selected by state writer/lifecycle/call-closure review; path is an inventory locator, not sole evidence.
Terraria.Net/ServerMode.cs	shared-runtime-mechanism	SharedRuntimeMechanisms	version4-confirmed			Version4:Terraria.Net/ServerMode.cs	docs/Version4权威游戏模拟子系统全量审查报告-2026-09-05.md#SharedRuntimeMechanisms	Primary owner selected by state writer/lifecycle/call-closure review; path is an inventory locator, not sole evidence.
Terraria.Net/TcpAddress.cs	shared-runtime-mechanism	SharedRuntimeMechanisms	version4-confirmed			Version4:Terraria.Net/TcpAddress.cs	docs/Version4权威游戏模拟子系统全量审查报告-2026-09-05.md#SharedRuntimeMechanisms	Primary owner selected by state writer/lifecycle/call-closure review; path is an inventory locator, not sole evidence.
Terraria.ObjectData/TileObjectData.cs	subsystem-evidence	ContentCatalog	version4-confirmed			Version4:Terraria.ObjectData/TileObjectData.cs	docs/Version4权威游戏模拟子系统全量审查报告-2026-09-05.md#ContentCatalog	Primary owner selected by state writer/lifecycle/call-closure review; path is an inventory locator, not sole evidence.
Terraria.Physics/BallCollision.cs	shared-runtime-mechanism	SharedRuntimeMechanisms	version4-confirmed			Version4:Terraria.Physics/BallCollision.cs	docs/Version4权威游戏模拟子系统全量审查报告-2026-09-05.md#SharedRuntimeMechanisms	Primary owner selected by state writer/lifecycle/call-closure review; path is an inventory locator, not sole evidence.
Terraria.Physics/BallCollisionEvent.cs	shared-runtime-mechanism	SharedRuntimeMechanisms	version4-confirmed			Version4:Terraria.Physics/BallCollisionEvent.cs	docs/Version4权威游戏模拟子系统全量审查报告-2026-09-05.md#SharedRuntimeMechanisms	Primary owner selected by state writer/lifecycle/call-closure review; path is an inventory locator, not sole evidence.
Terraria.Physics/BallPassThroughEvent.cs	shared-runtime-mechanism	SharedRuntimeMechanisms	version4-confirmed			Version4:Terraria.Physics/BallPassThroughEvent.cs	docs/Version4权威游戏模拟子系统全量审查报告-2026-09-05.md#SharedRuntimeMechanisms	Primary owner selected by state writer/lifecycle/call-closure review; path is an inventory locator, not sole evidence.
Terraria.Physics/BallPassThroughType.cs	shared-runtime-mechanism	SharedRuntimeMechanisms	version4-confirmed			Version4:Terraria.Physics/BallPassThroughType.cs	docs/Version4权威游戏模拟子系统全量审查报告-2026-09-05.md#SharedRuntimeMechanisms	Primary owner selected by state writer/lifecycle/call-closure review; path is an inventory locator, not sole evidence.
Terraria.Physics/IBallContactListener.cs	shared-runtime-mechanism	SharedRuntimeMechanisms	version4-confirmed			Version4:Terraria.Physics/IBallContactListener.cs	docs/Version4权威游戏模拟子系统全量审查报告-2026-09-05.md#SharedRuntimeMechanisms	Primary owner selected by state writer/lifecycle/call-closure review; path is an inventory locator, not sole evidence.
Terraria.Physics/PhysicsProperties.cs	shared-runtime-mechanism	SharedRuntimeMechanisms	version4-confirmed			Version4:Terraria.Physics/PhysicsProperties.cs	docs/Version4权威游戏模拟子系统全量审查报告-2026-09-05.md#SharedRuntimeMechanisms	Primary owner selected by state writer/lifecycle/call-closure review; path is an inventory locator, not sole evidence.
Terraria.Properties/Settings.cs	shared-runtime-mechanism	SharedRuntimeMechanisms	version4-confirmed			Version4:Terraria.Properties/Settings.cs	docs/Version4权威游戏模拟子系统全量审查报告-2026-09-05.md#SharedRuntimeMechanisms	Primary owner selected by state writer/lifecycle/call-closure review; path is an inventory locator, not sole evidence.
Terraria.Server/Game.cs	shared-runtime-mechanism	SharedRuntimeMechanisms	version4-confirmed			Version4:Terraria.Server/Game.cs	docs/Version4权威游戏模拟子系统全量审查报告-2026-09-05.md#SharedRuntimeMechanisms	Primary owner selected by state writer/lifecycle/call-closure review; path is an inventory locator, not sole evidence.
Terraria.Social.Base/AchievementsSocialModule.cs	subsystem-evidence	ExternalBoundaries	version4-confirmed			Version4:Terraria.Social.Base/AchievementsSocialModule.cs	docs/Version4权威游戏模拟子系统全量审查报告-2026-09-05.md#ExternalBoundaries	Primary owner selected by state writer/lifecycle/call-closure review; path is an inventory locator, not sole evidence.
Terraria.Social.Base/CloudSocialModule.cs	subsystem-evidence	ExternalBoundaries	version4-confirmed			Version4:Terraria.Social.Base/CloudSocialModule.cs	docs/Version4权威游戏模拟子系统全量审查报告-2026-09-05.md#ExternalBoundaries	Primary owner selected by state writer/lifecycle/call-closure review; path is an inventory locator, not sole evidence.
Terraria.Social.Base/FoundWorkshopEntryInfo.cs	subsystem-evidence	ExternalBoundaries	version4-confirmed			Version4:Terraria.Social.Base/FoundWorkshopEntryInfo.cs	docs/Version4权威游戏模拟子系统全量审查报告-2026-09-05.md#ExternalBoundaries	Primary owner selected by state writer/lifecycle/call-closure review; path is an inventory locator, not sole evidence.
Terraria.Social.Base/FriendsSocialModule.cs	subsystem-evidence	ExternalBoundaries	version4-confirmed			Version4:Terraria.Social.Base/FriendsSocialModule.cs	docs/Version4权威游戏模拟子系统全量审查报告-2026-09-05.md#ExternalBoundaries	Primary owner selected by state writer/lifecycle/call-closure review; path is an inventory locator, not sole evidence.
Terraria.Social.Base/NetSocialModule.cs	subsystem-evidence	ExternalBoundaries	version4-confirmed			Version4:Terraria.Social.Base/NetSocialModule.cs	docs/Version4权威游戏模拟子系统全量审查报告-2026-09-05.md#ExternalBoundaries	Primary owner selected by state writer/lifecycle/call-closure review; path is an inventory locator, not sole evidence.
Terraria.Social.Base/OverlaySocialModule.cs	subsystem-evidence	ExternalBoundaries	version4-confirmed			Version4:Terraria.Social.Base/OverlaySocialModule.cs	docs/Version4权威游戏模拟子系统全量审查报告-2026-09-05.md#ExternalBoundaries	Primary owner selected by state writer/lifecycle/call-closure review; path is an inventory locator, not sole evidence.
Terraria.Social.Base/PlatformSocialModule.cs	subsystem-evidence	ExternalBoundaries	version4-confirmed			Version4:Terraria.Social.Base/PlatformSocialModule.cs	docs/Version4权威游戏模拟子系统全量审查报告-2026-09-05.md#ExternalBoundaries	Primary owner selected by state writer/lifecycle/call-closure review; path is an inventory locator, not sole evidence.
Terraria.Social.Base/RichPresenceState.cs	subsystem-evidence	ExternalBoundaries	version4-confirmed			Version4:Terraria.Social.Base/RichPresenceState.cs	docs/Version4权威游戏模拟子系统全量审查报告-2026-09-05.md#ExternalBoundaries	Primary owner selected by state writer/lifecycle/call-closure review; path is an inventory locator, not sole evidence.
Terraria.Social.Base/ServerJoinRequestEvent.cs	subsystem-evidence	ExternalBoundaries	version4-confirmed			Version4:Terraria.Social.Base/ServerJoinRequestEvent.cs	docs/Version4权威游戏模拟子系统全量审查报告-2026-09-05.md#ExternalBoundaries	Primary owner selected by state writer/lifecycle/call-closure review; path is an inventory locator, not sole evidence.
Terraria.Social.Base/ServerJoinRequestsManager.cs	subsystem-evidence	ExternalBoundaries	version4-confirmed			Version4:Terraria.Social.Base/ServerJoinRequestsManager.cs	docs/Version4权威游戏模拟子系统全量审查报告-2026-09-05.md#ExternalBoundaries	Primary owner selected by state writer/lifecycle/call-closure review; path is an inventory locator, not sole evidence.
Terraria.Social.Base/UserJoinToServerRequest.cs	subsystem-evidence	ExternalBoundaries	version4-confirmed			Version4:Terraria.Social.Base/UserJoinToServerRequest.cs	docs/Version4权威游戏模拟子系统全量审查报告-2026-09-05.md#ExternalBoundaries	Primary owner selected by state writer/lifecycle/call-closure review; path is an inventory locator, not sole evidence.
Terraria.Social.Base/WorkshopIssueReporter.cs	subsystem-evidence	ExternalBoundaries	version4-confirmed			Version4:Terraria.Social.Base/WorkshopIssueReporter.cs	docs/Version4权威游戏模拟子系统全量审查报告-2026-09-05.md#ExternalBoundaries	Primary owner selected by state writer/lifecycle/call-closure review; path is an inventory locator, not sole evidence.
Terraria.Social.Base/WorkshopItemPublicSettingId.cs	subsystem-evidence	ExternalBoundaries	version4-confirmed			Version4:Terraria.Social.Base/WorkshopItemPublicSettingId.cs	docs/Version4权威游戏模拟子系统全量审查报告-2026-09-05.md#ExternalBoundaries	Primary owner selected by state writer/lifecycle/call-closure review; path is an inventory locator, not sole evidence.
Terraria.Social.Base/WorkshopItemPublishSettings.cs	subsystem-evidence	ExternalBoundaries	version4-confirmed			Version4:Terraria.Social.Base/WorkshopItemPublishSettings.cs	docs/Version4权威游戏模拟子系统全量审查报告-2026-09-05.md#ExternalBoundaries	Primary owner selected by state writer/lifecycle/call-closure review; path is an inventory locator, not sole evidence.
Terraria.Social.Base/WorkshopSocialModule.cs	subsystem-evidence	ExternalBoundaries	version4-confirmed			Version4:Terraria.Social.Base/WorkshopSocialModule.cs	docs/Version4权威游戏模拟子系统全量审查报告-2026-09-05.md#ExternalBoundaries	Primary owner selected by state writer/lifecycle/call-closure review; path is an inventory locator, not sole evidence.
Terraria.Social.Base/WorkshopTagOption.cs	subsystem-evidence	ExternalBoundaries	version4-confirmed			Version4:Terraria.Social.Base/WorkshopTagOption.cs	docs/Version4权威游戏模拟子系统全量审查报告-2026-09-05.md#ExternalBoundaries	Primary owner selected by state writer/lifecycle/call-closure review; path is an inventory locator, not sole evidence.
Terraria.Social.Steam/LobbyState.cs	subsystem-evidence	ExternalBoundaries	version4-confirmed			Version4:Terraria.Social.Steam/LobbyState.cs	docs/Version4权威游戏模拟子系统全量审查报告-2026-09-05.md#ExternalBoundaries	Primary owner selected by state writer/lifecycle/call-closure review; path is an inventory locator, not sole evidence.
Terraria.Social.WeGame/IPCBase.cs	subsystem-evidence	ExternalBoundaries	version4-confirmed			Version4:Terraria.Social.WeGame/IPCBase.cs	docs/Version4权威游戏模拟子系统全量审查报告-2026-09-05.md#ExternalBoundaries	Primary owner selected by state writer/lifecycle/call-closure review; path is an inventory locator, not sole evidence.
Terraria.Social.WeGame/IPCClient.cs	subsystem-evidence	ExternalBoundaries	version4-confirmed			Version4:Terraria.Social.WeGame/IPCClient.cs	docs/Version4权威游戏模拟子系统全量审查报告-2026-09-05.md#ExternalBoundaries	Primary owner selected by state writer/lifecycle/call-closure review; path is an inventory locator, not sole evidence.
Terraria.Social.WeGame/LobbyState.cs	subsystem-evidence	ExternalBoundaries	version4-confirmed			Version4:Terraria.Social.WeGame/LobbyState.cs	docs/Version4权威游戏模拟子系统全量审查报告-2026-09-05.md#ExternalBoundaries	Primary owner selected by state writer/lifecycle/call-closure review; path is an inventory locator, not sole evidence.
Terraria.Social.WeGame/ReportServerID.cs	subsystem-evidence	ExternalBoundaries	version4-confirmed			Version4:Terraria.Social.WeGame/ReportServerID.cs	docs/Version4权威游戏模拟子系统全量审查报告-2026-09-05.md#ExternalBoundaries	Primary owner selected by state writer/lifecycle/call-closure review; path is an inventory locator, not sole evidence.
Terraria.Social.WeGame/WeGameFriendListInfo.cs	subsystem-evidence	ExternalBoundaries	version4-confirmed			Version4:Terraria.Social.WeGame/WeGameFriendListInfo.cs	docs/Version4权威游戏模拟子系统全量审查报告-2026-09-05.md#ExternalBoundaries	Primary owner selected by state writer/lifecycle/call-closure review; path is an inventory locator, not sole evidence.
Terraria.Social/ISocialModule.cs	subsystem-evidence	ExternalBoundaries	version4-confirmed			Version4:Terraria.Social/ISocialModule.cs	docs/Version4权威游戏模拟子系统全量审查报告-2026-09-05.md#ExternalBoundaries	Primary owner selected by state writer/lifecycle/call-closure review; path is an inventory locator, not sole evidence.
Terraria.Social/SocialAPI.cs	subsystem-evidence	ExternalBoundaries	version4-confirmed			Version4:Terraria.Social/SocialAPI.cs	docs/Version4权威游戏模拟子系统全量审查报告-2026-09-05.md#ExternalBoundaries	Primary owner selected by state writer/lifecycle/call-closure review; path is an inventory locator, not sole evidence.
Terraria.Social/SocialMode.cs	subsystem-evidence	ExternalBoundaries	version4-confirmed			Version4:Terraria.Social/SocialMode.cs	docs/Version4权威游戏模拟子系统全量审查报告-2026-09-05.md#ExternalBoundaries	Primary owner selected by state writer/lifecycle/call-closure review; path is an inventory locator, not sole evidence.
Terraria.Testing.ChatCommands/ArgumentHelper.cs	shared-runtime-mechanism	SharedRuntimeMechanisms	version4-confirmed			Version4:Terraria.Testing.ChatCommands/ArgumentHelper.cs	docs/Version4权威游戏模拟子系统全量审查报告-2026-09-05.md#SharedRuntimeMechanisms	Primary owner selected by state writer/lifecycle/call-closure review; path is an inventory locator, not sole evidence.
Terraria.Testing.ChatCommands/CommandRequirement.cs	shared-runtime-mechanism	SharedRuntimeMechanisms	version4-confirmed			Version4:Terraria.Testing.ChatCommands/CommandRequirement.cs	docs/Version4权威游戏模拟子系统全量审查报告-2026-09-05.md#SharedRuntimeMechanisms	Primary owner selected by state writer/lifecycle/call-closure review; path is an inventory locator, not sole evidence.
Terraria.Testing.ChatCommands/DebugCommandAttribute.cs	shared-runtime-mechanism	SharedRuntimeMechanisms	version4-confirmed			Version4:Terraria.Testing.ChatCommands/DebugCommandAttribute.cs	docs/Version4权威游戏模拟子系统全量审查报告-2026-09-05.md#SharedRuntimeMechanisms	Primary owner selected by state writer/lifecycle/call-closure review; path is an inventory locator, not sole evidence.
Terraria.Testing.ChatCommands/DebugCommandProcessor.cs	shared-runtime-mechanism	SharedRuntimeMechanisms	version4-confirmed			Version4:Terraria.Testing.ChatCommands/DebugCommandProcessor.cs	docs/Version4权威游戏模拟子系统全量审查报告-2026-09-05.md#SharedRuntimeMechanisms	Primary owner selected by state writer/lifecycle/call-closure review; path is an inventory locator, not sole evidence.
Terraria.Testing.ChatCommands/DebugMessage.cs	shared-runtime-mechanism	SharedRuntimeMechanisms	version4-confirmed			Version4:Terraria.Testing.ChatCommands/DebugMessage.cs	docs/Version4权威游戏模拟子系统全量审查报告-2026-09-05.md#SharedRuntimeMechanisms	Primary owner selected by state writer/lifecycle/call-closure review; path is an inventory locator, not sole evidence.
Terraria.Testing.ChatCommands/IDebugCommand.cs	shared-runtime-mechanism	SharedRuntimeMechanisms	version4-confirmed			Version4:Terraria.Testing.ChatCommands/IDebugCommand.cs	docs/Version4权威游戏模拟子系统全量审查报告-2026-09-05.md#SharedRuntimeMechanisms	Primary owner selected by state writer/lifecycle/call-closure review; path is an inventory locator, not sole evidence.
Terraria.Testing.ChatCommands/ToolkitDebugCommands.cs	shared-runtime-mechanism	SharedRuntimeMechanisms	version4-confirmed			Version4:Terraria.Testing.ChatCommands/ToolkitDebugCommands.cs	docs/Version4权威游戏模拟子系统全量审查报告-2026-09-05.md#SharedRuntimeMechanisms	Primary owner selected by state writer/lifecycle/call-closure review; path is an inventory locator, not sole evidence.
Terraria.Testing/DebugOptions.cs	shared-runtime-mechanism	SharedRuntimeMechanisms	version4-confirmed			Version4:Terraria.Testing/DebugOptions.cs	docs/Version4权威游戏模拟子系统全量审查报告-2026-09-05.md#SharedRuntimeMechanisms	Primary owner selected by state writer/lifecycle/call-closure review; path is an inventory locator, not sole evidence.
Terraria.Testing/DebugUtils.cs	shared-runtime-mechanism	SharedRuntimeMechanisms	version4-confirmed			Version4:Terraria.Testing/DebugUtils.cs	docs/Version4权威游戏模拟子系统全量审查报告-2026-09-05.md#SharedRuntimeMechanisms	Primary owner selected by state writer/lifecycle/call-closure review; path is an inventory locator, not sole evidence.
Terraria.Testing/DetailedFPS.cs	shared-runtime-mechanism	SharedRuntimeMechanisms	version4-confirmed			Version4:Terraria.Testing/DetailedFPS.cs	docs/Version4权威游戏模拟子系统全量审查报告-2026-09-05.md#SharedRuntimeMechanisms	Primary owner selected by state writer/lifecycle/call-closure review; path is an inventory locator, not sole evidence.
Terraria.Testing/GitStatus.cs	shared-runtime-mechanism	SharedRuntimeMechanisms	version4-confirmed			Version4:Terraria.Testing/GitStatus.cs	docs/Version4权威游戏模拟子系统全量审查报告-2026-09-05.md#SharedRuntimeMechanisms	Primary owner selected by state writer/lifecycle/call-closure review; path is an inventory locator, not sole evidence.
Terraria.Testing/LockstepDebug.cs	shared-runtime-mechanism	SharedRuntimeMechanisms	version4-confirmed			Version4:Terraria.Testing/LockstepDebug.cs	docs/Version4权威游戏模拟子系统全量审查报告-2026-09-05.md#SharedRuntimeMechanisms	Primary owner selected by state writer/lifecycle/call-closure review; path is an inventory locator, not sole evidence.
Terraria.Testing/PacketHistory.cs	shared-runtime-mechanism	SharedRuntimeMechanisms	version4-confirmed			Version4:Terraria.Testing/PacketHistory.cs	docs/Version4权威游戏模拟子系统全量审查报告-2026-09-05.md#SharedRuntimeMechanisms	Primary owner selected by state writer/lifecycle/call-closure review; path is an inventory locator, not sole evidence.
Terraria.UI.Chat/ChatManager.cs	shared-runtime-mechanism	SharedRuntimeMechanisms	version4-confirmed			Version4:Terraria.UI.Chat/ChatManager.cs	docs/Version4权威游戏模拟子系统全量审查报告-2026-09-05.md#SharedRuntimeMechanisms	Primary owner selected by state writer/lifecycle/call-closure review; path is an inventory locator, not sole evidence.
Terraria.UI.Chat/ChatMessageContainer.cs	shared-runtime-mechanism	SharedRuntimeMechanisms	version4-confirmed			Version4:Terraria.UI.Chat/ChatMessageContainer.cs	docs/Version4权威游戏模拟子系统全量审查报告-2026-09-05.md#SharedRuntimeMechanisms	Primary owner selected by state writer/lifecycle/call-closure review; path is an inventory locator, not sole evidence.
Terraria.UI.Chat/ITagHandler.cs	shared-runtime-mechanism	SharedRuntimeMechanisms	version4-confirmed			Version4:Terraria.UI.Chat/ITagHandler.cs	docs/Version4权威游戏模拟子系统全量审查报告-2026-09-05.md#SharedRuntimeMechanisms	Primary owner selected by state writer/lifecycle/call-closure review; path is an inventory locator, not sole evidence.
Terraria.UI.Chat/PositionedSnippet.cs	shared-runtime-mechanism	SharedRuntimeMechanisms	version4-confirmed			Version4:Terraria.UI.Chat/PositionedSnippet.cs	docs/Version4权威游戏模拟子系统全量审查报告-2026-09-05.md#SharedRuntimeMechanisms	Primary owner selected by state writer/lifecycle/call-closure review; path is an inventory locator, not sole evidence.
Terraria.UI.Chat/TextSnippet.cs	shared-runtime-mechanism	SharedRuntimeMechanisms	version4-confirmed			Version4:Terraria.UI.Chat/TextSnippet.cs	docs/Version4权威游戏模拟子系统全量审查报告-2026-09-05.md#SharedRuntimeMechanisms	Primary owner selected by state writer/lifecycle/call-closure review; path is an inventory locator, not sole evidence.
Terraria.UI.Gamepad/GamepadPageID.cs	shared-runtime-mechanism	SharedRuntimeMechanisms	version4-confirmed			Version4:Terraria.UI.Gamepad/GamepadPageID.cs	docs/Version4权威游戏模拟子系统全量审查报告-2026-09-05.md#SharedRuntimeMechanisms	Primary owner selected by state writer/lifecycle/call-closure review; path is an inventory locator, not sole evidence.
Terraria.UI.Gamepad/GamepadPointID.cs	shared-runtime-mechanism	SharedRuntimeMechanisms	version4-confirmed			Version4:Terraria.UI.Gamepad/GamepadPointID.cs	docs/Version4权威游戏模拟子系统全量审查报告-2026-09-05.md#SharedRuntimeMechanisms	Primary owner selected by state writer/lifecycle/call-closure review; path is an inventory locator, not sole evidence.
Terraria.UI/CalculatedStyle.cs	excluded	ClientPresentationAndTools	version4-confirmed			Version4:Terraria.UI/CalculatedStyle.cs	docs/Version4权威游戏模拟子系统全量审查报告-2026-09-05.md#ClientPresentationAndTools	Primary owner selected by state writer/lifecycle/call-closure review; path is an inventory locator, not sole evidence.
Terraria.UI/EmptyDiagnosticsUI.cs	excluded	ClientPresentationAndTools	version4-confirmed			Version4:Terraria.UI/EmptyDiagnosticsUI.cs	docs/Version4权威游戏模拟子系统全量审查报告-2026-09-05.md#ClientPresentationAndTools	Primary owner selected by state writer/lifecycle/call-closure review; path is an inventory locator, not sole evidence.
Terraria.UI/FancyErrorPrinter.cs	excluded	ClientPresentationAndTools	version4-confirmed			Version4:Terraria.UI/FancyErrorPrinter.cs	docs/Version4权威游戏模拟子系统全量审查报告-2026-09-05.md#ClientPresentationAndTools	Primary owner selected by state writer/lifecycle/call-closure review; path is an inventory locator, not sole evidence.
Terraria.UI/GameInterfaceDrawMethod.cs	excluded	ClientPresentationAndTools	version4-confirmed			Version4:Terraria.UI/GameInterfaceDrawMethod.cs	docs/Version4权威游戏模拟子系统全量审查报告-2026-09-05.md#ClientPresentationAndTools	Primary owner selected by state writer/lifecycle/call-closure review; path is an inventory locator, not sole evidence.
Terraria.UI/INetDiagnosticsUI.cs	excluded	ClientPresentationAndTools	version4-confirmed			Version4:Terraria.UI/INetDiagnosticsUI.cs	docs/Version4权威游戏模拟子系统全量审查报告-2026-09-05.md#ClientPresentationAndTools	Primary owner selected by state writer/lifecycle/call-closure review; path is an inventory locator, not sole evidence.
Terraria.UI/IngameUIWindows.cs	excluded	ClientPresentationAndTools	version4-confirmed			Version4:Terraria.UI/IngameUIWindows.cs	docs/Version4权威游戏模拟子系统全量审查报告-2026-09-05.md#ClientPresentationAndTools	Primary owner selected by state writer/lifecycle/call-closure review; path is an inventory locator, not sole evidence.
Terraria.UI/ItemSlot.cs	excluded	ClientPresentationAndTools	version4-confirmed			Version4:Terraria.UI/ItemSlot.cs	docs/Version4权威游戏模拟子系统全量审查报告-2026-09-05.md#ClientPresentationAndTools	Primary owner selected by state writer/lifecycle/call-closure review; path is an inventory locator, not sole evidence.
Terraria.UI/ItemSorting.cs	excluded	ClientPresentationAndTools	version4-confirmed			Version4:Terraria.UI/ItemSorting.cs	docs/Version4权威游戏模拟子系统全量审查报告-2026-09-05.md#ClientPresentationAndTools	Primary owner selected by state writer/lifecycle/call-closure review; path is an inventory locator, not sole evidence.
Terraria.UI/ItemTooltip.cs	excluded	ClientPresentationAndTools	version4-confirmed			Version4:Terraria.UI/ItemTooltip.cs	docs/Version4权威游戏模拟子系统全量审查报告-2026-09-05.md#ClientPresentationAndTools	Primary owner selected by state writer/lifecycle/call-closure review; path is an inventory locator, not sole evidence.
Terraria.UI/SnapPoint.cs	excluded	ClientPresentationAndTools	version4-confirmed			Version4:Terraria.UI/SnapPoint.cs	docs/Version4权威游戏模拟子系统全量审查报告-2026-09-05.md#ClientPresentationAndTools	Primary owner selected by state writer/lifecycle/call-closure review; path is an inventory locator, not sole evidence.
Terraria.UI/StyleDimension.cs	excluded	ClientPresentationAndTools	version4-confirmed			Version4:Terraria.UI/StyleDimension.cs	docs/Version4权威游戏模拟子系统全量审查报告-2026-09-05.md#ClientPresentationAndTools	Primary owner selected by state writer/lifecycle/call-closure review; path is an inventory locator, not sole evidence.
Terraria.UI/TooltipProcessor.cs	excluded	ClientPresentationAndTools	version4-confirmed			Version4:Terraria.UI/TooltipProcessor.cs	docs/Version4权威游戏模拟子系统全量审查报告-2026-09-05.md#ClientPresentationAndTools	Primary owner selected by state writer/lifecycle/call-closure review; path is an inventory locator, not sole evidence.
Terraria.UI/UIAlign.cs	excluded	ClientPresentationAndTools	version4-confirmed			Version4:Terraria.UI/UIAlign.cs	docs/Version4权威游戏模拟子系统全量审查报告-2026-09-05.md#ClientPresentationAndTools	Primary owner selected by state writer/lifecycle/call-closure review; path is an inventory locator, not sole evidence.
Terraria.UI/UIElement.cs	excluded	ClientPresentationAndTools	version4-confirmed			Version4:Terraria.UI/UIElement.cs	docs/Version4权威游戏模拟子系统全量审查报告-2026-09-05.md#ClientPresentationAndTools	Primary owner selected by state writer/lifecycle/call-closure review; path is an inventory locator, not sole evidence.
Terraria.UI/UIEvent.cs	excluded	ClientPresentationAndTools	version4-confirmed			Version4:Terraria.UI/UIEvent.cs	docs/Version4权威游戏模拟子系统全量审查报告-2026-09-05.md#ClientPresentationAndTools	Primary owner selected by state writer/lifecycle/call-closure review; path is an inventory locator, not sole evidence.
Terraria.UI/UIMouseEvent.cs	excluded	ClientPresentationAndTools	version4-confirmed			Version4:Terraria.UI/UIMouseEvent.cs	docs/Version4权威游戏模拟子系统全量审查报告-2026-09-05.md#ClientPresentationAndTools	Primary owner selected by state writer/lifecycle/call-closure review; path is an inventory locator, not sole evidence.
Terraria.UI/UIScrollWheelEvent.cs	excluded	ClientPresentationAndTools	version4-confirmed			Version4:Terraria.UI/UIScrollWheelEvent.cs	docs/Version4权威游戏模拟子系统全量审查报告-2026-09-05.md#ClientPresentationAndTools	Primary owner selected by state writer/lifecycle/call-closure review; path is an inventory locator, not sole evidence.
Terraria.UI/UIState.cs	excluded	ClientPresentationAndTools	version4-confirmed			Version4:Terraria.UI/UIState.cs	docs/Version4权威游戏模拟子系统全量审查报告-2026-09-05.md#ClientPresentationAndTools	Primary owner selected by state writer/lifecycle/call-closure review; path is an inventory locator, not sole evidence.
Terraria.UI/UserInterface.cs	excluded	ClientPresentationAndTools	version4-confirmed			Version4:Terraria.UI/UserInterface.cs	docs/Version4权威游戏模拟子系统全量审查报告-2026-09-05.md#ClientPresentationAndTools	Primary owner selected by state writer/lifecycle/call-closure review; path is an inventory locator, not sole evidence.
Terraria.Utilities.FileBrowser/ExtensionFilter.cs	shared-runtime-mechanism	SharedRuntimeMechanisms	version4-confirmed			Version4:Terraria.Utilities.FileBrowser/ExtensionFilter.cs	docs/Version4权威游戏模拟子系统全量审查报告-2026-09-05.md#SharedRuntimeMechanisms	Primary owner selected by state writer/lifecycle/call-closure review; path is an inventory locator, not sole evidence.
Terraria.Utilities.Terraria.Utilities/FloatRange.cs	shared-runtime-mechanism	SharedRuntimeMechanisms	version4-confirmed			Version4:Terraria.Utilities.Terraria.Utilities/FloatRange.cs	docs/Version4权威游戏模拟子系统全量审查报告-2026-09-05.md#SharedRuntimeMechanisms	Primary owner selected by state writer/lifecycle/call-closure review; path is an inventory locator, not sole evidence.
Terraria.Utilities/Bits64.cs	shared-runtime-mechanism	SharedRuntimeMechanisms	version4-confirmed			Version4:Terraria.Utilities/Bits64.cs	docs/Version4权威游戏模拟子系统全量审查报告-2026-09-05.md#SharedRuntimeMechanisms	Primary owner selected by state writer/lifecycle/call-closure review; path is an inventory locator, not sole evidence.
Terraria.Utilities/BitSet2D.cs	shared-runtime-mechanism	SharedRuntimeMechanisms	version4-confirmed			Version4:Terraria.Utilities/BitSet2D.cs	docs/Version4权威游戏模拟子系统全量审查报告-2026-09-05.md#SharedRuntimeMechanisms	Primary owner selected by state writer/lifecycle/call-closure review; path is an inventory locator, not sole evidence.
Terraria.Utilities/CrashDump.cs	shared-runtime-mechanism	SharedRuntimeMechanisms	version4-confirmed			Version4:Terraria.Utilities/CrashDump.cs	docs/Version4权威游戏模拟子系统全量审查报告-2026-09-05.md#SharedRuntimeMechanisms	Primary owner selected by state writer/lifecycle/call-closure review; path is an inventory locator, not sole evidence.
Terraria.Utilities/CrashWatcher.cs	shared-runtime-mechanism	SharedRuntimeMechanisms	version4-confirmed			Version4:Terraria.Utilities/CrashWatcher.cs	docs/Version4权威游戏模拟子系统全量审查报告-2026-09-05.md#SharedRuntimeMechanisms	Primary owner selected by state writer/lifecycle/call-closure review; path is an inventory locator, not sole evidence.
Terraria.Utilities/EasyDeserializationJsonContractResolver.cs	shared-runtime-mechanism	SharedRuntimeMechanisms	version4-confirmed			Version4:Terraria.Utilities/EasyDeserializationJsonContractResolver.cs	docs/Version4权威游戏模拟子系统全量审查报告-2026-09-05.md#SharedRuntimeMechanisms	Primary owner selected by state writer/lifecycle/call-closure review; path is an inventory locator, not sole evidence.
Terraria.Utilities/FastRandom.cs	shared-runtime-mechanism	SharedRuntimeMechanisms	version4-confirmed			Version4:Terraria.Utilities/FastRandom.cs	docs/Version4权威游戏模拟子系统全量审查报告-2026-09-05.md#SharedRuntimeMechanisms	Primary owner selected by state writer/lifecycle/call-closure review; path is an inventory locator, not sole evidence.
Terraria.Utilities/FileUtilities.cs	shared-runtime-mechanism	SharedRuntimeMechanisms	version4-confirmed			Version4:Terraria.Utilities/FileUtilities.cs	docs/Version4权威游戏模拟子系统全量审查报告-2026-09-05.md#SharedRuntimeMechanisms	Primary owner selected by state writer/lifecycle/call-closure review; path is an inventory locator, not sole evidence.
Terraria.Utilities/IntRange.cs	shared-runtime-mechanism	SharedRuntimeMechanisms	version4-confirmed			Version4:Terraria.Utilities/IntRange.cs	docs/Version4权威游戏模拟子系统全量审查报告-2026-09-05.md#SharedRuntimeMechanisms	Primary owner selected by state writer/lifecycle/call-closure review; path is an inventory locator, not sole evidence.
Terraria.Utilities/LCG32Random.cs	shared-runtime-mechanism	SharedRuntimeMechanisms	version4-confirmed			Version4:Terraria.Utilities/LCG32Random.cs	docs/Version4权威游戏模拟子系统全量审查报告-2026-09-05.md#SharedRuntimeMechanisms	Primary owner selected by state writer/lifecycle/call-closure review; path is an inventory locator, not sole evidence.
Terraria.Utilities/MessageBox.cs	shared-runtime-mechanism	SharedRuntimeMechanisms	version4-confirmed			Version4:Terraria.Utilities/MessageBox.cs	docs/Version4权威游戏模拟子系统全量审查报告-2026-09-05.md#SharedRuntimeMechanisms	Primary owner selected by state writer/lifecycle/call-closure review; path is an inventory locator, not sole evidence.
Terraria.Utilities/NewRuntimeMethods.cs	shared-runtime-mechanism	SharedRuntimeMechanisms	version4-confirmed			Version4:Terraria.Utilities/NewRuntimeMethods.cs	docs/Version4权威游戏模拟子系统全量审查报告-2026-09-05.md#SharedRuntimeMechanisms	Primary owner selected by state writer/lifecycle/call-closure review; path is an inventory locator, not sole evidence.
Terraria.Utilities/NPCUtils.cs	shared-runtime-mechanism	SharedRuntimeMechanisms	version4-confirmed			Version4:Terraria.Utilities/NPCUtils.cs	docs/Version4权威游戏模拟子系统全量审查报告-2026-09-05.md#SharedRuntimeMechanisms	Primary owner selected by state writer/lifecycle/call-closure review; path is an inventory locator, not sole evidence.
Terraria.Utilities/OldAttribute.cs	shared-runtime-mechanism	SharedRuntimeMechanisms	version4-confirmed			Version4:Terraria.Utilities/OldAttribute.cs	docs/Version4权威游戏模拟子系统全量审查报告-2026-09-05.md#SharedRuntimeMechanisms	Primary owner selected by state writer/lifecycle/call-closure review; path is an inventory locator, not sole evidence.
Terraria.Utilities/PlatformUtilities.cs	shared-runtime-mechanism	SharedRuntimeMechanisms	version4-confirmed			Version4:Terraria.Utilities/PlatformUtilities.cs	docs/Version4权威游戏模拟子系统全量审查报告-2026-09-05.md#SharedRuntimeMechanisms	Primary owner selected by state writer/lifecycle/call-closure review; path is an inventory locator, not sole evidence.
Terraria.Utilities/Secrets.cs	shared-runtime-mechanism	SharedRuntimeMechanisms	version4-confirmed			Version4:Terraria.Utilities/Secrets.cs	docs/Version4权威游戏模拟子系统全量审查报告-2026-09-05.md#SharedRuntimeMechanisms	Primary owner selected by state writer/lifecycle/call-closure review; path is an inventory locator, not sole evidence.
Terraria.Utilities/TileSnapshot.cs	shared-runtime-mechanism	SharedRuntimeMechanisms	version4-confirmed			Version4:Terraria.Utilities/TileSnapshot.cs	docs/Version4权威游戏模拟子系统全量审查报告-2026-09-05.md#SharedRuntimeMechanisms	Primary owner selected by state writer/lifecycle/call-closure review; path is an inventory locator, not sole evidence.
Terraria.Utilities/UnifiedRandom.cs	shared-runtime-mechanism	SharedRuntimeMechanisms	version4-confirmed			Version4:Terraria.Utilities/UnifiedRandom.cs	docs/Version4权威游戏模拟子系统全量审查报告-2026-09-05.md#SharedRuntimeMechanisms	Primary owner selected by state writer/lifecycle/call-closure review; path is an inventory locator, not sole evidence.
Terraria.Utilities/Vertical64BitStrips.cs	shared-runtime-mechanism	SharedRuntimeMechanisms	version4-confirmed			Version4:Terraria.Utilities/Vertical64BitStrips.cs	docs/Version4权威游戏模拟子系统全量审查报告-2026-09-05.md#SharedRuntimeMechanisms	Primary owner selected by state writer/lifecycle/call-closure review; path is an inventory locator, not sole evidence.
Terraria.WorldBuilding/Actions.cs	subsystem-evidence	WorldGenerationAndEcology	version4-confirmed			Version4:Terraria.WorldBuilding/Actions.cs	docs/Version4权威游戏模拟子系统全量审查报告-2026-09-05.md#WorldGenerationAndEcology	Primary owner selected by state writer/lifecycle/call-closure review; path is an inventory locator, not sole evidence.
Terraria.WorldBuilding/AWorldGenerationOption.cs	subsystem-evidence	WorldGenerationAndEcology	version4-confirmed			Version4:Terraria.WorldBuilding/AWorldGenerationOption.cs	docs/Version4权威游戏模拟子系统全量审查报告-2026-09-05.md#WorldGenerationAndEcology	Primary owner selected by state writer/lifecycle/call-closure review; path is an inventory locator, not sole evidence.
Terraria.WorldBuilding/Conditions.cs	subsystem-evidence	WorldGenerationAndEcology	version4-confirmed			Version4:Terraria.WorldBuilding/Conditions.cs	docs/Version4权威游戏模拟子系统全量审查报告-2026-09-05.md#WorldGenerationAndEcology	Primary owner selected by state writer/lifecycle/call-closure review; path is an inventory locator, not sole evidence.
Terraria.WorldBuilding/DungeonSide.cs	subsystem-evidence	WorldGenerationAndEcology	version4-confirmed			Version4:Terraria.WorldBuilding/DungeonSide.cs	docs/Version4权威游戏模拟子系统全量审查报告-2026-09-05.md#WorldGenerationAndEcology	Primary owner selected by state writer/lifecycle/call-closure review; path is an inventory locator, not sole evidence.
Terraria.WorldBuilding/GenAction.cs	subsystem-evidence	WorldGenerationAndEcology	version4-confirmed			Version4:Terraria.WorldBuilding/GenAction.cs	docs/Version4权威游戏模拟子系统全量审查报告-2026-09-05.md#WorldGenerationAndEcology	Primary owner selected by state writer/lifecycle/call-closure review; path is an inventory locator, not sole evidence.
Terraria.WorldBuilding/GenBase.cs	subsystem-evidence	WorldGenerationAndEcology	version4-confirmed			Version4:Terraria.WorldBuilding/GenBase.cs	docs/Version4权威游戏模拟子系统全量审查报告-2026-09-05.md#WorldGenerationAndEcology	Primary owner selected by state writer/lifecycle/call-closure review; path is an inventory locator, not sole evidence.
Terraria.WorldBuilding/GenCondition.cs	subsystem-evidence	WorldGenerationAndEcology	version4-confirmed			Version4:Terraria.WorldBuilding/GenCondition.cs	docs/Version4权威游戏模拟子系统全量审查报告-2026-09-05.md#WorldGenerationAndEcology	Primary owner selected by state writer/lifecycle/call-closure review; path is an inventory locator, not sole evidence.
Terraria.WorldBuilding/GenerationProgress.cs	subsystem-evidence	WorldGenerationAndEcology	version4-confirmed			Version4:Terraria.WorldBuilding/GenerationProgress.cs	docs/Version4权威游戏模拟子系统全量审查报告-2026-09-05.md#WorldGenerationAndEcology	Primary owner selected by state writer/lifecycle/call-closure review; path is an inventory locator, not sole evidence.
Terraria.WorldBuilding/GenModShape.cs	subsystem-evidence	WorldGenerationAndEcology	version4-confirmed			Version4:Terraria.WorldBuilding/GenModShape.cs	docs/Version4权威游戏模拟子系统全量审查报告-2026-09-05.md#WorldGenerationAndEcology	Primary owner selected by state writer/lifecycle/call-closure review; path is an inventory locator, not sole evidence.
Terraria.WorldBuilding/GenPass.cs	subsystem-evidence	WorldGenerationAndEcology	version4-confirmed			Version4:Terraria.WorldBuilding/GenPass.cs	docs/Version4权威游戏模拟子系统全量审查报告-2026-09-05.md#WorldGenerationAndEcology	Primary owner selected by state writer/lifecycle/call-closure review; path is an inventory locator, not sole evidence.
Terraria.WorldBuilding/GenPassResult.cs	subsystem-evidence	WorldGenerationAndEcology	version4-confirmed			Version4:Terraria.WorldBuilding/GenPassResult.cs	docs/Version4权威游戏模拟子系统全量审查报告-2026-09-05.md#WorldGenerationAndEcology	Primary owner selected by state writer/lifecycle/call-closure review; path is an inventory locator, not sole evidence.
Terraria.WorldBuilding/GenSearch.cs	subsystem-evidence	WorldGenerationAndEcology	version4-confirmed			Version4:Terraria.WorldBuilding/GenSearch.cs	docs/Version4权威游戏模拟子系统全量审查报告-2026-09-05.md#WorldGenerationAndEcology	Primary owner selected by state writer/lifecycle/call-closure review; path is an inventory locator, not sole evidence.
Terraria.WorldBuilding/GenShape.cs	subsystem-evidence	WorldGenerationAndEcology	version4-confirmed			Version4:Terraria.WorldBuilding/GenShape.cs	docs/Version4权威游戏模拟子系统全量审查报告-2026-09-05.md#WorldGenerationAndEcology	Primary owner selected by state writer/lifecycle/call-closure review; path is an inventory locator, not sole evidence.
Terraria.WorldBuilding/GenStructure.cs	subsystem-evidence	WorldGenerationAndEcology	version4-confirmed			Version4:Terraria.WorldBuilding/GenStructure.cs	docs/Version4权威游戏模拟子系统全量审查报告-2026-09-05.md#WorldGenerationAndEcology	Primary owner selected by state writer/lifecycle/call-closure review; path is an inventory locator, not sole evidence.
Terraria.WorldBuilding/GenVars.cs	subsystem-evidence	WorldGenerationAndEcology	version4-confirmed			Version4:Terraria.WorldBuilding/GenVars.cs	docs/Version4权威游戏模拟子系统全量审查报告-2026-09-05.md#WorldGenerationAndEcology	Primary owner selected by state writer/lifecycle/call-closure review; path is an inventory locator, not sole evidence.
Terraria.WorldBuilding/LandmassData.cs	subsystem-evidence	WorldGenerationAndEcology	version4-confirmed			Version4:Terraria.WorldBuilding/LandmassData.cs	docs/Version4权威游戏模拟子系统全量审查报告-2026-09-05.md#WorldGenerationAndEcology	Primary owner selected by state writer/lifecycle/call-closure review; path is an inventory locator, not sole evidence.
Terraria.WorldBuilding/LandmassDataType.cs	subsystem-evidence	WorldGenerationAndEcology	version4-confirmed			Version4:Terraria.WorldBuilding/LandmassDataType.cs	docs/Version4权威游戏模拟子系统全量审查报告-2026-09-05.md#WorldGenerationAndEcology	Primary owner selected by state writer/lifecycle/call-closure review; path is an inventory locator, not sole evidence.
Terraria.WorldBuilding/MicroBiome.cs	subsystem-evidence	WorldGenerationAndEcology	version4-confirmed			Version4:Terraria.WorldBuilding/MicroBiome.cs	docs/Version4权威游戏模拟子系统全量审查报告-2026-09-05.md#WorldGenerationAndEcology	Primary owner selected by state writer/lifecycle/call-closure review; path is an inventory locator, not sole evidence.
Terraria.WorldBuilding/Modifiers.cs	subsystem-evidence	WorldGenerationAndEcology	version4-confirmed			Version4:Terraria.WorldBuilding/Modifiers.cs	docs/Version4权威游戏模拟子系统全量审查报告-2026-09-05.md#WorldGenerationAndEcology	Primary owner selected by state writer/lifecycle/call-closure review; path is an inventory locator, not sole evidence.
Terraria.WorldBuilding/ModShapes.cs	subsystem-evidence	WorldGenerationAndEcology	version4-confirmed			Version4:Terraria.WorldBuilding/ModShapes.cs	docs/Version4权威游戏模拟子系统全量审查报告-2026-09-05.md#WorldGenerationAndEcology	Primary owner selected by state writer/lifecycle/call-closure review; path is an inventory locator, not sole evidence.
Terraria.WorldBuilding/Passes.cs	subsystem-evidence	WorldGenerationAndEcology	version4-confirmed			Version4:Terraria.WorldBuilding/Passes.cs	docs/Version4权威游戏模拟子系统全量审查报告-2026-09-05.md#WorldGenerationAndEcology	Primary owner selected by state writer/lifecycle/call-closure review; path is an inventory locator, not sole evidence.
Terraria.WorldBuilding/Searches.cs	subsystem-evidence	WorldGenerationAndEcology	version4-confirmed			Version4:Terraria.WorldBuilding/Searches.cs	docs/Version4权威游戏模拟子系统全量审查报告-2026-09-05.md#WorldGenerationAndEcology	Primary owner selected by state writer/lifecycle/call-closure review; path is an inventory locator, not sole evidence.
Terraria.WorldBuilding/ShapeData.cs	subsystem-evidence	WorldGenerationAndEcology	version4-confirmed			Version4:Terraria.WorldBuilding/ShapeData.cs	docs/Version4权威游戏模拟子系统全量审查报告-2026-09-05.md#WorldGenerationAndEcology	Primary owner selected by state writer/lifecycle/call-closure review; path is an inventory locator, not sole evidence.
Terraria.WorldBuilding/Shapes.cs	subsystem-evidence	WorldGenerationAndEcology	version4-confirmed			Version4:Terraria.WorldBuilding/Shapes.cs	docs/Version4权威游戏模拟子系统全量审查报告-2026-09-05.md#WorldGenerationAndEcology	Primary owner selected by state writer/lifecycle/call-closure review; path is an inventory locator, not sole evidence.
Terraria.WorldBuilding/StructureMap.cs	subsystem-evidence	WorldGenerationAndEcology	version4-confirmed			Version4:Terraria.WorldBuilding/StructureMap.cs	docs/Version4权威游戏模拟子系统全量审查报告-2026-09-05.md#WorldGenerationAndEcology	Primary owner selected by state writer/lifecycle/call-closure review; path is an inventory locator, not sole evidence.
Terraria.WorldBuilding/WorldGenConfiguration.cs	subsystem-evidence	WorldGenerationAndEcology	version4-confirmed			Version4:Terraria.WorldBuilding/WorldGenConfiguration.cs	docs/Version4权威游戏模拟子系统全量审查报告-2026-09-05.md#WorldGenerationAndEcology	Primary owner selected by state writer/lifecycle/call-closure review; path is an inventory locator, not sole evidence.
Terraria.WorldBuilding/WorldGenerationOptions.cs	subsystem-evidence	WorldGenerationAndEcology	version4-confirmed			Version4:Terraria.WorldBuilding/WorldGenerationOptions.cs	docs/Version4权威游戏模拟子系统全量审查报告-2026-09-05.md#WorldGenerationAndEcology	Primary owner selected by state writer/lifecycle/call-closure review; path is an inventory locator, not sole evidence.
Terraria.WorldBuilding/WorldGenerator.cs	subsystem-evidence	WorldGenerationAndEcology	version4-confirmed			Version4:Terraria.WorldBuilding/WorldGenerator.cs	docs/Version4权威游戏模拟子系统全量审查报告-2026-09-05.md#WorldGenerationAndEcology	Primary owner selected by state writer/lifecycle/call-closure review; path is an inventory locator, not sole evidence.
Terraria.WorldBuilding/WorldGenRange.cs	subsystem-evidence	WorldGenerationAndEcology	version4-confirmed			Version4:Terraria.WorldBuilding/WorldGenRange.cs	docs/Version4权威游戏模拟子系统全量审查报告-2026-09-05.md#WorldGenerationAndEcology	Primary owner selected by state writer/lifecycle/call-closure review; path is an inventory locator, not sole evidence.
Terraria.WorldBuilding/WorldGenSnapshot.cs	subsystem-evidence	WorldGenerationAndEcology	version4-confirmed			Version4:Terraria.WorldBuilding/WorldGenSnapshot.cs	docs/Version4权威游戏模拟子系统全量审查报告-2026-09-05.md#WorldGenerationAndEcology	Primary owner selected by state writer/lifecycle/call-closure review; path is an inventory locator, not sole evidence.
Terraria.WorldBuilding/WorldManifest.cs	subsystem-evidence	WorldGenerationAndEcology	version4-confirmed			Version4:Terraria.WorldBuilding/WorldManifest.cs	docs/Version4权威游戏模拟子系统全量审查报告-2026-09-05.md#WorldGenerationAndEcology	Primary owner selected by state writer/lifecycle/call-closure review; path is an inventory locator, not sole evidence.
Terraria.WorldBuilding/WorldSeedOption_Anniversary.cs	subsystem-evidence	WorldGenerationAndEcology	version4-confirmed			Version4:Terraria.WorldBuilding/WorldSeedOption_Anniversary.cs	docs/Version4权威游戏模拟子系统全量审查报告-2026-09-05.md#WorldGenerationAndEcology	Primary owner selected by state writer/lifecycle/call-closure review; path is an inventory locator, not sole evidence.
Terraria.WorldBuilding/WorldSeedOption_DontStarve.cs	subsystem-evidence	WorldGenerationAndEcology	version4-confirmed			Version4:Terraria.WorldBuilding/WorldSeedOption_DontStarve.cs	docs/Version4权威游戏模拟子系统全量审查报告-2026-09-05.md#WorldGenerationAndEcology	Primary owner selected by state writer/lifecycle/call-closure review; path is an inventory locator, not sole evidence.
Terraria.WorldBuilding/WorldSeedOption_Drunk.cs	subsystem-evidence	WorldGenerationAndEcology	version4-confirmed			Version4:Terraria.WorldBuilding/WorldSeedOption_Drunk.cs	docs/Version4权威游戏模拟子系统全量审查报告-2026-09-05.md#WorldGenerationAndEcology	Primary owner selected by state writer/lifecycle/call-closure review; path is an inventory locator, not sole evidence.
Terraria.WorldBuilding/WorldSeedOption_Everything.cs	subsystem-evidence	WorldGenerationAndEcology	version4-confirmed			Version4:Terraria.WorldBuilding/WorldSeedOption_Everything.cs	docs/Version4权威游戏模拟子系统全量审查报告-2026-09-05.md#WorldGenerationAndEcology	Primary owner selected by state writer/lifecycle/call-closure review; path is an inventory locator, not sole evidence.
Terraria.WorldBuilding/WorldSeedOption_ForTheWorthy.cs	subsystem-evidence	WorldGenerationAndEcology	version4-confirmed			Version4:Terraria.WorldBuilding/WorldSeedOption_ForTheWorthy.cs	docs/Version4权威游戏模拟子系统全量审查报告-2026-09-05.md#WorldGenerationAndEcology	Primary owner selected by state writer/lifecycle/call-closure review; path is an inventory locator, not sole evidence.
Terraria.WorldBuilding/WorldSeedOption_Normal.cs	subsystem-evidence	WorldGenerationAndEcology	version4-confirmed			Version4:Terraria.WorldBuilding/WorldSeedOption_Normal.cs	docs/Version4权威游戏模拟子系统全量审查报告-2026-09-05.md#WorldGenerationAndEcology	Primary owner selected by state writer/lifecycle/call-closure review; path is an inventory locator, not sole evidence.
Terraria.WorldBuilding/WorldSeedOption_NoTraps.cs	subsystem-evidence	WorldGenerationAndEcology	version4-confirmed			Version4:Terraria.WorldBuilding/WorldSeedOption_NoTraps.cs	docs/Version4权威游戏模拟子系统全量审查报告-2026-09-05.md#WorldGenerationAndEcology	Primary owner selected by state writer/lifecycle/call-closure review; path is an inventory locator, not sole evidence.
Terraria.WorldBuilding/WorldSeedOption_NotTheBees.cs	subsystem-evidence	WorldGenerationAndEcology	version4-confirmed			Version4:Terraria.WorldBuilding/WorldSeedOption_NotTheBees.cs	docs/Version4权威游戏模拟子系统全量审查报告-2026-09-05.md#WorldGenerationAndEcology	Primary owner selected by state writer/lifecycle/call-closure review; path is an inventory locator, not sole evidence.
Terraria.WorldBuilding/WorldSeedOption_Remix.cs	subsystem-evidence	WorldGenerationAndEcology	version4-confirmed			Version4:Terraria.WorldBuilding/WorldSeedOption_Remix.cs	docs/Version4权威游戏模拟子系统全量审查报告-2026-09-05.md#WorldGenerationAndEcology	Primary owner selected by state writer/lifecycle/call-closure review; path is an inventory locator, not sole evidence.
Terraria.WorldBuilding/WorldSeedOption_Skyblock.cs	subsystem-evidence	WorldGenerationAndEcology	version4-confirmed			Version4:Terraria.WorldBuilding/WorldSeedOption_Skyblock.cs	docs/Version4权威游戏模拟子系统全量审查报告-2026-09-05.md#WorldGenerationAndEcology	Primary owner selected by state writer/lifecycle/call-closure review; path is an inventory locator, not sole evidence.
Terraria.WorldBuilding/WorldUtils.cs	subsystem-evidence	WorldGenerationAndEcology	version4-confirmed			Version4:Terraria.WorldBuilding/WorldUtils.cs	docs/Version4权威游戏模拟子系统全量审查报告-2026-09-05.md#WorldGenerationAndEcology	Primary owner selected by state writer/lifecycle/call-closure review; path is an inventory locator, not sole evidence.
Terraria/Animation.cs	shared-runtime-mechanism	SharedRuntimeMechanisms	version4-confirmed			Version4:Terraria/Animation.cs	docs/Version4权威游戏模拟子系统全量审查报告-2026-09-05.md#SharedRuntimeMechanisms	Primary owner selected by state writer/lifecycle/call-closure review; path is an inventory locator, not sole evidence.
Terraria/BitsByte.cs	shared-runtime-mechanism	SharedRuntimeMechanisms	version4-confirmed			Version4:Terraria/BitsByte.cs	docs/Version4权威游戏模拟子系统全量审查报告-2026-09-05.md#SharedRuntimeMechanisms	Primary owner selected by state writer/lifecycle/call-closure review; path is an inventory locator, not sole evidence.
Terraria/Chest.cs	subsystem-evidence	WorldStorage	version4-confirmed			Version4:Terraria/Chest.cs	docs/Version4权威游戏模拟子系统全量审查报告-2026-09-05.md#WorldStorage	Primary owner selected by state writer/lifecycle/call-closure review; path is an inventory locator, not sole evidence.
Terraria/Cloud.cs	shared-runtime-mechanism	SharedRuntimeMechanisms	version4-confirmed			Version4:Terraria/Cloud.cs	docs/Version4权威游戏模拟子系统全量审查报告-2026-09-05.md#SharedRuntimeMechanisms	Primary owner selected by state writer/lifecycle/call-closure review; path is an inventory locator, not sole evidence.
Terraria/Collision.cs	subsystem-evidence	SpatialSimulation	version4-confirmed			Version4:Terraria/Collision.cs	docs/Version4权威游戏模拟子系统全量审查报告-2026-09-05.md#SpatialSimulation	Primary owner selected by state writer/lifecycle/call-closure review; path is an inventory locator, not sole evidence.
Terraria/CombatText.cs	shared-runtime-mechanism	SharedRuntimeMechanisms	version4-confirmed			Version4:Terraria/CombatText.cs	docs/Version4权威游戏模拟子系统全量审查报告-2026-09-05.md#SharedRuntimeMechanisms	Primary owner selected by state writer/lifecycle/call-closure review; path is an inventory locator, not sole evidence.
Terraria/DelegateMethods.cs	shared-runtime-mechanism	SharedRuntimeMechanisms	version4-confirmed			Version4:Terraria/DelegateMethods.cs	docs/Version4权威游戏模拟子系统全量审查报告-2026-09-05.md#SharedRuntimeMechanisms	Primary owner selected by state writer/lifecycle/call-closure review; path is an inventory locator, not sole evidence.
Terraria/Dust.cs	shared-runtime-mechanism	SharedRuntimeMechanisms	version4-confirmed			Version4:Terraria/Dust.cs	docs/Version4权威游戏模拟子系统全量审查报告-2026-09-05.md#SharedRuntimeMechanisms	Primary owner selected by state writer/lifecycle/call-closure review; path is an inventory locator, not sole evidence.
Terraria/Entity.cs	shared-runtime-mechanism	SharedRuntimeMechanisms	version4-confirmed			Version4:Terraria/Entity.cs	docs/Version4权威游戏模拟子系统全量审查报告-2026-09-05.md#SharedRuntimeMechanisms	Primary owner selected by state writer/lifecycle/call-closure review; path is an inventory locator, not sole evidence.
Terraria/EquipmentLoadout.cs	shared-runtime-mechanism	SharedRuntimeMechanisms	version4-confirmed			Version4:Terraria/EquipmentLoadout.cs	docs/Version4权威游戏模拟子系统全量审查报告-2026-09-05.md#SharedRuntimeMechanisms	Primary owner selected by state writer/lifecycle/call-closure review; path is an inventory locator, not sole evidence.
Terraria/FocusHelper.cs	shared-runtime-mechanism	SharedRuntimeMechanisms	version4-confirmed			Version4:Terraria/FocusHelper.cs	docs/Version4权威游戏模拟子系统全量审查报告-2026-09-05.md#SharedRuntimeMechanisms	Primary owner selected by state writer/lifecycle/call-closure review; path is an inventory locator, not sole evidence.
Terraria/Framing.cs	shared-runtime-mechanism	SharedRuntimeMechanisms	version4-confirmed			Version4:Terraria/Framing.cs	docs/Version4权威游戏模拟子系统全量审查报告-2026-09-05.md#SharedRuntimeMechanisms	Primary owner selected by state writer/lifecycle/call-closure review; path is an inventory locator, not sole evidence.
Terraria/GetItemSettings.cs	shared-runtime-mechanism	SharedRuntimeMechanisms	version4-confirmed			Version4:Terraria/GetItemSettings.cs	docs/Version4权威游戏模拟子系统全量审查报告-2026-09-05.md#SharedRuntimeMechanisms	Primary owner selected by state writer/lifecycle/call-closure review; path is an inventory locator, not sole evidence.
Terraria/Gore.cs	shared-runtime-mechanism	SharedRuntimeMechanisms	version4-confirmed			Version4:Terraria/Gore.cs	docs/Version4权威游戏模拟子系统全量审查报告-2026-09-05.md#SharedRuntimeMechanisms	Primary owner selected by state writer/lifecycle/call-closure review; path is an inventory locator, not sole evidence.
Terraria/HitTile.cs	shared-runtime-mechanism	SharedRuntimeMechanisms	version4-confirmed			Version4:Terraria/HitTile.cs	docs/Version4权威游戏模拟子系统全量审查报告-2026-09-05.md#SharedRuntimeMechanisms	Primary owner selected by state writer/lifecycle/call-closure review; path is an inventory locator, not sole evidence.
Terraria/IEntitySourceTarget.cs	shared-runtime-mechanism	SharedRuntimeMechanisms	version4-confirmed			Version4:Terraria/IEntitySourceTarget.cs	docs/Version4权威游戏模拟子系统全量审查报告-2026-09-05.md#SharedRuntimeMechanisms	Primary owner selected by state writer/lifecycle/call-closure review; path is an inventory locator, not sole evidence.
Terraria/IngameOptions.cs	shared-runtime-mechanism	SharedRuntimeMechanisms	version4-confirmed			Version4:Terraria/IngameOptions.cs	docs/Version4权威游戏模拟子系统全量审查报告-2026-09-05.md#SharedRuntimeMechanisms	Primary owner selected by state writer/lifecycle/call-closure review; path is an inventory locator, not sole evidence.
Terraria/InitData.cs	shared-runtime-mechanism	SharedRuntimeMechanisms	version4-confirmed			Version4:Terraria/InitData.cs	docs/Version4权威游戏模拟子系统全量审查报告-2026-09-05.md#SharedRuntimeMechanisms	Primary owner selected by state writer/lifecycle/call-closure review; path is an inventory locator, not sole evidence.
Terraria/Item.cs	shared-runtime-mechanism	SharedRuntimeMechanisms	version4-confirmed			Version4:Terraria/Item.cs	docs/Version4权威游戏模拟子系统全量审查报告-2026-09-05.md#SharedRuntimeMechanisms	Primary owner selected by state writer/lifecycle/call-closure review; path is an inventory locator, not sole evidence.
Terraria/Lang.cs	shared-runtime-mechanism	SharedRuntimeMechanisms	version4-confirmed			Version4:Terraria/Lang.cs	docs/Version4权威游戏模拟子系统全量审查报告-2026-09-05.md#SharedRuntimeMechanisms	Primary owner selected by state writer/lifecycle/call-closure review; path is an inventory locator, not sole evidence.
Terraria/Lighting.cs	shared-runtime-mechanism	SharedRuntimeMechanisms	version4-confirmed			Version4:Terraria/Lighting.cs	docs/Version4权威游戏模拟子系统全量审查报告-2026-09-05.md#SharedRuntimeMechanisms	Primary owner selected by state writer/lifecycle/call-closure review; path is an inventory locator, not sole evidence.
Terraria/Liquid.cs	subsystem-evidence	LiquidSimulation	version4-confirmed			Version4:Terraria/Liquid.cs	docs/Version4权威游戏模拟子系统全量审查报告-2026-09-05.md#LiquidSimulation	Primary owner selected by state writer/lifecycle/call-closure review; path is an inventory locator, not sole evidence.
Terraria/LiquidBuffer.cs	subsystem-evidence	LiquidSimulation	version4-confirmed			Version4:Terraria/LiquidBuffer.cs	docs/Version4权威游戏模拟子系统全量审查报告-2026-09-05.md#LiquidSimulation	Primary owner selected by state writer/lifecycle/call-closure review; path is an inventory locator, not sole evidence.
Terraria/Main.cs	subsystem-evidence	RuntimeComposition	version4-confirmed		WorldSession;WorldCalendarAndEventOrchestration;ExternalBoundaries	Version4:1612,12972,13470	docs/Version4权威游戏模拟子系统全量审查报告-2026-09-05.md#RuntimeComposition	Primary owner selected by state writer/lifecycle/call-closure review; path is an inventory locator, not sole evidence.
Terraria/MessageBuffer.cs	subsystem-evidence	NetworkSessionAndSectionStreaming	version4-confirmed			Version4:Terraria/MessageBuffer.cs	docs/Version4权威游戏模拟子系统全量审查报告-2026-09-05.md#NetworkSessionAndSectionStreaming	Primary owner selected by state writer/lifecycle/call-closure review; path is an inventory locator, not sole evidence.
Terraria/Minecart.cs	shared-runtime-mechanism	SharedRuntimeMechanisms	version4-confirmed			Version4:Terraria/Minecart.cs	docs/Version4权威游戏模拟子系统全量审查报告-2026-09-05.md#SharedRuntimeMechanisms	Primary owner selected by state writer/lifecycle/call-closure review; path is an inventory locator, not sole evidence.
Terraria/Mount.cs	subsystem-evidence	MountAndVehicleSimulation	version4-confirmed		PlayerGameplay;SpatialSimulation;ProjectileSimulation	Version4:Terraria/Mount.cs:647,2597,2652,3091,4099	docs/Version4权威游戏模拟子系统全量审查报告-2026-09-05.md#MountAndVehicleSimulation	Dedicated mount registry and lifecycle; vehicle effects remain related domains.
Terraria/NetMessage.cs	subsystem-evidence	NetworkSessionAndSectionStreaming	version4-confirmed			Version4:Terraria/NetMessage.cs	docs/Version4权威游戏模拟子系统全量审查报告-2026-09-05.md#NetworkSessionAndSectionStreaming	Primary owner selected by state writer/lifecycle/call-closure review; path is an inventory locator, not sole evidence.
Terraria/Netplay.cs	subsystem-evidence	NetworkSessionAndSectionStreaming	version4-confirmed			Version4:Terraria/Netplay.cs	docs/Version4权威游戏模拟子系统全量审查报告-2026-09-05.md#NetworkSessionAndSectionStreaming	Primary owner selected by state writer/lifecycle/call-closure review; path is an inventory locator, not sole evidence.
Terraria/NewProjectileModifier.cs	shared-runtime-mechanism	SharedRuntimeMechanisms	version4-confirmed			Version4:Terraria/NewProjectileModifier.cs	docs/Version4权威游戏模拟子系统全量审查报告-2026-09-05.md#SharedRuntimeMechanisms	Primary owner selected by state writer/lifecycle/call-closure review; path is an inventory locator, not sole evidence.
Terraria/NewProjectileModifiers.cs	shared-runtime-mechanism	SharedRuntimeMechanisms	version4-confirmed			Version4:Terraria/NewProjectileModifiers.cs	docs/Version4权威游戏模拟子系统全量审查报告-2026-09-05.md#SharedRuntimeMechanisms	Primary owner selected by state writer/lifecycle/call-closure review; path is an inventory locator, not sole evidence.
Terraria/NPC.cs	subsystem-evidence	NpcAndTownSimulation	version4-confirmed			Version4:Terraria/NPC.cs	docs/Version4权威游戏模拟子系统全量审查报告-2026-09-05.md#NpcAndTownSimulation	Primary owner selected by state writer/lifecycle/call-closure review; path is an inventory locator, not sole evidence.
Terraria/NPCSpawnParams.cs	shared-runtime-mechanism	SharedRuntimeMechanisms	version4-confirmed			Version4:Terraria/NPCSpawnParams.cs	docs/Version4权威游戏模拟子系统全量审查报告-2026-09-05.md#SharedRuntimeMechanisms	Primary owner selected by state writer/lifecycle/call-closure review; path is an inventory locator, not sole evidence.
Terraria/PartyHatColor.cs	shared-runtime-mechanism	SharedRuntimeMechanisms	version4-confirmed			Version4:Terraria/PartyHatColor.cs	docs/Version4权威游戏模拟子系统全量审查报告-2026-09-05.md#SharedRuntimeMechanisms	Primary owner selected by state writer/lifecycle/call-closure review; path is an inventory locator, not sole evidence.
Terraria/Player.cs	subsystem-evidence	PlayerGameplay	version4-confirmed			Version4:Terraria/Player.cs	docs/Version4权威游戏模拟子系统全量审查报告-2026-09-05.md#PlayerGameplay	Primary owner selected by state writer/lifecycle/call-closure review; path is an inventory locator, not sole evidence.
Terraria/PlayerSpawnContext.cs	shared-runtime-mechanism	SharedRuntimeMechanisms	version4-confirmed			Version4:Terraria/PlayerSpawnContext.cs	docs/Version4权威游戏模拟子系统全量审查报告-2026-09-05.md#SharedRuntimeMechanisms	Primary owner selected by state writer/lifecycle/call-closure review; path is an inventory locator, not sole evidence.
Terraria/PopupText.cs	shared-runtime-mechanism	SharedRuntimeMechanisms	version4-confirmed			Version4:Terraria/PopupText.cs	docs/Version4权威游戏模拟子系统全量审查报告-2026-09-05.md#SharedRuntimeMechanisms	Primary owner selected by state writer/lifecycle/call-closure review; path is an inventory locator, not sole evidence.
Terraria/PopupTextContext.cs	shared-runtime-mechanism	SharedRuntimeMechanisms	version4-confirmed			Version4:Terraria/PopupTextContext.cs	docs/Version4权威游戏模拟子系统全量审查报告-2026-09-05.md#SharedRuntimeMechanisms	Primary owner selected by state writer/lifecycle/call-closure review; path is an inventory locator, not sole evidence.
Terraria/Program.cs	shared-runtime-mechanism	SharedRuntimeMechanisms	version4-confirmed			Version4:Terraria/Program.cs	docs/Version4权威游戏模拟子系统全量审查报告-2026-09-05.md#SharedRuntimeMechanisms	Primary owner selected by state writer/lifecycle/call-closure review; path is an inventory locator, not sole evidence.
Terraria/Projectile.cs	subsystem-evidence	ProjectileSimulation	full-reference-supplemented	D:/TRbackup/无任何删减通过编译/Terraria/Projectile.cs	FishingAndCatchSimulation;CombatAndStatus	Version4:34073-34074;full-reference:51236,51496;call-sites:25365,47784	docs/Version4权威游戏模拟子系统全量审查报告-2026-09-05.md#ProjectileSimulation	Empty fishing methods in Version4 matched by type, signature, and call neighborhood to complete-reference implementation.
Terraria/Rain.cs	shared-runtime-mechanism	SharedRuntimeMechanisms	version4-confirmed			Version4:Terraria/Rain.cs	docs/Version4权威游戏模拟子系统全量审查报告-2026-09-05.md#SharedRuntimeMechanisms	Primary owner selected by state writer/lifecycle/call-closure review; path is an inventory locator, not sole evidence.
Terraria/Recipe.cs	shared-runtime-mechanism	SharedRuntimeMechanisms	version4-confirmed			Version4:Terraria/Recipe.cs	docs/Version4权威游戏模拟子系统全量审查报告-2026-09-05.md#SharedRuntimeMechanisms	Primary owner selected by state writer/lifecycle/call-closure review; path is an inventory locator, not sole evidence.
Terraria/RecipeGroup.cs	shared-runtime-mechanism	SharedRuntimeMechanisms	version4-confirmed			Version4:Terraria/RecipeGroup.cs	docs/Version4权威游戏模拟子系统全量审查报告-2026-09-05.md#SharedRuntimeMechanisms	Primary owner selected by state writer/lifecycle/call-closure review; path is an inventory locator, not sole evidence.
Terraria/Ref.cs	shared-runtime-mechanism	SharedRuntimeMechanisms	version4-confirmed			Version4:Terraria/Ref.cs	docs/Version4权威游戏模拟子系统全量审查报告-2026-09-05.md#SharedRuntimeMechanisms	Primary owner selected by state writer/lifecycle/call-closure review; path is an inventory locator, not sole evidence.
Terraria/RemoteClient.cs	subsystem-evidence	NetworkSessionAndSectionStreaming	version4-confirmed			Version4:Terraria/RemoteClient.cs	docs/Version4权威游戏模拟子系统全量审查报告-2026-09-05.md#NetworkSessionAndSectionStreaming	Primary owner selected by state writer/lifecycle/call-closure review; path is an inventory locator, not sole evidence.
Terraria/RemoteServer.cs	subsystem-evidence	NetworkSessionAndSectionStreaming	version4-confirmed			Version4:Terraria/RemoteServer.cs	docs/Version4权威游戏模拟子系统全量审查报告-2026-09-05.md#NetworkSessionAndSectionStreaming	Primary owner selected by state writer/lifecycle/call-closure review; path is an inventory locator, not sole evidence.
Terraria/ResolutionChangeEvent.cs	shared-runtime-mechanism	SharedRuntimeMechanisms	version4-confirmed			Version4:Terraria/ResolutionChangeEvent.cs	docs/Version4权威游戏模拟子系统全量审查报告-2026-09-05.md#SharedRuntimeMechanisms	Primary owner selected by state writer/lifecycle/call-closure review; path is an inventory locator, not sole evidence.
Terraria/SceneMetrics.cs	shared-runtime-mechanism	SharedRuntimeMechanisms	version4-confirmed			Version4:Terraria/SceneMetrics.cs	docs/Version4权威游戏模拟子系统全量审查报告-2026-09-05.md#SharedRuntimeMechanisms	Primary owner selected by state writer/lifecycle/call-closure review; path is an inventory locator, not sole evidence.
Terraria/SceneMetricsScanSettings.cs	shared-runtime-mechanism	SharedRuntimeMechanisms	version4-confirmed			Version4:Terraria/SceneMetricsScanSettings.cs	docs/Version4权威游戏模拟子系统全量审查报告-2026-09-05.md#SharedRuntimeMechanisms	Primary owner selected by state writer/lifecycle/call-closure review; path is an inventory locator, not sole evidence.
Terraria/SceneState.cs	shared-runtime-mechanism	SharedRuntimeMechanisms	version4-confirmed			Version4:Terraria/SceneState.cs	docs/Version4权威游戏模拟子系统全量审查报告-2026-09-05.md#SharedRuntimeMechanisms	Primary owner selected by state writer/lifecycle/call-closure review; path is an inventory locator, not sole evidence.
Terraria/ScriptSandbox.cs	shared-runtime-mechanism	SharedRuntimeMechanisms	version4-confirmed			Version4:Terraria/ScriptSandbox.cs	docs/Version4权威游戏模拟子系统全量审查报告-2026-09-05.md#SharedRuntimeMechanisms	Primary owner selected by state writer/lifecycle/call-closure review; path is an inventory locator, not sole evidence.
Terraria/ShoppingSettings.cs	shared-runtime-mechanism	SharedRuntimeMechanisms	version4-confirmed			Version4:Terraria/ShoppingSettings.cs	docs/Version4权威游戏模拟子系统全量审查报告-2026-09-05.md#SharedRuntimeMechanisms	Primary owner selected by state writer/lifecycle/call-closure review; path is an inventory locator, not sole evidence.
Terraria/Sign.cs	shared-runtime-mechanism	SharedRuntimeMechanisms	version4-confirmed			Version4:Terraria/Sign.cs	docs/Version4权威游戏模拟子系统全量审查报告-2026-09-05.md#SharedRuntimeMechanisms	Primary owner selected by state writer/lifecycle/call-closure review; path is an inventory locator, not sole evidence.
Terraria/SkyblockIslandID.cs	shared-runtime-mechanism	SharedRuntimeMechanisms	version4-confirmed			Version4:Terraria/SkyblockIslandID.cs	docs/Version4权威游戏模拟子系统全量审查报告-2026-09-05.md#SharedRuntimeMechanisms	Primary owner selected by state writer/lifecycle/call-closure review; path is an inventory locator, not sole evidence.
Terraria/Star.cs	shared-runtime-mechanism	SharedRuntimeMechanisms	version4-confirmed			Version4:Terraria/Star.cs	docs/Version4权威游戏模拟子系统全量审查报告-2026-09-05.md#SharedRuntimeMechanisms	Primary owner selected by state writer/lifecycle/call-closure review; path is an inventory locator, not sole evidence.
Terraria/StrayMethods.cs	shared-runtime-mechanism	SharedRuntimeMechanisms	version4-confirmed			Version4:Terraria/StrayMethods.cs	docs/Version4权威游戏模拟子系统全量审查报告-2026-09-05.md#SharedRuntimeMechanisms	Primary owner selected by state writer/lifecycle/call-closure review; path is an inventory locator, not sole evidence.
Terraria/Tile.cs	subsystem-evidence	WorldStorage	version4-confirmed			Version4:Terraria/Tile.cs	docs/Version4权威游戏模拟子系统全量审查报告-2026-09-05.md#WorldStorage	Primary owner selected by state writer/lifecycle/call-closure review; path is an inventory locator, not sole evidence.
Terraria/TileChangeReceivedEvent.cs	shared-runtime-mechanism	SharedRuntimeMechanisms	version4-confirmed			Version4:Terraria/TileChangeReceivedEvent.cs	docs/Version4权威游戏模拟子系统全量审查报告-2026-09-05.md#SharedRuntimeMechanisms	Primary owner selected by state writer/lifecycle/call-closure review; path is an inventory locator, not sole evidence.
Terraria/TileColorCache.cs	shared-runtime-mechanism	SharedRuntimeMechanisms	version4-confirmed			Version4:Terraria/TileColorCache.cs	docs/Version4权威游戏模拟子系统全量审查报告-2026-09-05.md#SharedRuntimeMechanisms	Primary owner selected by state writer/lifecycle/call-closure review; path is an inventory locator, not sole evidence.
Terraria/TileObject.cs	shared-runtime-mechanism	SharedRuntimeMechanisms	version4-confirmed			Version4:Terraria/TileObject.cs	docs/Version4权威游戏模拟子系统全量审查报告-2026-09-05.md#SharedRuntimeMechanisms	Primary owner selected by state writer/lifecycle/call-closure review; path is an inventory locator, not sole evidence.
Terraria/TimeLogger.cs	shared-runtime-mechanism	SharedRuntimeMechanisms	version4-confirmed			Version4:Terraria/TimeLogger.cs	docs/Version4权威游戏模拟子系统全量审查报告-2026-09-05.md#SharedRuntimeMechanisms	Primary owner selected by state writer/lifecycle/call-closure review; path is an inventory locator, not sole evidence.
Terraria/Utils.cs	shared-runtime-mechanism	SharedRuntimeMechanisms	version4-confirmed			Version4:Terraria/Utils.cs	docs/Version4权威游戏模拟子系统全量审查报告-2026-09-05.md#SharedRuntimeMechanisms	Primary owner selected by state writer/lifecycle/call-closure review; path is an inventory locator, not sole evidence.
Terraria/WaterfallID.cs	shared-runtime-mechanism	SharedRuntimeMechanisms	version4-confirmed			Version4:Terraria/WaterfallID.cs	docs/Version4权威游戏模拟子系统全量审查报告-2026-09-05.md#SharedRuntimeMechanisms	Primary owner selected by state writer/lifecycle/call-closure review; path is an inventory locator, not sole evidence.
Terraria/WaterfallManager.cs	shared-runtime-mechanism	SharedRuntimeMechanisms	version4-confirmed			Version4:Terraria/WaterfallManager.cs	docs/Version4权威游戏模拟子系统全量审查报告-2026-09-05.md#SharedRuntimeMechanisms	Primary owner selected by state writer/lifecycle/call-closure review; path is an inventory locator, not sole evidence.
Terraria/WindowsLaunch.cs	shared-runtime-mechanism	SharedRuntimeMechanisms	version4-confirmed			Version4:Terraria/WindowsLaunch.cs	docs/Version4权威游戏模拟子系统全量审查报告-2026-09-05.md#SharedRuntimeMechanisms	Primary owner selected by state writer/lifecycle/call-closure review; path is an inventory locator, not sole evidence.
Terraria/Wiring.cs	subsystem-evidence	WiringAndMechanisms	full-reference-supplemented	D:/TRbackup/无任何删减通过编译/Terraria/Wiring.cs	WorldInteractionAndStructures;WorldStorage;NetworkSessionAndSectionStreaming;SpawnLifecycleAndLoot	Version4:Terraria/Wiring.cs:88,151,267,387,429,468,625,666;full-reference:477,499,752	docs/Version4权威游戏模拟子系统全量审查报告-2026-09-05.md#WiringAndMechanisms	Version4 retains the mechanism lifecycle but stubs CheckMech, XferWater, and CheckLogicGate; full reference matches signatures and call neighborhood.
Terraria/WorldGen.cs	subsystem-evidence	WorldGenerationAndEcology	version4-confirmed			Version4:Terraria/WorldGen.cs	docs/Version4权威游戏模拟子系统全量审查报告-2026-09-05.md#WorldGenerationAndEcology	Primary owner selected by state writer/lifecycle/call-closure review; path is an inventory locator, not sole evidence.
Terraria/WorldItem.cs	shared-runtime-mechanism	SharedRuntimeMechanisms	version4-confirmed			Version4:Terraria/WorldItem.cs	docs/Version4权威游戏模拟子系统全量审查报告-2026-09-05.md#SharedRuntimeMechanisms	Primary owner selected by state writer/lifecycle/call-closure review; path is an inventory locator, not sole evidence.
Terraria/WorldSections.cs	subsystem-evidence	NetworkSessionAndSectionStreaming	version4-confirmed			Version4:Terraria/WorldSections.cs	docs/Version4权威游戏模拟子系统全量审查报告-2026-09-05.md#NetworkSessionAndSectionStreaming	Primary owner selected by state writer/lifecycle/call-closure review; path is an inventory locator, not sole evidence.
Terraria/WorldSize.cs	shared-runtime-mechanism	SharedRuntimeMechanisms	version4-confirmed			Version4:Terraria/WorldSize.cs	docs/Version4权威游戏模拟子系统全量审查报告-2026-09-05.md#SharedRuntimeMechanisms	Primary owner selected by state writer/lifecycle/call-closure review; path is an inventory locator, not sole evidence.
