"path","class","exists","referencedBy"
"Build/(bin|obj|generated","planned-reference","False","docs/archive/progress-2026-08-22-full.md"
"Build/bin","generated-output","True","docs/archive/progress-2026-08-22-full.md"
"Build/bin/<project>/<configuration>/","planned-reference","False","docs/archive/progress-2026-08-22-full.md"
"Build/bin/Terraria.Dome.Server/Release/net10.0/Terraria.Dome.Server.exe","generated-output","True","docs/protocol/v1456-compatibility-matrix.md"
"Build/bin/Terraria.Dome.Simulation","generated-output","True","docs/archive/progress-2026-08-22-full.md"
"Build/bin/Terraria.Dome.WorldGeneration.Verification/Release/net10.0/Terraria.Dome.WorldGeneration.Verification.dll","generated-output","True","docs/research/2026-08-30-worldgen-dirt-in-rocks-boundary.md"
"Build/diagnostics","verification-evidence","True","docs/archive/progress-2026-08-22-full.md"
"Build/diagnostics/","verification-evidence","True","docs/flowstate/README.md"
"Build/diagnostics/、历史研究、迁移报告或历史证据。","historical-reference","True","docs/cr/CR-2026-09-01-context-retention-cleanup.md"
"Build/diagnostics/2026-08-19-wiring-liquid-chest-member-index-audit.md","verification-evidence","True","docs/research/2026-08-19-wiring-liquid-chest-member-coverage.md"
"Build/diagnostics/docs-flowstate-normalization/20260822-225500/evidence.json","verification-evidence","True","docs/flowstate/dod-checklist.md"
"Build/diagnostics/docs-flowstate-normalization/20260823-100000/evidence.json","historical-reference","True","docs/cr/CR-2026-08-23-build-evidence-refresh-review.md"
"Build/diagnostics/dome-full-client-20260816-145622","verification-evidence","True","docs/server-completion/2026-08-16-dome-full-client-packet-trace.md"
"Build/diagnostics/dome-full-client-20260816-145622/client/join-stable.json","verification-evidence","True","docs/server-completion/2026-08-16-dome-full-client-packet-trace.md"
"Build/diagnostics/dome-full-client-20260816-145622/summary.json","verification-evidence","True","docs/server-completion/2026-08-16-dome-full-client-packet-trace.md"
"Build/diagnostics/dome-full-client-20260816-145622/summary.md","verification-evidence","True","docs/server-completion/2026-08-16-dome-full-client-packet-trace.md"
"Build/diagnostics/dome-full-client-20260816-145622/trace.jsonl","verification-evidence","True","docs/server-completion/2026-08-16-dome-full-client-packet-trace.md"
"Build/diagnostics/full-client-server-20260816/summary.json","verification-evidence","True","docs/server-completion/2026-08-16-full-client-server-packet-statistics.md"
"Build/diagnostics/full-client-server-20260816/summary.md","verification-evidence","True","docs/server-completion/2026-08-16-full-client-server-packet-statistics.md"
"Build/diagnostics/full-client-server-20260816/trace.jsonl","verification-evidence","True","docs/archive/progress-2026-08-22-full.md"
"Build/diagnostics/item-flask-duration-final-20260831-rerun-01/","verification-evidence","True","docs/migrations/item-field-property-ecs-migration.md"
"Build/diagnostics/item-flask-duration-final-20260831/","verification-evidence","True","docs/migrations/item-field-property-ecs-migration.md"
"Build/diagnostics/item-flask-duration-final-20260831/source-contract.txt","verification-evidence","True","docs/migrations/item-field-property-ecs-migration.md"
"Build/diagnostics/item-shop-catalog-cleanup-final-20260831/","verification-evidence","True","docs/migrations/item-field-property-ecs-migration.md"
"Build/diagnostics/item-shop-catalog-refresh-20260831-01/","verification-evidence","True","docs/migrations/item-field-property-ecs-migration.md"
"Build/diagnostics/item-shop-onpurchase-final-20260831-03/","verification-evidence","True","docs/migrations/item-field-property-ecs-migration.md"
"Build/diagnostics/item-shop-onpurchase-final-20260831-03/source-contract.txt","verification-evidence","True","docs/migrations/item-field-property-ecs-migration.md"
"Build/diagnostics/item-shop-onpurchase-red-20260831/verifier-red-build.log","verification-evidence","True","docs/migrations/item-field-property-ecs-migration.md"
"Build/diagnostics/item-shop-special-currency-final-20260831/source-contract.txt","verification-evidence","True","docs/migrations/item-field-property-ecs-migration.md"
"Build/diagnostics/item-shop-special-currency-final-rerun-20260831/summary.txt","verification-evidence","True","docs/migrations/item-field-property-ecs-migration.md"
"Build/diagnostics/kill-projectile-v1-server.log","verification-evidence","True","docs/archive/progress-2026-08-22-full.md"
"Build/diagnostics/main-field-property/debuff-20260830-01/","verification-evidence","True","docs/migrations/main-field-property-ecs-migration.md"
"Build/diagnostics/main-field-property/game-update-count-20260831-01/","verification-evidence","True","docs/migrations/main-field-property-ecs-migration.md"
"Build/diagnostics/main-field-property/good-world-20260831-01/","verification-evidence","True","docs/migrations/main-field-property-ecs-migration.md"
"Build/diagnostics/main-field-property/invasion-progress-wave-20260831-01/","verification-evidence","True","docs/migrations/main-field-property-ecs-migration.md"
"Build/diagnostics/main-field-property/inventory.json","verification-evidence","True","docs/migrations/main-field-property-ecs-migration.md"
"Build/diagnostics/main-field-property/light-pet-20260830-01/","verification-evidence","True","docs/migrations/main-field-property-ecs-migration.md"
"Build/diagnostics/main-field-property/persistent-buff-20260830-01/","verification-evidence","True","docs/migrations/main-field-property-ecs-migration.md"
"Build/diagnostics/main-field-property/pvp-buff-20260830-02/","verification-evidence","True","docs/migrations/main-field-property-ecs-migration.md"
"Build/diagnostics/main-field-property/vanity-pet-20260830-01/","verification-evidence","True","docs/migrations/main-field-property-ecs-migration.md"
"Build/diagnostics/main-migration/task-0/","verification-evidence","True","docs/archive/progress-2026-08-22-full.md"
"Build/diagnostics/main-migration/task-0/reference-inventory.json","verification-evidence","True","docs/archive/progress-2026-08-22-full.md"
"Build/diagnostics/main-migration/task-0/reference-summary.json","verification-evidence","True","docs/migrations/main-server-responsibility-ledger.md"
"Build/diagnostics/main-migration/task-1/","verification-evidence","True","docs/archive/progress-2026-08-22-full.md"
"Build/diagnostics/main-migration/task-10-acceptance-review/20260823-150000/status.txt","verification-evidence","True","docs/archive/progress-2026-08-22-full.md"
"Build/diagnostics/main-migration/task-10-armor-set-qualification/20260823-130000/","verification-evidence","True","docs/archive/progress-2026-08-22-full.md"
"Build/diagnostics/main-migration/task-10-blocked-unblock-review/20260822-161500/status.txt","verification-evidence","True","docs/archive/progress-2026-08-22-full.md"
"Build/diagnostics/main-migration/task-10-build-ownership-boundary/20260823-160000/","verification-evidence","True","docs/archive/progress-2026-08-22-full.md"
"Build/diagnostics/main-migration/task-10-build-ownership-boundary/20260823-160000/affected-verifiers.txt","verification-evidence","True","docs/archive/progress-2026-08-22-full.md"
"Build/diagnostics/main-migration/task-10-content-samples-repair-qualification/20260823-134500/","verification-evidence","True","docs/archive/progress-2026-08-22-full.md"
"Build/diagnostics/main-migration/task-10-coverage-gate/20260824-042000/","verification-evidence","True","docs/archive/progress-2026-08-22-full.md"
"Build/diagnostics/main-migration/task-10-coverage-matrix-reconciliation/20260824-041000/","verification-evidence","True","docs/archive/progress-2026-08-22-full.md"
"Build/diagnostics/main-migration/task-10-delayed-process-caller-inventory/20260824-003000/","verification-evidence","True","docs/archive/progress-2026-08-22-full.md"
"Build/diagnostics/main-migration/task-10-entity-store-handle-boundary/20260824-076000/","verification-evidence","True","docs/archive/progress-2026-08-22-full.md"
"Build/diagnostics/main-migration/task-10-event-lifecycle-refresh/20260822-154000/","verification-evidence","True","docs/archive/progress-2026-08-22-full.md"
"Build/diagnostics/main-migration/task-10-fish-drop-qualification/20260822-171000/","verification-evidence","True","docs/archive/progress-2026-08-22-full.md"
"Build/diagnostics/main-migration/task-10-invasion-progress-clamp/20260824-027000/","verification-evidence","True","docs/archive/progress-2026-08-22-full.md"
"Build/diagnostics/main-migration/task-10-invasion-travel-rate-integration/20260822-142500/","verification-evidence","True","docs/archive/progress-2026-08-22-full.md"
"Build/diagnostics/main-migration/task-10-item-drop-position-boundary/20260824-038000/","verification-evidence","True","docs/archive/progress-2026-08-22-full.md"
"Build/diagnostics/main-migration/task-10-item-lifecycle-refresh/20260822-145000/","verification-evidence","True","docs/archive/progress-2026-08-22-full.md"
"Build/diagnostics/main-migration/task-10-item-new-item-qualification/20260823-200000/","verification-evidence","True","docs/archive/progress-2026-08-22-full.md"
"Build/diagnostics/main-migration/task-10-item-use-timer-clamp/20260824-036000/","verification-evidence","True","docs/archive/progress-2026-08-22-full.md"
"Build/diagnostics/main-migration/task-10-leashed-definition-qualification/20260822-165000/","verification-evidence","True","docs/archive/progress-2026-08-22-full.md"
"Build/diagnostics/main-migration/task-10-main-thread-action-caller-inventory/20260824-004000/","verification-evidence","True","docs/archive/progress-2026-08-22-full.md"
"Build/diagnostics/main-migration/task-10-meteor-rng-oracle-audit/20260822-155000/","verification-evidence","True","docs/archive/progress-2026-08-22-full.md"
"Build/diagnostics/main-migration/task-10-meteor-rng-oracle-audit/20260823-220000/","verification-evidence","True","docs/archive/progress-2026-08-22-full.md"
"Build/diagnostics/main-migration/task-10-npc-behavior-input-boundary/20260824-056000/","verification-evidence","True","docs/archive/progress-2026-08-22-full.md"
"Build/diagnostics/main-migration/task-10-npc-contact-input-boundary/20260824-058000/","verification-evidence","True","docs/archive/progress-2026-08-22-full.md"
"Build/diagnostics/main-migration/task-10-npc-death-input-boundary/20260824-037000/","verification-evidence","True","docs/archive/progress-2026-08-22-full.md"
"Build/diagnostics/main-migration/task-10-npc-death-loot-qualification/20260823-210000/","verification-evidence","True","docs/archive/progress-2026-08-22-full.md"
"Build/diagnostics/main-migration/task-10-npc-death-loot-restart/20260823-230000/","verification-evidence","True","docs/archive/progress-2026-08-22-full.md"
"Build/diagnostics/main-migration/task-10-npc-death-tick-order/20260824-001000/","verification-evidence","True","docs/archive/progress-2026-08-22-full.md"
"Build/diagnostics/main-migration/task-10-npc-interactions-qualification/20260822-170000/","verification-evidence","True","docs/archive/progress-2026-08-22-full.md"
"Build/diagnostics/main-migration/task-10-npc-lifecycle-refresh/20260822-143000/","verification-evidence","True","docs/archive/progress-2026-08-22-full.md"
"Build/diagnostics/main-migration/task-10-npc-movement-identity-boundary/20260824-060000/","verification-evidence","True","docs/archive/progress-2026-08-22-full.md"
"Build/diagnostics/main-migration/task-10-npc-player-readiness/20260824-016000/","verification-evidence","True","docs/archive/progress-2026-08-22-full.md"
"Build/diagnostics/main-migration/task-10-npc-spawn-position-boundary/20260824-062000/","verification-evidence","True","docs/archive/progress-2026-08-22-full.md"
"Build/diagnostics/main-migration/task-10-npc-talk-authority/20260824-021000/","verification-evidence","True","docs/archive/progress-2026-08-22-full.md"
"Build/diagnostics/main-migration/task-10-npc-target-input-boundary/20260824-044000/","verification-evidence","True","docs/archive/progress-2026-08-22-full.md"
"Build/diagnostics/main-migration/task-10-npc-target-routing-boundary/20260824-050000/","verification-evidence","True","docs/archive/progress-2026-08-22-full.md"
"Build/diagnostics/main-migration/task-10-npc-timeleft-boundary/20260824-032000/","verification-evidence","True","docs/archive/progress-2026-08-22-full.md"
"Build/diagnostics/main-migration/task-10-npc-valid-target-ghost/20260824-020000/","verification-evidence","True","docs/archive/progress-2026-08-22-full.md"
"Build/diagnostics/main-migration/task-10-npc-worm-segment-lifecycle/20260823-170000/","verification-evidence","True","docs/archive/progress-2026-08-22-full.md"
"Build/diagnostics/main-migration/task-10-npc-worm-trigger-boundary/20260824-031000/","verification-evidence","True","docs/archive/progress-2026-08-22-full.md"
"Build/diagnostics/main-migration/task-10-open-blocker-reaudit/20260822-160000/","verification-evidence","True","docs/archive/progress-2026-08-22-full.md"
"Build/diagnostics/main-migration/task-10-open-responsibilities-review/20260822-160000/","verification-evidence","True","docs/archive/progress-2026-08-22-full.md"
"Build/diagnostics/main-migration/task-10-open-responsibilities-review/20260824-024000/","verification-evidence","True","docs/archive/progress-2026-08-22-full.md"
"Build/diagnostics/main-migration/task-10-open-responsibilities-review/20260824-028000/status.txt","verification-evidence","True","docs/archive/progress-2026-08-22-full.md"
"Build/diagnostics/main-migration/task-10-player-kill-respawn-lifecycle/20260823-190000/","verification-evidence","True","docs/archive/progress-2026-08-22-full.md"
"Build/diagnostics/main-migration/task-10-player-lifecycle-identity-boundary/20260824-070000/","verification-evidence","True","docs/archive/progress-2026-08-22-full.md"
"Build/diagnostics/main-migration/task-10-player-respawn-tick-clamp/20260824-033000/","verification-evidence","True","docs/archive/progress-2026-08-22-full.md"
"Build/diagnostics/main-migration/task-10-player-respawn-timer/20260824-030000/","verification-evidence","True","docs/archive/progress-2026-08-22-full.md"
"Build/diagnostics/main-migration/task-10-projectile-definition-registry-boundary/20260824-082000/","verification-evidence","True","docs/archive/progress-2026-08-22-full.md"
"Build/diagnostics/main-migration/task-10-projectile-friendly-target/20260824-022000/","verification-evidence","True","docs/archive/progress-2026-08-22-full.md"
"Build/diagnostics/main-migration/task-10-projectile-hostile-player/20260824-023000/","verification-evidence","True","docs/archive/progress-2026-08-22-full.md"
"Build/diagnostics/main-migration/task-10-projectile-identity-boundary/20260824-064000/","verification-evidence","True","docs/archive/progress-2026-08-22-full.md"
"Build/diagnostics/main-migration/task-10-projectile-lifecycle-refresh/20260822-144000/","verification-evidence","True","docs/archive/progress-2026-08-22-full.md"
"Build/diagnostics/main-migration/task-10-projectile-lifetime-domain/20260824-035000/","verification-evidence","True","docs/archive/progress-2026-08-22-full.md"
"Build/diagnostics/main-migration/task-10-projectile-motion-input-boundary/20260824-054000/","verification-evidence","True","docs/archive/progress-2026-08-22-full.md"
"Build/diagnostics/main-migration/task-10-projectile-penetration-domain/20260824-034000/","verification-evidence","True","docs/archive/progress-2026-08-22-full.md"
"Build/diagnostics/main-migration/task-10-projectile-penetration-lifecycle/20260823-180000/","verification-evidence","True","docs/archive/progress-2026-08-22-full.md"
"Build/diagnostics/main-migration/task-10-projectile-replication-identity-boundary/20260824-066000/","verification-evidence","True","docs/archive/progress-2026-08-22-full.md"
"Build/diagnostics/main-migration/task-10-projectile-replication-scalar-boundary/20260824-074000/","verification-evidence","True","docs/archive/progress-2026-08-22-full.md"
"Build/diagnostics/main-migration/task-10-projectile-spawn-input-boundary/20260824-072000/","verification-evidence","True","docs/archive/progress-2026-08-22-full.md"
"Build/diagnostics/main-migration/task-10-projectile-tile-stop/20260824-000000/","verification-evidence","True","docs/archive/progress-2026-08-22-full.md"
"Build/diagnostics/main-migration/task-10-shop-helper-qualification/20260823-131500/","verification-evidence","True","docs/archive/progress-2026-08-22-full.md"
"Build/diagnostics/main-migration/task-10-teleport-pylon-qualification/20260823-133000/","verification-evidence","True","docs/archive/progress-2026-08-22-full.md"
"Build/diagnostics/main-migration/task-10-tick-order-reconciliation/20260822-151500/","verification-evidence","True","docs/archive/progress-2026-08-22-full.md"
"Build/diagnostics/main-migration/task-10-tile-command-commit-refresh/20260822-150000/","verification-evidence","True","docs/archive/progress-2026-08-22-full.md"
"Build/diagnostics/main-migration/task-10-tile-entity-definition-child/20260822-164000/","verification-evidence","True","docs/archive/progress-2026-08-22-full.md"
"Build/diagnostics/main-migration/task-10-torch-definition-child/20260822-163000/","verification-evidence","True","docs/archive/progress-2026-08-22-full.md"
"Build/diagnostics/main-migration/task-10-world-item-stack-geometry/20260824-043000/","verification-evidence","True","docs/archive/progress-2026-08-22-full.md"
"Build/diagnostics/main-migration/task-10-world-item-stack-merge/20260824-002000/","verification-evidence","True","docs/archive/progress-2026-08-22-full.md"
"Build/diagnostics/main-migration/task-10-world-mechanics-refresh/20260822-153000/","verification-evidence","True","docs/archive/progress-2026-08-22-full.md"
"Build/diagnostics/main-migration/task-11-item-owner-reservation-persistence/20260824-018000/","verification-evidence","True","docs/archive/progress-2026-08-22-full.md"
"Build/diagnostics/main-migration/task-11-item-owner-reservation/20260824-017000/","verification-evidence","True","docs/archive/progress-2026-08-22-full.md"
"Build/diagnostics/main-migration/task-11-item-pickup-position-boundary/20260824-052000/","verification-evidence","True","docs/archive/progress-2026-08-22-full.md"
"Build/diagnostics/main-migration/task-11-item-shimmer-pickup/20260824-019000/","verification-evidence","True","docs/archive/progress-2026-08-22-full.md"
"Build/diagnostics/main-migration/task-11-world-item-store-owner-boundary/20260824-068000/","verification-evidence","True","docs/archive/progress-2026-08-22-full.md"
"Build/diagnostics/main-migration/task-11-world-item-store-position-boundary/20260824-080000/","verification-evidence","True","docs/archive/progress-2026-08-22-full.md"
"Build/diagnostics/main-migration/task-12-tick-order-acceptance/20260824-040000/","verification-evidence","True","docs/archive/progress-2026-08-22-full.md"
"Build/diagnostics/main-migration/task-12-tile-sequence-overflow-boundary/20260824-078000/","verification-evidence","True","docs/archive/progress-2026-08-22-full.md"
"Build/diagnostics/main-migration/task-13-initializer-family-inventory/20260822-090000/","verification-evidence","True","docs/archive/progress-2026-08-22-full.md"
"Build/diagnostics/main-migration/task-2/","verification-evidence","True","docs/archive/progress-2026-08-22-full.md"
"Build/diagnostics/main-migration/task-3/","verification-evidence","True","docs/archive/progress-2026-08-22-full.md"
"Build/diagnostics/main-migration/task-4/","verification-evidence","True","docs/archive/progress-2026-08-22-full.md"
"Build/diagnostics/main-migration/task-5-player-facing-input/20260824-026000/","verification-evidence","True","docs/archive/progress-2026-08-22-full.md"
"Build/diagnostics/main-migration/task-5-player-input-envelope/20260824-025000/","verification-evidence","True","docs/archive/progress-2026-08-22-full.md"
"Build/diagnostics/main-migration/task-5-tick-order-reconciliation/20260824-013000/","verification-evidence","True","docs/archive/progress-2026-08-22-full.md"
"Build/diagnostics/main-migration/task-5/","verification-evidence","True","docs/archive/progress-2026-08-22-full.md"
"Build/diagnostics/main-migration/task-6/","verification-evidence","True","docs/archive/progress-2026-08-22-full.md"
"Build/diagnostics/main-migration/task-7-blood-moon/","verification-evidence","True","docs/archive/progress-2026-08-22-full.md"
"Build/diagnostics/main-migration/task-7-eclipse/","verification-evidence","True","docs/archive/progress-2026-08-22-full.md"
"Build/diagnostics/main-migration/task-7-invasion/20260819-013459/","verification-evidence","True","docs/archive/progress-2026-08-22-full.md"
"Build/diagnostics/main-migration/task-7-king-slime-readiness/20260819-121052/","verification-evidence","True","docs/archive/progress-2026-08-22-full.md"
"Build/diagnostics/main-migration/task-7-lantern-cooldown/20260819-113103/source-manifest.txt","verification-evidence","True","docs/archive/progress-2026-08-22-full.md"
"Build/diagnostics/main-migration/task-7-lantern-eligibility/20260819-114525/source-manifest.txt","verification-evidence","True","docs/archive/progress-2026-08-22-full.md"
"Build/diagnostics/main-migration/task-7-lantern-manual-genuine/20260819-120052/","verification-evidence","True","docs/archive/progress-2026-08-22-full.md"
"Build/diagnostics/main-migration/task-7-lantern-night/20260819-032916/","verification-evidence","True","docs/archive/progress-2026-08-22-full.md"
"Build/diagnostics/main-migration/task-7-lantern-rain-suppression/20260819-040231/","verification-evidence","True","docs/archive/progress-2026-08-22-full.md"
"Build/diagnostics/main-migration/task-7-lantern-same-tick-ordering/20260819-044056/","verification-evidence","True","docs/archive/progress-2026-08-22-full.md"
"Build/diagnostics/main-migration/task-7-lantern-schedule/20260819-050007/source-manifest.txt","verification-evidence","True","docs/archive/progress-2026-08-22-full.md"
"Build/diagnostics/main-migration/task-7-meteor-resolution/20260819-035804/","verification-evidence","True","docs/archive/progress-2026-08-22-full.md"
"Build/diagnostics/main-migration/task-7-meteor-schedule/20260819-034057/","verification-evidence","True","docs/archive/progress-2026-08-22-full.md"
"Build/diagnostics/main-migration/task-7-meteor/20260819-025654/","verification-evidence","True","docs/archive/progress-2026-08-22-full.md"
"Build/diagnostics/main-migration/task-7-normal-event-eligibility/20260819-120353/","verification-evidence","True","docs/archive/progress-2026-08-22-full.md"
"Build/diagnostics/main-migration/task-7-npc-first-event-lantern-schedule/source-manifest.txt","verification-evidence","True","docs/archive/progress-2026-08-22-full.md"
"Build/diagnostics/main-migration/task-7-rain/","verification-evidence","True","docs/archive/progress-2026-08-22-full.md"
"Build/diagnostics/main-migration/task-7-rain/20260819-020437/","verification-evidence","True","docs/archive/progress-2026-08-22-full.md"
"Build/diagnostics/main-migration/task-7-slime-rain-cooldown/20260819-041221/","verification-evidence","True","docs/archive/progress-2026-08-22-full.md"
"Build/diagnostics/main-migration/task-7-slime-rain-warning/20260819-043037/","verification-evidence","True","docs/archive/progress-2026-08-22-full.md"
"Build/diagnostics/main-migration/task-7-slime-rain/20260819-021430/","verification-evidence","True","docs/archive/progress-2026-08-22-full.md"
"Build/diagnostics/main-migration/task-7-wind-rain-coupling/20260819-041750/","verification-evidence","True","docs/archive/progress-2026-08-22-full.md"
"Build/diagnostics/main-migration/task-7-wind/20260819-031500/","verification-evidence","True","docs/archive/progress-2026-08-22-full.md"
"Build/diagnostics/main-migration/task-8-active-above-actuator/20260819-171500/","verification-evidence","True","docs/archive/progress-2026-08-22-full.md"
"Build/diagnostics/main-migration/task-8-actuation-set-rule/20260819-170800/source-manifest.txt","verification-evidence","True","docs/archive/progress-2026-08-22-full.md"
"Build/diagnostics/main-migration/task-8-actuator-rule/","verification-evidence","True","docs/archive/progress-2026-08-22-full.md"
"Build/diagnostics/main-migration/task-8-actuator-state/20260819-153058/source-manifest.txt","verification-evidence","True","docs/archive/progress-2026-08-22-full.md"
"Build/diagnostics/main-migration/task-8-bottom-slope-contract/20260819-144319/","verification-evidence","True","docs/archive/progress-2026-08-22-full.md"
"Build/diagnostics/main-migration/task-8-boulder-chest-rule/20260819-163910/","verification-evidence","True","docs/archive/progress-2026-08-22-full.md"
"Build/diagnostics/main-migration/task-8-boulder-protection-query/20260819-165500/","verification-evidence","True","docs/archive/progress-2026-08-22-full.md"
"Build/diagnostics/main-migration/task-8-boulder-type-rule/20260819-165200/source-manifest.txt","verification-evidence","True","docs/archive/progress-2026-08-22-full.md"
"Build/diagnostics/main-migration/task-8-can-kill-query/20260819-171200/","verification-evidence","True","docs/archive/progress-2026-08-22-full.md"
"Build/diagnostics/main-migration/task-8-can-kill-rule/20260819-155734/","verification-evidence","True","docs/archive/progress-2026-08-22-full.md"
"Build/diagnostics/main-migration/task-8-can-kill-rule/20260819-155734/source-manifest.txt","verification-evidence","True","docs/archive/progress-2026-08-22-full.md"
"Build/diagnostics/main-migration/task-8-chest-destruction/20260819-160641/source-manifest.txt","verification-evidence","True","docs/archive/progress-2026-08-22-full.md"
"Build/diagnostics/main-migration/task-8-chest-footprint/20260819-162117/","verification-evidence","True","docs/archive/progress-2026-08-22-full.md"
"Build/diagnostics/main-migration/task-8-chest-protection-projection/20260819-162655/","verification-evidence","True","docs/archive/progress-2026-08-22-full.md"
"Build/diagnostics/main-migration/task-8-down-input/20260819-135600/","verification-evidence","True","docs/archive/progress-2026-08-22-full.md"
"Build/diagnostics/main-migration/task-8-down-input/20260819-135600/source-manifest.txt","verification-evidence","True","docs/archive/progress-2026-08-22-full.md"
"Build/diagnostics/main-migration/task-8-fall-through-contract/20260819-134513/source-manifest.txt","verification-evidence","True","docs/archive/progress-2026-08-22-full.md"
"Build/diagnostics/main-migration/task-8-half-brick/20260819-142432/","verification-evidence","True","docs/archive/progress-2026-08-22-full.md"
"Build/diagnostics/main-migration/task-8-locked-door-rule/20260819-163225/","verification-evidence","True","docs/archive/progress-2026-08-22-full.md"
"Build/diagnostics/main-migration/task-8-multitile-query/20260819-171000/source-manifest.txt","verification-evidence","True","docs/archive/progress-2026-08-22-full.md"
"Build/diagnostics/main-migration/task-8-multitile-rule/20260819-170600/source-manifest.txt","verification-evidence","True","docs/archive/progress-2026-08-22-full.md"
"Build/diagnostics/main-migration/task-8-platform-top/20260819-133545/source-manifest.txt","verification-evidence","True","docs/archive/progress-2026-08-22-full.md"
"Build/diagnostics/main-migration/task-8-player-top-slope/20260819-143832/","verification-evidence","True","docs/archive/progress-2026-08-22-full.md"
"Build/diagnostics/main-migration/task-8-player-top-slope/20260819-143832/source-manifest.txt","verification-evidence","True","docs/archive/progress-2026-08-22-full.md"
"Build/diagnostics/main-migration/task-8-special-actuator/20260820-040847/","verification-evidence","True","docs/archive/progress-2026-08-22-full.md"
"Build/diagnostics/main-migration/task-8-special-rule/20260819-170400/source-manifest.txt","verification-evidence","True","docs/archive/progress-2026-08-22-full.md"
"Build/diagnostics/main-migration/task-8-static-solid-definition/20260820-042319/","verification-evidence","True","docs/archive/progress-2026-08-22-full.md"
"Build/diagnostics/main-migration/task-8-tile-activation-contract/20260819-144857/","verification-evidence","True","docs/archive/progress-2026-08-22-full.md"
"Build/diagnostics/main-migration/task-8-tile-breakability-rule/20260819-164549/","verification-evidence","True","docs/archive/progress-2026-08-22-full.md"
"Build/diagnostics/main-migration/task-8-tile-solidity/20260819-132253/","verification-evidence","True","docs/archive/progress-2026-08-22-full.md"
"Build/diagnostics/main-migration/task-8-tile-solidity/20260819-132253/source-manifest.txt","verification-evidence","True","docs/archive/progress-2026-08-22-full.md"
"Build/diagnostics/main-migration/task-8-tree-frame-rule/20260819-170200/source-manifest.txt","verification-evidence","True","docs/archive/progress-2026-08-22-full.md"
"Build/diagnostics/main-migration/task-8-tree-trunk-rule/20260819-170000/source-manifest.txt","verification-evidence","True","docs/archive/progress-2026-08-22-full.md"
"Build/diagnostics/main-migration/task-8-type2-actuator/20260820-041700/","verification-evidence","True","docs/archive/progress-2026-08-22-full.md"
"Build/diagnostics/main-migration/task-8-type226-actuator/","verification-evidence","True","docs/archive/progress-2026-08-22-full.md"
"Build/diagnostics/main-migration/task-8-world-surface-metadata/20260820-033834/","verification-evidence","True","docs/archive/progress-2026-08-22-full.md"
"Build/diagnostics/main-migration/task-9-acceptance-review/20260822-114342/","verification-evidence","True","docs/archive/progress-2026-08-22-full.md"
"Build/diagnostics/main-migration/task-9-acceptance-review/20260822-150000/status.txt","verification-evidence","True","docs/archive/progress-2026-08-22-full.md"
"Build/diagnostics/main-migration/task-9-acceptance-review/20260822-200000/","verification-evidence","True","docs/archive/progress-2026-08-22-full.md"
"Build/diagnostics/main-migration/task-9-acceptance-review/20260822-220000/","verification-evidence","True","docs/archive/progress-2026-08-22-full.md"
"Build/diagnostics/main-migration/task-9-acceptance-review/20260822-230000/","verification-evidence","True","docs/archive/progress-2026-08-22-full.md"
"Build/diagnostics/main-migration/task-9-acceptance-review/20260823-000000/status.txt","verification-evidence","True","docs/archive/progress-2026-08-22-full.md"
"Build/diagnostics/main-migration/task-9-acceptance-review/20260823-030000/","verification-evidence","True","docs/archive/progress-2026-08-22-full.md"
"Build/diagnostics/main-migration/task-9-acceptance-review/20260823-050000/status.txt","verification-evidence","True","docs/archive/progress-2026-08-22-full.md"
"Build/diagnostics/main-migration/task-9-acceptance-review/20260823-060000/simulation-build-focused.txt","verification-evidence","True","docs/archive/progress-2026-08-22-full.md"
"Build/diagnostics/main-migration/task-9-acceptance-review/20260823-070000/remaining-work-queue.txt","verification-evidence","True","docs/archive/progress-2026-08-22-full.md"
"Build/diagnostics/main-migration/task-9-acceptance-review/20260823-140000/","verification-evidence","True","docs/archive/progress-2026-08-22-full.md"
"Build/diagnostics/main-migration/task-9-build-ownership-boundary/20260822-150000/","verification-evidence","True","docs/archive/progress-2026-08-22-full.md"
"Build/diagnostics/main-migration/task-9-combat-damage-rules/20260822-011000/","verification-evidence","True","docs/archive/progress-2026-08-22-full.md"
"Build/diagnostics/main-migration/task-9-combat-protocol-boundary/20260822-200000/combat-protocol-focused.txt","verification-evidence","True","docs/archive/progress-2026-08-22-full.md"
"Build/diagnostics/main-migration/task-9-damage-calculation/20260819-122505/source-manifest.txt","verification-evidence","True","docs/archive/progress-2026-08-22-full.md"
"Build/diagnostics/main-migration/task-9-damage-var/20260819-123700/source-manifest.txt","verification-evidence","True","docs/archive/progress-2026-08-22-full.md"
"Build/diagnostics/main-migration/task-9-delayed-process-boundary/20260822-005500/","verification-evidence","True","docs/archive/progress-2026-08-22-full.md"
"Build/diagnostics/main-migration/task-9-delayed-process-semantics-boundary/20260822-090000/","verification-evidence","True","docs/archive/progress-2026-08-22-full.md"
"Build/diagnostics/main-migration/task-9-delayed-process-semantics-boundary/20260823-133000/","verification-evidence","True","docs/archive/progress-2026-08-22-full.md"
"Build/diagnostics/main-migration/task-9-entity-ownership-initialization-boundary/20260822-010500/","verification-evidence","True","docs/archive/progress-2026-08-22-full.md"
"Build/diagnostics/main-migration/task-9-entity-ownership-initialization-boundary/20260822-180000/","verification-evidence","True","docs/archive/progress-2026-08-22-full.md"
"Build/diagnostics/main-migration/task-9-focused-smoke/20260821-000031/","verification-evidence","True","docs/archive/progress-2026-08-22-full.md"
"Build/diagnostics/main-migration/task-9-invasion-clear-event/20260821-223756/","verification-evidence","True","docs/archive/progress-2026-08-22-full.md"
"Build/diagnostics/main-migration/task-9-invasion-clear-flags-state/20260822-000208/","verification-evidence","True","docs/archive/progress-2026-08-22-full.md"
"Build/diagnostics/main-migration/task-9-invasion-clear-flags/20260821-223620/","verification-evidence","True","docs/archive/progress-2026-08-22-full.md"
"Build/diagnostics/main-migration/task-9-invasion-completion-event/20260821-035937/","verification-evidence","True","docs/archive/progress-2026-08-22-full.md"
"Build/diagnostics/main-migration/task-9-invasion-completion-event/20260821-220216/","verification-evidence","True","docs/archive/progress-2026-08-22-full.md"
"Build/diagnostics/main-migration/task-9-invasion-delay-policy/20260821-232034/","verification-evidence","True","docs/archive/progress-2026-08-22-full.md"
"Build/diagnostics/main-migration/task-9-invasion-delay-spawn-integration/20260821-233247/","verification-evidence","True","docs/archive/progress-2026-08-22-full.md"
"Build/diagnostics/main-migration/task-9-invasion-delay-state/20260821-232729/","verification-evidence","True","docs/archive/progress-2026-08-22-full.md"
"Build/diagnostics/main-migration/task-9-invasion-derived-start/20260821-222937/","verification-evidence","True","docs/archive/progress-2026-08-22-full.md"
"Build/diagnostics/main-migration/task-9-invasion-lifecycle-decision/20260820-000013/","verification-evidence","True","docs/archive/progress-2026-08-22-full.md"
"Build/diagnostics/main-migration/task-9-invasion-position-guard/20260821-230021/","verification-evidence","True","docs/archive/progress-2026-08-22-full.md"
"Build/diagnostics/main-migration/task-9-invasion-progress-projection/20260821-233919/","verification-evidence","True","docs/archive/progress-2026-08-22-full.md"
"Build/diagnostics/main-migration/task-9-invasion-size-policy/20260821-222745/","verification-evidence","True","docs/archive/progress-2026-08-22-full.md"
"Build/diagnostics/main-migration/task-9-invasion-size-start/20260821-225419/","verification-evidence","True","docs/archive/progress-2026-08-22-full.md"
"Build/diagnostics/main-migration/task-9-invasion-spawn-guard/20260821-230021/","verification-evidence","True","docs/archive/progress-2026-08-22-full.md"
"Build/diagnostics/main-migration/task-9-invasion-start-eligibility/20260821-222028/","verification-evidence","True","docs/archive/progress-2026-08-22-full.md"
"Build/diagnostics/main-migration/task-9-invasion-start-eligibility/20260821-222253/","verification-evidence","True","docs/archive/progress-2026-08-22-full.md"
"Build/diagnostics/main-migration/task-9-invasion-start-eligibility/20260821-222458/","verification-evidence","True","docs/archive/progress-2026-08-22-full.md"
"Build/diagnostics/main-migration/task-9-invasion-start-position/20260821-224117/","verification-evidence","True","docs/archive/progress-2026-08-22-full.md"
"Build/diagnostics/main-migration/task-9-invasion-town-fallback-guard/20260821-231611/","verification-evidence","True","docs/archive/progress-2026-08-22-full.md"
"Build/diagnostics/main-migration/task-9-invasion-travel-integration-boundary/20260822-012000/","verification-evidence","True","docs/archive/progress-2026-08-22-full.md"
"Build/diagnostics/main-migration/task-9-invasion-travel-integration-boundary/20260822-113939/","verification-evidence","True","docs/archive/progress-2026-08-22-full.md"
"Build/diagnostics/main-migration/task-9-invasion-travel-integration-boundary/20260823-130000/","verification-evidence","True","docs/archive/progress-2026-08-22-full.md"
"Build/diagnostics/main-migration/task-9-invasion-travel-policy/20260821-223233/","verification-evidence","True","docs/archive/progress-2026-08-22-full.md"
"Build/diagnostics/main-migration/task-9-invasion-warning-message/20260821-235450/","verification-evidence","True","docs/archive/progress-2026-08-22-full.md"
"Build/diagnostics/main-migration/task-9-invasion-warning-policy/20260821-223420/","verification-evidence","True","docs/archive/progress-2026-08-22-full.md"
"Build/diagnostics/main-migration/task-9-invasion-x-state/20260821-234954/","verification-evidence","True","docs/archive/progress-2026-08-22-full.md"
"Build/diagnostics/main-migration/task-9-item-definition-registration-boundary/20260822-010000/","verification-evidence","True","docs/archive/progress-2026-08-22-full.md"
"Build/diagnostics/main-migration/task-9-item-definition-registration-boundary/20260822-170000/","verification-evidence","True","docs/archive/progress-2026-08-22-full.md"
"Build/diagnostics/main-migration/task-9-item-pickup-authority/20260821-000025/","verification-evidence","True","docs/archive/progress-2026-08-22-full.md"
"Build/diagnostics/main-migration/task-9-item-pickup-integrity/20260821-000027/","verification-evidence","True","docs/archive/progress-2026-08-22-full.md"
"Build/diagnostics/main-migration/task-9-item-pickup-integrity/20260821-000029/","verification-evidence","True","docs/archive/progress-2026-08-22-full.md"
"Build/diagnostics/main-migration/task-9-item-world-item-integrity/20260822-010000/","verification-evidence","True","docs/archive/progress-2026-08-22-full.md"
"Build/diagnostics/main-migration/task-9-item-world-motion-integrity/20260821-000026/","verification-evidence","True","docs/archive/progress-2026-08-22-full.md"
"Build/diagnostics/main-migration/task-9-item-world-spawn-integrity/20260821-000024/","verification-evidence","True","docs/archive/progress-2026-08-22-full.md"
"Build/diagnostics/main-migration/task-9-main-initialize-disposition/20260822-011000/scenario.yaml","verification-evidence","True","docs/archive/progress-2026-08-22-full.md"
"Build/diagnostics/main-migration/task-9-main-member-coverage/20260820-000012/","verification-evidence","True","docs/archive/progress-2026-08-22-full.md"
"Build/diagnostics/main-migration/task-9-main-member-coverage/20260822-130000/","verification-evidence","True","docs/archive/progress-2026-08-22-full.md"
"Build/diagnostics/main-migration/task-9-main-member-coverage/20260822-140000/","verification-evidence","True","docs/archive/progress-2026-08-22-full.md"
"Build/diagnostics/main-migration/task-9-main-member-coverage/20260823-010000/initializer-disposition-focused.txt","verification-evidence","True","docs/archive/progress-2026-08-22-full.md"
"Build/diagnostics/main-migration/task-9-main-member-coverage/20260823-120000/","verification-evidence","True","docs/archive/progress-2026-08-22-full.md"
"Build/diagnostics/main-migration/task-9-main-thread-action-boundary/20260822-001736/","verification-evidence","True","docs/archive/progress-2026-08-22-full.md"
"Build/diagnostics/main-migration/task-9-main-thread-action-boundary/20260823-131500/","verification-evidence","True","docs/archive/progress-2026-08-22-full.md"
"Build/diagnostics/main-migration/task-9-meteor-impact-resolution/20260822-010000/","verification-evidence","True","docs/archive/progress-2026-08-22-full.md"
"Build/diagnostics/main-migration/task-9-moon-phase-day-boundary/20260822-005000/","verification-evidence","True","docs/archive/progress-2026-08-22-full.md"
"Build/diagnostics/main-migration/task-9-moon-phase-day-boundary/20260822-005500/","verification-evidence","True","docs/archive/progress-2026-08-22-full.md"
"Build/diagnostics/main-migration/task-9-moon-phase-state/20260820-043724/","verification-evidence","True","docs/archive/progress-2026-08-22-full.md"
"Build/diagnostics/main-migration/task-9-moon-phase/20260819-131056/source-manifest.txt","verification-evidence","True","docs/archive/progress-2026-08-22-full.md"
"Build/diagnostics/main-migration/task-9-npc-combat-lifecycle-gap/20260821-000016/","verification-evidence","True","docs/archive/progress-2026-08-22-full.md"
"Build/diagnostics/main-migration/task-9-npc-combat-lifecycle-gap/20260821-000018/","verification-evidence","True","docs/archive/progress-2026-08-22-full.md"
"Build/diagnostics/main-migration/task-9-npc-combat-lifecycle-gap/20260822-003000/","verification-evidence","True","docs/archive/progress-2026-08-22-full.md"
"Build/diagnostics/main-migration/task-9-npc-combat-lifecycle-gap/20260822-150000/","verification-evidence","True","docs/archive/progress-2026-08-22-full.md"
"Build/diagnostics/main-migration/task-9-npc-combat-lifecycle-gap/20260822-180000/npc-protocol-focused.txt","verification-evidence","True","docs/archive/progress-2026-08-22-full.md"
"Build/diagnostics/main-migration/task-9-npc-spawn-authority/20260821-000019/","verification-evidence","True","docs/archive/progress-2026-08-22-full.md"
"Build/diagnostics/main-migration/task-9-npc-spawn-authority/20260821-000020/","verification-evidence","True","docs/archive/progress-2026-08-22-full.md"
"Build/diagnostics/main-migration/task-9-npc-spawn-readiness/20260821-034908/","verification-evidence","True","docs/archive/progress-2026-08-22-full.md"
"Build/diagnostics/main-migration/task-9-player-authority-boundary/20260822-160000/player-lifecycle-focused.txt","verification-evidence","True","docs/archive/progress-2026-08-22-full.md"
"Build/diagnostics/main-migration/task-9-player-authority-boundary/20260822-170000/player-physics-focused.txt","verification-evidence","True","docs/archive/progress-2026-08-22-full.md"
"Build/diagnostics/main-migration/task-9-player-authority-boundary/20260822-190000/player-simulation-focused.txt","verification-evidence","True","docs/archive/progress-2026-08-22-full.md"
"Build/diagnostics/main-migration/task-9-player-authority-boundary/20260822-230000/","verification-evidence","True","docs/archive/progress-2026-08-22-full.md"
"Build/diagnostics/main-migration/task-9-player-authority-boundary/20260823-000000/","verification-evidence","True","docs/archive/progress-2026-08-22-full.md"
"Build/diagnostics/main-migration/task-9-player-lifecycle-coverage/20260821-000015/","verification-evidence","True","docs/archive/progress-2026-08-22-full.md"
"Build/diagnostics/main-migration/task-9-projectile-lifetime-authority/20260821-035521/","verification-evidence","True","docs/archive/progress-2026-08-22-full.md"
"Build/diagnostics/main-migration/task-9-projectile-owner-authority/20260821-000021/","verification-evidence","True","docs/archive/progress-2026-08-22-full.md"
"Build/diagnostics/main-migration/task-9-projectile-owner-authority/20260821-000022/","verification-evidence","True","docs/archive/progress-2026-08-22-full.md"
"Build/diagnostics/main-migration/task-9-projectile-owner-authority/20260821-000023/","verification-evidence","True","docs/archive/progress-2026-08-22-full.md"
"Build/diagnostics/main-migration/task-9-projectile-owner-authority/20260821-000028/","verification-evidence","True","docs/archive/progress-2026-08-22-full.md"
"Build/diagnostics/main-migration/task-9-projectile-owner-authority/20260821-000030/","verification-evidence","True","docs/archive/progress-2026-08-22-full.md"
"Build/diagnostics/main-migration/task-9-projectile-owner-authority/20260821-000031/","verification-evidence","True","docs/archive/progress-2026-08-22-full.md"
"Build/diagnostics/main-migration/task-9-projectile-owner-authority/20260822-020000/combat-focused.txt","verification-evidence","True","docs/archive/progress-2026-08-22-full.md"
"Build/diagnostics/main-migration/task-9-projectile-velocity-integrity/20260821-034305/","verification-evidence","True","docs/archive/progress-2026-08-22-full.md"
"Build/diagnostics/main-migration/task-9-protocol-compatibility-boundary/20260822-060000/","verification-evidence","True","docs/archive/progress-2026-08-22-full.md"
"Build/diagnostics/main-migration/task-9-protocol-invasion-clear-flags/20260822-001313/","verification-evidence","True","docs/archive/progress-2026-08-22-full.md"
"Build/diagnostics/main-migration/task-9-random-stream-contract/20260820-000009/","verification-evidence","True","docs/archive/progress-2026-08-22-full.md"
"Build/diagnostics/main-migration/task-9-random-stream-contract/20260820-000009/scenario.yaml","verification-evidence","True","docs/archive/progress-2026-08-22-full.md"
"Build/diagnostics/main-migration/task-9-secret-seed-rain-repair/20260824-012000/","verification-evidence","True","docs/archive/progress-2026-08-22-full.md"
"Build/diagnostics/main-migration/task-9-server-bootstrap-boundary/20260822-005000/","verification-evidence","True","docs/archive/progress-2026-08-22-full.md"
"Build/diagnostics/main-migration/task-9-server-bootstrap-boundary/20260822-220000/","verification-evidence","True","docs/archive/progress-2026-08-22-full.md"
"Build/diagnostics/main-migration/task-9-server-tick-boundary/20260822-017000/","verification-evidence","True","docs/archive/progress-2026-08-22-full.md"
"Build/diagnostics/main-migration/task-9-server-tick-boundary/20260822-090000/","verification-evidence","True","docs/archive/progress-2026-08-22-full.md"
"Build/diagnostics/main-migration/task-9-server-tick-boundary/20260822-100000/","verification-evidence","True","docs/archive/progress-2026-08-22-full.md"
"Build/diagnostics/main-migration/task-9-slime-rain-eligibility-boundary/20260822-012000/","verification-evidence","True","docs/archive/progress-2026-08-22-full.md"
"Build/diagnostics/main-migration/task-9-slime-rain-eligibility-boundary/20260822-080000/","verification-evidence","True","docs/archive/progress-2026-08-22-full.md"
"Build/diagnostics/main-migration/task-9-slime-rain-eligibility-boundary/20260822-100000/","verification-evidence","True","docs/archive/progress-2026-08-22-full.md"
"Build/diagnostics/main-migration/task-9-slime-rain-eligibility-boundary/20260822-110000/","verification-evidence","True","docs/archive/progress-2026-08-22-full.md"
"Build/diagnostics/main-migration/task-9-slime-rain-eligibility-boundary/20260822-120000/","verification-evidence","True","docs/archive/progress-2026-08-22-full.md"
"Build/diagnostics/main-migration/task-9-static-tile-definition-boundary/20260822-013000/","verification-evidence","True","docs/archive/progress-2026-08-22-full.md"
"Build/diagnostics/main-migration/task-9-static-tile-definition-boundary/20260822-160000/","verification-evidence","True","docs/archive/progress-2026-08-22-full.md"
"Build/diagnostics/main-migration/task-9-supported-npc-definition-boundary/20260822-015000/","verification-evidence","True","docs/archive/progress-2026-08-22-full.md"
"Build/diagnostics/main-migration/task-9-supported-npc-definition-boundary/20260822-190000/","verification-evidence","True","docs/archive/progress-2026-08-22-full.md"
"Build/diagnostics/main-migration/task-9-supported-projectile-definition-boundary/20260822-014000/","verification-evidence","True","docs/archive/progress-2026-08-22-full.md"
"Build/diagnostics/main-migration/task-9-tick-order-coverage/20260820-000014/","verification-evidence","True","docs/archive/progress-2026-08-22-full.md"
"Build/diagnostics/main-migration/task-9-tick-order-coverage/20260822-080000/","verification-evidence","True","docs/archive/progress-2026-08-22-full.md"
"Build/diagnostics/main-migration/task-9-tick-order-invasion/20260821-220650/","verification-evidence","True","docs/archive/progress-2026-08-22-full.md"
"Build/diagnostics/main-migration/task-9-tick-order-world-phase-boundary/20260822-016000/","verification-evidence","True","docs/archive/progress-2026-08-22-full.md"
"Build/diagnostics/main-migration/task-9-tile-command-commit-boundary/20260822-015000/","verification-evidence","True","docs/archive/progress-2026-08-22-full.md"
"Build/diagnostics/main-migration/task-9-tile-command-commit-boundary/20260822-030000/tile-interaction-focused.txt","verification-evidence","True","docs/archive/progress-2026-08-22-full.md"
"Build/diagnostics/main-migration/task-9-tile-command-commit-boundary/20260823-040000/world-grid-focused.txt","verification-evidence","True","docs/archive/progress-2026-08-22-full.md"
"Build/diagnostics/main-migration/task-9-weather-state-model/20260820-000006/","verification-evidence","True","docs/archive/progress-2026-08-22-full.md"
"Build/diagnostics/main-migration/task-9-wiring-boundary/20260822-210000/wiring-focused.txt","verification-evidence","True","docs/archive/progress-2026-08-22-full.md"
"Build/diagnostics/main-migration/task-9-wld-clock-fraction-boundary/20260822-002106/","verification-evidence","True","docs/archive/progress-2026-08-22-full.md"
"Build/diagnostics/main-migration/task-9-wld-clock-fraction-boundary/20260822-210000/","verification-evidence","True","docs/archive/progress-2026-08-22-full.md"
"Build/diagnostics/main-migration/task-9-wld-clock-fraction-boundary/20260823-123000/","verification-evidence","True","docs/archive/progress-2026-08-22-full.md"
"Build/diagnostics/main-migration/task-9-wld-crimson-import/20260820-000000/","verification-evidence","True","docs/archive/progress-2026-08-22-full.md"
"Build/diagnostics/main-migration/task-9-wld-event-flags-import/20260820-133913/","verification-evidence","True","docs/archive/progress-2026-08-22-full.md"
"Build/diagnostics/main-migration/task-9-wld-game-mode-import/20260820-000003/","verification-evidence","True","docs/archive/progress-2026-08-22-full.md"
"Build/diagnostics/main-migration/task-9-wld-generator-version/20260824-010000/","verification-evidence","True","docs/archive/progress-2026-08-22-full.md"
"Build/diagnostics/main-migration/task-9-wld-hardmode-import/20260820-134904/","verification-evidence","True","docs/archive/progress-2026-08-22-full.md"
"Build/diagnostics/main-migration/task-9-wld-header-matrix/20260821-000017/","verification-evidence","True","docs/archive/progress-2026-08-22-full.md"
"Build/diagnostics/main-migration/task-9-wld-header-matrix/20260822-004000/","verification-evidence","True","docs/archive/progress-2026-08-22-full.md"
"Build/diagnostics/main-migration/task-9-wld-header-matrix/20260822-130000/compatibility-focused.txt","verification-evidence","True","docs/archive/progress-2026-08-22-full.md"
"Build/diagnostics/main-migration/task-9-wld-header-matrix/20260822-140000/","verification-evidence","True","docs/archive/progress-2026-08-22-full.md"
"Build/diagnostics/main-migration/task-9-wld-header-matrix/20260824-005000/","verification-evidence","True","docs/archive/progress-2026-08-22-full.md"
"Build/diagnostics/main-migration/task-9-wld-invasion-clear-flags/20260822-000856/","verification-evidence","True","docs/archive/progress-2026-08-22-full.md"
"Build/diagnostics/main-migration/task-9-wld-invasion-import/20260820-000001/","verification-evidence","True","docs/archive/progress-2026-08-22-full.md"
"Build/diagnostics/main-migration/task-9-wld-meteor-schedule-import/20260820-000004/","verification-evidence","True","docs/archive/progress-2026-08-22-full.md"
"Build/diagnostics/main-migration/task-9-wld-moon-phase-import/20260820-045545/","verification-evidence","True","docs/archive/progress-2026-08-22-full.md"
"Build/diagnostics/main-migration/task-9-wld-ore-tier-qualification/20260824-011000/","verification-evidence","True","docs/archive/progress-2026-08-22-full.md"
"Build/diagnostics/main-migration/task-9-wld-progression-facts-import/20260820-140022/","verification-evidence","True","docs/archive/progress-2026-08-22-full.md"
"Build/diagnostics/main-migration/task-9-wld-rain-import/20260820-000007/","verification-evidence","True","docs/archive/progress-2026-08-22-full.md"
"Build/diagnostics/main-migration/task-9-wld-rain-raw-metadata/20260820-000011/","verification-evidence","True","docs/archive/progress-2026-08-22-full.md"
"Build/diagnostics/main-migration/task-9-wld-rain-runtime-boundary/20260822-003000/","verification-evidence","True","docs/archive/progress-2026-08-22-full.md"
"Build/diagnostics/main-migration/task-9-wld-rain-runtime-boundary/20260822-151500/","verification-evidence","True","docs/archive/progress-2026-08-22-full.md"
"Build/diagnostics/main-migration/task-9-wld-rain-runtime-boundary/20260823-124500/","verification-evidence","True","docs/archive/progress-2026-08-22-full.md"
"Build/diagnostics/main-migration/task-9-wld-seed-text-qualification/20260824-015000/","verification-evidence","True","docs/archive/progress-2026-08-22-full.md"
"Build/diagnostics/main-migration/task-9-wld-uuid-identity/20260824-014000/","verification-evidence","True","docs/archive/progress-2026-08-22-full.md"
"Build/diagnostics/main-migration/task-9-wld-wind-import/20260820-000010/","verification-evidence","True","docs/archive/progress-2026-08-22-full.md"
"Build/diagnostics/main-migration/task-9-world-clock-representation/20260820-000008/","verification-evidence","True","docs/archive/progress-2026-08-22-full.md"
"Build/diagnostics/main-migration/task-9-world-generation-reduced/20260823-020000/","verification-evidence","True","docs/archive/progress-2026-08-22-full.md"
"Build/diagnostics/main-migration/task-9-world-object-authority/20260822-070000/","verification-evidence","True","docs/archive/progress-2026-08-22-full.md"
"Build/diagnostics/main-migration/task-9-world-object-authority/20260822-110000/","verification-evidence","True","docs/archive/progress-2026-08-22-full.md"
"Build/diagnostics/main-migration/task-9-world-object-authority/20260822-120000/","verification-evidence","True","docs/archive/progress-2026-08-22-full.md"
"Build/diagnostics/main-migration/task-9-world-path-boundary/20260822-013000/","verification-evidence","True","docs/archive/progress-2026-08-22-full.md"
"Build/diagnostics/main-migration/task-9-world-preparation-boundary/20260822-001918/","verification-evidence","True","docs/archive/progress-2026-08-22-full.md"
"Build/diagnostics/main-migration/task-9-world-rules-focused/20260822-050000/","verification-evidence","True","docs/archive/progress-2026-08-22-full.md"
"Build/diagnostics/main-migration/task-9-world-save-load-boundary/20260822-014000/","verification-evidence","True","docs/archive/progress-2026-08-22-full.md"
"Build/diagnostics/main-migration/task-9-world-save-load-boundary/20260822-040000/","verification-evidence","True","docs/archive/progress-2026-08-22-full.md"
"Build/diagnostics/main-migration/task-9-world-time-rate-authority/20260822-130821/","verification-evidence","True","docs/archive/progress-2026-08-22-full.md"
"Build/diagnostics/main-tick/current-root-recheck/20260829-170000/","verification-evidence","True","docs/server-completion/main-tick-blocked-2026-08-29.md"
"Build/diagnostics/main-tick/current-root-recheck/20260829-170000/""","stale-reference","False","docs/server-completion/completion-manifest.json"
"Build/diagnostics/main-tick/n6-recheck/20260829-070000/""","stale-reference","False","docs/server-completion/completion-manifest.json"
"Build/diagnostics/main-tick/task-0-baseline/20260825-230000/""","stale-reference","False","docs/server-completion/completion-manifest.json"
"Build/diagnostics/main-tick/task-0-baseline/20260825-230000/main-source-baseline.json","verification-evidence","True","docs/migrations/main-server-responsibility-ledger.md"
"Build/diagnostics/main-tick/task-1-bootstrap/20260824-091500/","verification-evidence","True","docs/research/2026-08-24-main-bootstrap-contract-boundary.md"
"Build/diagnostics/main-tick/task-1-entity-capacity/20260824-154500/","verification-evidence","True","docs/research/2026-08-24-main-entity-capacity-boundary.md"
"Build/diagnostics/main-tick/task-1-entity-capacity/20260824-154500/""","stale-reference","False","docs/server-completion/completion-manifest.json"
"Build/diagnostics/main-tick/task-1-entity-limits/20260824-150000/","verification-evidence","True","docs/research/2026-08-24-main-bootstrap-entity-limits-boundary.md"
"Build/diagnostics/main-tick/task-11-host-timing/20260824-133000/","verification-evidence","True","docs/research/2026-08-24-main-host-timing-boundary.md"
"Build/diagnostics/main-tick/task-11-mutation-cursors/20260829-100000/","verification-evidence","True","docs/server-completion/main-tick-review-2026-08-29.md"
"Build/diagnostics/main-tick/task-11-mutation-cursors/20260829-100000/""","stale-reference","False","docs/server-completion/completion-manifest.json"
"Build/diagnostics/main-tick/task-11-mutation-cursors/20260829-110000/","verification-evidence","True","docs/server-completion/main-tick-review-2026-08-29.md"
"Build/diagnostics/main-tick/task-11-mutation-cursors/20260829-110000/""","stale-reference","False","docs/server-completion/completion-manifest.json"
"Build/diagnostics/main-tick/task-11-mutation-cursors/20260829-120000/""","stale-reference","False","docs/server-completion/completion-manifest.json"
"Build/diagnostics/main-tick/task-11-mutation-cursors/20260829-130000/","verification-evidence","True","docs/server-completion/main-tick-review-2026-08-29.md"
"Build/diagnostics/main-tick/task-11-mutation-cursors/20260829-130000/""","stale-reference","False","docs/server-completion/completion-manifest.json"
"Build/diagnostics/main-tick/task-11-mutation-cursors/20260829-160000/","verification-evidence","True","docs/server-completion/main-tick-blocked-2026-08-29.md"
"Build/diagnostics/main-tick/task-11-mutation-cursors/20260829-160000/""","stale-reference","False","docs/server-completion/completion-manifest.json"
"Build/diagnostics/main-tick/task-11-mutation-cursors/20260829-180000/","verification-evidence","True","docs/server-completion/main-tick-blocked-2026-08-29.md"
"Build/diagnostics/main-tick/task-11-mutation-cursors/20260829-180000/""","stale-reference","False","docs/server-completion/completion-manifest.json"
"Build/diagnostics/main-tick/task-12-final-gate/20260824-140000/","verification-evidence","True","docs/research/2026-08-24-main-final-gate-boundary.md"
"Build/diagnostics/main-tick/task-12-final-gate/20260824-170000/","verification-evidence","True","docs/research/2026-08-24-main-final-gate-boundary.md"
"Build/diagnostics/main-tick/task-12-final-gate/20260824-170000/""","stale-reference","False","docs/server-completion/completion-manifest.json"
"Build/diagnostics/main-tick/task-12-gate/20260825-063000/""","stale-reference","False","docs/server-completion/completion-manifest.json"
"Build/diagnostics/main-tick/task-12-gate/20260825-063000/persistence-verifier.log","verification-evidence","True","docs/research/2026-08-24-main-final-gate-boundary.md"
"Build/diagnostics/main-tick/task-12-gate/20260825-063000/summary.txt","verification-evidence","True","docs/research/2026-08-24-main-final-gate-boundary.md"
"Build/diagnostics/main-tick/task-12-gate/20260825-070000/""","stale-reference","False","docs/server-completion/completion-manifest.json"
"Build/diagnostics/main-tick/task-12-gate/20260825-070000/persistence-loopback.log","verification-evidence","True","docs/research/2026-08-24-main-final-gate-boundary.md"
"Build/diagnostics/main-tick/task-12-gate/20260825-070000/summary.txt","verification-evidence","True","docs/research/2026-08-24-main-final-gate-boundary.md"
"Build/diagnostics/main-tick/task-12-gate/20260825-080000/""","stale-reference","False","docs/server-completion/completion-manifest.json"
"Build/diagnostics/main-tick/task-12-gate/20260825-080000/root-solution-build.log","verification-evidence","True","docs/research/2026-08-24-main-final-gate-boundary.md"
"Build/diagnostics/main-tick/task-12-gate/20260825-080000/summary.txt","verification-evidence","True","docs/research/2026-08-24-main-final-gate-boundary.md"
"Build/diagnostics/main-tick/task-12-gate/20260825-083000/summary.txt","verification-evidence","True","docs/research/2026-08-24-main-final-gate-boundary.md"
"Build/diagnostics/main-tick/task-12-gate/20260825-084000/""","stale-reference","False","docs/server-completion/completion-manifest.json"
"Build/diagnostics/main-tick/task-12-gate/20260825-084000/full-client-bootstrap.log","verification-evidence","True","docs/research/2026-08-24-main-final-gate-boundary.md"
"Build/diagnostics/main-tick/task-12-gate/20260825-084000/summary.txt","verification-evidence","True","docs/research/2026-08-24-main-final-gate-boundary.md"
"Build/diagnostics/main-tick/task-12-gate/20260825-090000/","verification-evidence","True","docs/research/2026-08-24-main-final-gate-boundary.md"
"Build/diagnostics/main-tick/task-12-gate/20260825-090000/""","stale-reference","False","docs/server-completion/completion-manifest.json"
"Build/diagnostics/main-tick/task-12-gate/20260825-140000/","verification-evidence","True","docs/research/2026-08-24-main-final-gate-boundary.md"
"Build/diagnostics/main-tick/task-12-gate/20260825-140000/""","stale-reference","False","docs/server-completion/completion-manifest.json"
"Build/diagnostics/main-tick/task-12-gate/20260825-160000/","verification-evidence","True","docs/research/2026-08-24-main-final-gate-boundary.md"
"Build/diagnostics/main-tick/task-12-gate/20260825-160000/""","stale-reference","False","docs/server-completion/completion-manifest.json"
"Build/diagnostics/main-tick/task-12-gate/20260825-180000/","verification-evidence","True","docs/research/2026-08-24-main-final-gate-boundary.md"
"Build/diagnostics/main-tick/task-12-gate/20260825-180000/""","stale-reference","False","docs/server-completion/completion-manifest.json"
"Build/diagnostics/main-tick/task-12-gate/20260825-210000/","verification-evidence","True","docs/research/2026-08-24-main-final-gate-boundary.md"
"Build/diagnostics/main-tick/task-12-gate/20260825-210000/""","stale-reference","False","docs/server-completion/completion-manifest.json"
"Build/diagnostics/main-tick/task-12-gate/20260826-000000/","verification-evidence","True","docs/research/2026-08-24-main-final-gate-boundary.md"
"Build/diagnostics/main-tick/task-12-gate/20260826-000000/""","stale-reference","False","docs/server-completion/completion-manifest.json"
"Build/diagnostics/main-tick/task-12-gate/20260827-010000/","verification-evidence","True","docs/research/2026-08-24-main-final-gate-boundary.md"
"Build/diagnostics/main-tick/task-12-gate/20260827-010000/""","stale-reference","False","docs/server-completion/completion-manifest.json"
"Build/diagnostics/main-tick/task-12-gate/20260827-030000/","verification-evidence","True","docs/research/2026-08-24-main-final-gate-boundary.md"
"Build/diagnostics/main-tick/task-12-gate/20260827-030000/""","stale-reference","False","docs/server-completion/completion-manifest.json"
"Build/diagnostics/main-tick/task-12-gate/20260827-050000/","verification-evidence","True","docs/research/2026-08-24-main-final-gate-boundary.md"
"Build/diagnostics/main-tick/task-12-gate/20260827-050000/""","stale-reference","False","docs/server-completion/completion-manifest.json"
"Build/diagnostics/main-tick/task-12-gate/20260827-070000/","verification-evidence","True","docs/research/2026-08-24-main-final-gate-boundary.md"
"Build/diagnostics/main-tick/task-12-gate/20260827-070000/""","stale-reference","False","docs/server-completion/completion-manifest.json"
"Build/diagnostics/main-tick/task-12-gate/20260827-070000/summary.txt","verification-evidence","True","docs/research/2026-08-27-main-conversion-sand-registry-boundary.md"
"Build/diagnostics/main-tick/task-12-gate/20260827-090000/","verification-evidence","True","docs/research/2026-08-24-main-final-gate-boundary.md"
"Build/diagnostics/main-tick/task-12-gate/20260827-090000/""","stale-reference","False","docs/server-completion/completion-manifest.json"
"Build/diagnostics/main-tick/task-12-gate/20260827-090000/summary.txt","verification-evidence","True","docs/research/2026-08-27-main-tree-leaf-checked-type-registry-boundary.md"
"Build/diagnostics/main-tick/task-12-gate/20260827-110000/","verification-evidence","True","docs/research/2026-08-24-main-final-gate-boundary.md"
"Build/diagnostics/main-tick/task-12-gate/20260827-110000/""","stale-reference","False","docs/server-completion/completion-manifest.json"
"Build/diagnostics/main-tick/task-12-gate/20260827-110000/summary.txt","verification-evidence","True","docs/research/2026-08-27-main-tile136-support-registries-boundary.md"
"Build/diagnostics/main-tick/task-12-gate/20260827-130000/","verification-evidence","True","docs/research/2026-08-24-main-final-gate-boundary.md"
"Build/diagnostics/main-tick/task-12-gate/20260827-130000/""","stale-reference","False","docs/server-completion/completion-manifest.json"
"Build/diagnostics/main-tick/task-12-gate/20260827-130000/summary.txt","verification-evidence","True","docs/research/2026-08-27-main-boulder-registry-boundary.md"
"Build/diagnostics/main-tick/task-12-gate/20260827-150000/","verification-evidence","True","docs/research/2026-08-24-main-final-gate-boundary.md"
"Build/diagnostics/main-tick/task-12-gate/20260827-150000/""","stale-reference","False","docs/server-completion/completion-manifest.json"
"Build/diagnostics/main-tick/task-12-gate/20260827-150000/summary.txt","verification-evidence","True","docs/research/2026-08-27-main-room-needs-registry-boundary.md"
"Build/diagnostics/main-tick/task-12-gate/20260827-170000/","verification-evidence","True","docs/research/2026-08-24-main-final-gate-boundary.md"
"Build/diagnostics/main-tick/task-12-gate/20260827-170000/""","stale-reference","False","docs/server-completion/completion-manifest.json"
"Build/diagnostics/main-tick/task-12-gate/20260827-190000/","verification-evidence","True","docs/research/2026-08-24-main-final-gate-boundary.md"
"Build/diagnostics/main-tick/task-12-gate/20260827-190000/""","stale-reference","False","docs/server-completion/completion-manifest.json"
"Build/diagnostics/main-tick/task-12-gate/20260827-190000/summary.txt","verification-evidence","True","docs/research/2026-08-27-main-tree-trunk-registry-centralization.md"
"Build/diagnostics/main-tick/task-12-gate/20260827-210000/","verification-evidence","True","docs/research/2026-08-24-main-final-gate-boundary.md"
"Build/diagnostics/main-tick/task-12-gate/20260827-210000/""","stale-reference","False","docs/server-completion/completion-manifest.json"
"Build/diagnostics/main-tick/task-12-gate/20260827-210000/summary.txt","verification-evidence","True","docs/research/2026-08-27-main-tree-trunk-registry-centralization.md"
"Build/diagnostics/main-tick/task-12-gate/20260827-230000/","verification-evidence","True","docs/research/2026-08-24-main-final-gate-boundary.md"
"Build/diagnostics/main-tick/task-12-gate/20260827-230000/""","stale-reference","False","docs/server-completion/completion-manifest.json"
"Build/diagnostics/main-tick/task-12-gate/20260827-230000/summary.txt","verification-evidence","True","docs/research/2026-08-27-main-common-sapling-registry-boundary.md"
"Build/diagnostics/main-tick/task-12-gate/20260827-250000/","verification-evidence","True","docs/research/2026-08-24-main-final-gate-boundary.md"
"Build/diagnostics/main-tick/task-12-gate/20260827-250000/""","stale-reference","False","docs/server-completion/completion-manifest.json"
"Build/diagnostics/main-tick/task-12-gate/20260827-250000/summary.txt","verification-evidence","True","docs/research/2026-08-27-main-common-sapling-registry-boundary.md"
"Build/diagnostics/main-tick/task-12-gate/20260828-010000/","verification-evidence","True","docs/research/2026-08-24-main-final-gate-boundary.md"
"Build/diagnostics/main-tick/task-12-gate/20260828-010000/""","stale-reference","False","docs/server-completion/completion-manifest.json"
"Build/diagnostics/main-tick/task-12-gate/20260828-010000/summary.txt","verification-evidence","True","docs/research/2026-08-27-main-common-sapling-registry-boundary.md"
"Build/diagnostics/main-tick/task-12-gate/20260828-030000/""","stale-reference","False","docs/server-completion/completion-manifest.json"
"Build/diagnostics/main-tick/task-12-gate/20260828-030000/root-solution-build.log","verification-evidence","True","docs/research/2026-08-24-main-solidity-override-registry-boundary.md"
"Build/diagnostics/main-tick/task-12-gate/20260828-060000/","verification-evidence","True","docs/research/2026-08-24-main-lantern-night-transition-boundary.md"
"Build/diagnostics/main-tick/task-12-gate/20260828-060000/""","stale-reference","False","docs/server-completion/completion-manifest.json"
"Build/diagnostics/main-tick/task-12-gate/20260828-080000/","verification-evidence","True","docs/research/2026-08-24-main-lantern-night-transition-boundary.md"
"Build/diagnostics/main-tick/task-12-gate/20260828-080000/""","stale-reference","False","docs/server-completion/completion-manifest.json"
"Build/diagnostics/main-tick/task-12-gate/20260828-100000/","verification-evidence","True","docs/research/2026-08-24-main-lantern-night-transition-boundary.md"
"Build/diagnostics/main-tick/task-12-gate/20260828-100000/""","stale-reference","False","docs/server-completion/completion-manifest.json"
"Build/diagnostics/main-tick/task-12-gate/20260828-120000/","verification-evidence","True","docs/research/2026-08-24-main-lantern-night-transition-boundary.md"
"Build/diagnostics/main-tick/task-12-gate/20260828-120000/""","stale-reference","False","docs/server-completion/completion-manifest.json"
"Build/diagnostics/main-tick/task-12-gate/20260828-140000/","verification-evidence","True","docs/research/2026-08-24-main-lantern-night-transition-boundary.md"
"Build/diagnostics/main-tick/task-12-gate/20260828-140000/""","stale-reference","False","docs/server-completion/completion-manifest.json"
"Build/diagnostics/main-tick/task-12-gate/20260828-150000/","verification-evidence","True","docs/research/2026-08-24-main-lantern-night-transition-boundary.md"
"Build/diagnostics/main-tick/task-12-gate/20260828-150000/""","stale-reference","False","docs/server-completion/completion-manifest.json"
"Build/diagnostics/main-tick/task-12-gate/20260828-160000/","verification-evidence","True","docs/research/2026-08-24-main-lantern-night-transition-boundary.md"
"Build/diagnostics/main-tick/task-12-gate/20260828-160000/""","stale-reference","False","docs/server-completion/completion-manifest.json"
"Build/diagnostics/main-tick/task-12-gate/20260828-210000/""","stale-reference","False","docs/server-completion/completion-manifest.json"
"Build/diagnostics/main-tick/task-12-gate/20260829-000000/""","stale-reference","False","docs/server-completion/completion-manifest.json"
"Build/diagnostics/main-tick/task-12-gate/20260829-040000/""","stale-reference","False","docs/server-completion/completion-manifest.json"
"Build/diagnostics/main-tick/task-12-gate/20260829-060000/","verification-evidence","True","docs/server-completion/main-tick-review-2026-08-29.md"
"Build/diagnostics/main-tick/task-12-gate/20260829-060000/""","stale-reference","False","docs/server-completion/completion-manifest.json"
"Build/diagnostics/main-tick/task-2-2x1-support-registry/20260825-150000/""","stale-reference","False","docs/server-completion/completion-manifest.json"
"Build/diagnostics/main-tick/task-2-2x1-support-registry/20260825-150000/simulation-build.log","verification-evidence","True","docs/research/2026-08-25-main-2x1-table-support-registry-boundary.md"
"Build/diagnostics/main-tick/task-2-2x1-support-registry/20260825-150000/summary.txt","verification-evidence","True","docs/research/2026-08-25-main-2x1-table-support-registry-boundary.md"
"Build/diagnostics/main-tick/task-2-2x1-support-registry/20260825-150000/worldgen-build.log","verification-evidence","True","docs/research/2026-08-25-main-2x1-table-support-registry-boundary.md"
"Build/diagnostics/main-tick/task-2-2x1-support-registry/20260825-150000/worldgen-verifier.log","verification-evidence","True","docs/research/2026-08-25-main-2x1-table-support-registry-boundary.md"
"Build/diagnostics/main-tick/task-2-2x2-deferred-registry/20260825-220000/""","stale-reference","False","docs/server-completion/completion-manifest.json"
"Build/diagnostics/main-tick/task-2-2x2-deferred-registry/20260825-220000/simulation-build.log","verification-evidence","True","docs/research/2026-08-25-main-2x2-deferred-registry-boundary.md"
"Build/diagnostics/main-tick/task-2-2x2-deferred-registry/20260825-220000/summary.txt","verification-evidence","True","docs/research/2026-08-25-main-2x2-deferred-registry-boundary.md"
"Build/diagnostics/main-tick/task-2-2x2-deferred-registry/20260825-220000/worldgen-build.log","verification-evidence","True","docs/research/2026-08-25-main-2x2-deferred-registry-boundary.md"
"Build/diagnostics/main-tick/task-2-2x2-deferred-registry/20260825-220000/worldgen-verifier.log","verification-evidence","True","docs/research/2026-08-25-main-2x2-deferred-registry-boundary.md"
"Build/diagnostics/main-tick/task-2-2xx-support-registry/20260825-120000/""","stale-reference","False","docs/server-completion/completion-manifest.json"
"Build/diagnostics/main-tick/task-2-2xx-support-registry/20260825-120000/simulation-build.log","verification-evidence","True","docs/research/2026-08-25-main-2xx-top-support-registry-boundary.md"
"Build/diagnostics/main-tick/task-2-2xx-support-registry/20260825-120000/summary.txt","verification-evidence","True","docs/research/2026-08-25-main-2xx-top-support-registry-boundary.md"
"Build/diagnostics/main-tick/task-2-2xx-support-registry/20260825-120000/worldgen-build.log","verification-evidence","True","docs/research/2026-08-25-main-2xx-top-support-registry-boundary.md"
"Build/diagnostics/main-tick/task-2-2xx-support-registry/20260825-120000/worldgen-verifier.log","verification-evidence","True","docs/research/2026-08-25-main-2xx-top-support-registry-boundary.md"
"Build/diagnostics/main-tick/task-2-3x2-deferred-registry/20260825-190000/""","stale-reference","False","docs/server-completion/completion-manifest.json"
"Build/diagnostics/main-tick/task-2-3x2-deferred-registry/20260825-190000/simulation-build.log","verification-evidence","True","docs/research/2026-08-25-main-3x2-deferred-registry-boundary.md"
"Build/diagnostics/main-tick/task-2-3x2-deferred-registry/20260825-190000/summary.txt","verification-evidence","True","docs/research/2026-08-25-main-3x2-deferred-registry-boundary.md"
"Build/diagnostics/main-tick/task-2-3x2-deferred-registry/20260825-190000/worldgen-build.log","verification-evidence","True","docs/research/2026-08-25-main-3x2-deferred-registry-boundary.md"
"Build/diagnostics/main-tick/task-2-3x2-deferred-registry/20260825-190000/worldgen-verifier.log","verification-evidence","True","docs/research/2026-08-25-main-3x2-deferred-registry-boundary.md"
"Build/diagnostics/main-tick/task-2-3x3-support-registry/20260825-170000/""","stale-reference","False","docs/server-completion/completion-manifest.json"
"Build/diagnostics/main-tick/task-2-3x3-support-registry/20260825-170000/simulation-build.log","verification-evidence","True","docs/research/2026-08-25-main-3x3-bottom-support-registry-boundary.md"
"Build/diagnostics/main-tick/task-2-3x3-support-registry/20260825-170000/summary.txt","verification-evidence","True","docs/research/2026-08-25-main-3x3-bottom-support-registry-boundary.md"
"Build/diagnostics/main-tick/task-2-3x3-support-registry/20260825-170000/worldgen-build.log","verification-evidence","True","docs/research/2026-08-25-main-3x3-bottom-support-registry-boundary.md"
"Build/diagnostics/main-tick/task-2-3x3-support-registry/20260825-170000/worldgen-verifier.log","verification-evidence","True","docs/research/2026-08-25-main-3x3-bottom-support-registry-boundary.md"
"Build/diagnostics/main-tick/task-2-boulder-registry/20260827-120000/""","stale-reference","False","docs/server-completion/completion-manifest.json"
"Build/diagnostics/main-tick/task-2-boulder-registry/20260827-120000/summary.txt","verification-evidence","True","docs/research/2026-08-27-main-boulder-registry-boundary.md"
"Build/diagnostics/main-tick/task-2-boulder-registry/20260827-120000/worldgen-verifier.log","verification-evidence","True","docs/research/2026-08-27-main-boulder-registry-boundary.md"
"Build/diagnostics/main-tick/task-2-cactus-ground-registry/20260827-020000/""","stale-reference","False","docs/server-completion/completion-manifest.json"
"Build/diagnostics/main-tick/task-2-cactus-ground-registry/20260827-020000/simulation-build.log","verification-evidence","True","docs/research/2026-08-27-main-cactus-ground-registry-boundary.md"
"Build/diagnostics/main-tick/task-2-cactus-ground-registry/20260827-020000/summary.txt","verification-evidence","True","docs/research/2026-08-27-main-cactus-ground-registry-boundary.md"
"Build/diagnostics/main-tick/task-2-cactus-ground-registry/20260827-020000/worldgen-build.log","verification-evidence","True","docs/research/2026-08-27-main-cactus-ground-registry-boundary.md"
"Build/diagnostics/main-tick/task-2-cactus-ground-registry/20260827-020000/worldgen-verifier.log","verification-evidence","True","docs/research/2026-08-27-main-cactus-ground-registry-boundary.md"
"Build/diagnostics/main-tick/task-2-cave-schedule-registry/20260824-234500/""","stale-reference","False","docs/server-completion/completion-manifest.json"
"Build/diagnostics/main-tick/task-2-cave-schedule-registry/20260824-234500/summary.txt","verification-evidence","True","docs/research/2026-08-24-main-cave-pass-schedule-registry-boundary.md"
"Build/diagnostics/main-tick/task-2-cave-schedule-registry/20260824-234500/verifier-build.log","verification-evidence","True","docs/research/2026-08-24-main-cave-pass-schedule-registry-boundary.md"
"Build/diagnostics/main-tick/task-2-cave-schedule-registry/20260824-234500/world-generation-verifier.log","verification-evidence","True","docs/research/2026-08-24-main-cave-pass-schedule-registry-boundary.md"
"Build/diagnostics/main-tick/task-2-clearability-registry/20260824-250000/""","stale-reference","False","docs/server-completion/completion-manifest.json"
"Build/diagnostics/main-tick/task-2-clearability-registry/20260824-250000/simulation-build.log","verification-evidence","True","docs/research/2026-08-24-main-clearability-registry-boundary.md"
"Build/diagnostics/main-tick/task-2-clearability-registry/20260824-250000/summary.txt","verification-evidence","True","docs/research/2026-08-24-main-clearability-registry-boundary.md"
"Build/diagnostics/main-tick/task-2-clearability-registry/20260824-250000/world-generation-verifier.log","verification-evidence","True","docs/research/2026-08-24-main-clearability-registry-boundary.md"
"Build/diagnostics/main-tick/task-2-coating-color-registry/20260828-230000/","verification-evidence","True","docs/research/2026-08-28-main-coating-color-registry-boundary.md"
"Build/diagnostics/main-tick/task-2-coating-color-registry/20260828-230000/""","stale-reference","False","docs/server-completion/completion-manifest.json"
"Build/diagnostics/main-tick/task-2-common-sapling-registry/20260827-220000/","verification-evidence","True","docs/research/2026-08-24-main-final-gate-boundary.md"
"Build/diagnostics/main-tick/task-2-common-sapling-registry/20260827-220000/""","stale-reference","False","docs/server-completion/completion-manifest.json"
"Build/diagnostics/main-tick/task-2-common-sapling-registry/20260827-220000/summary.txt","verification-evidence","True","docs/research/2026-08-27-main-common-sapling-registry-boundary.md"
"Build/diagnostics/main-tick/task-2-common-sapling-registry/20260827-220000/worldgen-verifier.log","verification-evidence","True","docs/research/2026-08-27-main-common-sapling-registry-boundary.md"
"Build/diagnostics/main-tick/task-2-common-sapling-registry/20260827-240000/","verification-evidence","True","docs/research/2026-08-24-main-final-gate-boundary.md"
"Build/diagnostics/main-tick/task-2-common-sapling-registry/20260827-240000/""","stale-reference","False","docs/server-completion/completion-manifest.json"
"Build/diagnostics/main-tick/task-2-common-sapling-registry/20260827-240000/summary.txt","verification-evidence","True","docs/research/2026-08-27-main-common-sapling-registry-boundary.md"
"Build/diagnostics/main-tick/task-2-common-sapling-registry/20260828-000000/","verification-evidence","True","docs/research/2026-08-24-main-final-gate-boundary.md"
"Build/diagnostics/main-tick/task-2-common-sapling-registry/20260828-000000/""","stale-reference","False","docs/server-completion/completion-manifest.json"
"Build/diagnostics/main-tick/task-2-common-sapling-registry/20260828-000000/summary.txt","verification-evidence","True","docs/research/2026-08-27-main-common-sapling-registry-boundary.md"
"Build/diagnostics/main-tick/task-2-conversion-sand-registry/20260827-060000/""","stale-reference","False","docs/server-completion/completion-manifest.json"
"Build/diagnostics/main-tick/task-2-conversion-sand-registry/20260827-060000/summary.txt","verification-evidence","True","docs/research/2026-08-27-main-conversion-sand-registry-boundary.md"
"Build/diagnostics/main-tick/task-2-conversion-sand-registry/20260827-060000/worldgen-verifier.log","verification-evidence","True","docs/research/2026-08-27-main-conversion-sand-registry-boundary.md"
"Build/diagnostics/main-tick/task-2-framing-registry/20260824-230500/""","stale-reference","False","docs/server-completion/completion-manifest.json"
"Build/diagnostics/main-tick/task-2-framing-registry/20260824-230500/simulation-build.log","verification-evidence","True","docs/research/2026-08-24-main-framing-registry-boundary.md"
"Build/diagnostics/main-tick/task-2-framing-registry/20260824-230500/summary.txt","verification-evidence","True","docs/research/2026-08-24-main-framing-registry-boundary.md"
"Build/diagnostics/main-tick/task-2-framing-registry/20260824-230500/world-generation-verifier.log","verification-evidence","True","docs/research/2026-08-24-main-framing-registry-boundary.md"
"Build/diagnostics/main-tick/task-2-hollow-tree-style-registry/20260829-020000/","verification-evidence","True","docs/research/2026-08-29-main-hollow-tree-style-registry-boundary.md"
"Build/diagnostics/main-tick/task-2-hollow-tree-style-registry/20260829-020000/""","stale-reference","False","docs/server-completion/completion-manifest.json"
"Build/diagnostics/main-tick/task-2-liquid-registries/20260824-160000/","verification-evidence","True","docs/research/2026-08-24-main-liquid-registry-boundary.md"
"Build/diagnostics/main-tick/task-2-liquid-registries/20260824-160000/""","stale-reference","False","docs/server-completion/completion-manifest.json"
"Build/diagnostics/main-tick/task-2-moss-color-registry/20260829-010000/","verification-evidence","True","docs/research/2026-08-29-main-moss-color-registry-boundary.md"
"Build/diagnostics/main-tick/task-2-moss-color-registry/20260829-010000/""","stale-reference","False","docs/server-completion/completion-manifest.json"
"Build/diagnostics/main-tick/task-2-nonsloping-registry/20260825-100000/""","stale-reference","False","docs/server-completion/completion-manifest.json"
"Build/diagnostics/main-tick/task-2-nonsloping-registry/20260825-100000/simulation-build.log","verification-evidence","True","docs/research/2026-08-25-main-non-sloping-tile-registry-boundary.md"
"Build/diagnostics/main-tick/task-2-nonsloping-registry/20260825-100000/summary.txt","verification-evidence","True","docs/research/2026-08-25-main-non-sloping-tile-registry-boundary.md"
"Build/diagnostics/main-tick/task-2-nonsloping-registry/20260825-100000/worldgen-build.log","verification-evidence","True","docs/research/2026-08-25-main-non-sloping-tile-registry-boundary.md"
"Build/diagnostics/main-tick/task-2-nonsloping-registry/20260825-100000/worldgen-verifier.log","verification-evidence","True","docs/research/2026-08-25-main-non-sloping-tile-registry-boundary.md"
"Build/diagnostics/main-tick/task-2-paint-color-registry/20260828-220000/","verification-evidence","True","docs/research/2026-08-28-main-paint-color-registry-boundary.md"
"Build/diagnostics/main-tick/task-2-paint-color-registry/20260828-220000/""","stale-reference","False","docs/server-completion/completion-manifest.json"
"Build/diagnostics/main-tick/task-2-platform-support-registry/20260825-110000/""","stale-reference","False","docs/server-completion/completion-manifest.json"
"Build/diagnostics/main-tick/task-2-platform-support-registry/20260825-110000/simulation-build.log","verification-evidence","True","docs/research/2026-08-25-main-platform-support-registry-boundary.md"
"Build/diagnostics/main-tick/task-2-platform-support-registry/20260825-110000/summary.txt","verification-evidence","True","docs/research/2026-08-25-main-platform-support-registry-boundary.md"
"Build/diagnostics/main-tick/task-2-platform-support-registry/20260825-110000/worldgen-build.log","verification-evidence","True","docs/research/2026-08-25-main-platform-support-registry-boundary.md"
"Build/diagnostics/main-tick/task-2-platform-support-registry/20260825-110000/worldgen-verifier.log","verification-evidence","True","docs/research/2026-08-25-main-platform-support-registry-boundary.md"
"Build/diagnostics/main-tick/task-2-pounding-registry/20260825-130000/""","stale-reference","False","docs/server-completion/completion-manifest.json"
"Build/diagnostics/main-tick/task-2-pounding-registry/20260825-130000/simulation-build.log","verification-evidence","True","docs/research/2026-08-25-main-pounding-registry-boundary.md"
"Build/diagnostics/main-tick/task-2-pounding-registry/20260825-130000/summary.txt","verification-evidence","True","docs/research/2026-08-25-main-pounding-registry-boundary.md"
"Build/diagnostics/main-tick/task-2-pounding-registry/20260825-130000/worldgen-build.log","verification-evidence","True","docs/research/2026-08-25-main-pounding-registry-boundary.md"
"Build/diagnostics/main-tick/task-2-pounding-registry/20260825-130000/worldgen-verifier.log","verification-evidence","True","docs/research/2026-08-25-main-pounding-registry-boundary.md"
"Build/diagnostics/main-tick/task-2-projectile-registry/20260824-151000/","verification-evidence","True","docs/research/2026-08-24-main-projectile-registry-boundary.md"
"Build/diagnostics/main-tick/task-2-pumpkin-support-registry/20260827-040000/""","stale-reference","False","docs/server-completion/completion-manifest.json"
"Build/diagnostics/main-tick/task-2-pumpkin-support-registry/20260827-040000/simulation-build.log","verification-evidence","True","docs/research/2026-08-27-main-pumpkin-support-registry-boundary.md"
"Build/diagnostics/main-tick/task-2-pumpkin-support-registry/20260827-040000/summary.txt","verification-evidence","True","docs/research/2026-08-27-main-pumpkin-support-registry-boundary.md"
"Build/diagnostics/main-tick/task-2-pumpkin-support-registry/20260827-040000/worldgen-build.log","verification-evidence","True","docs/research/2026-08-27-main-pumpkin-support-registry-boundary.md"
"Build/diagnostics/main-tick/task-2-pumpkin-support-registry/20260827-040000/worldgen-verifier.log","verification-evidence","True","docs/research/2026-08-27-main-pumpkin-support-registry-boundary.md"
"Build/diagnostics/main-tick/task-2-room-needs-registry/20260827-140000/""","stale-reference","False","docs/server-completion/completion-manifest.json"
"Build/diagnostics/main-tick/task-2-room-needs-registry/20260827-140000/summary.txt","verification-evidence","True","docs/research/2026-08-27-main-room-needs-registry-boundary.md"
"Build/diagnostics/main-tick/task-2-room-needs-registry/20260827-140000/worldgen-verifier.log","verification-evidence","True","docs/research/2026-08-27-main-room-needs-registry-boundary.md"
"Build/diagnostics/main-tick/task-2-room-needs-registry/20260827-160000/","verification-evidence","True","docs/research/2026-08-24-main-final-gate-boundary.md"
"Build/diagnostics/main-tick/task-2-room-needs-registry/20260827-160000/""","stale-reference","False","docs/server-completion/completion-manifest.json"
"Build/diagnostics/main-tick/task-2-rope-registry/20260825-030000/""","stale-reference","False","docs/server-completion/completion-manifest.json"
"Build/diagnostics/main-tick/task-2-rope-registry/20260825-030000/simulation-build.log","verification-evidence","True","docs/research/2026-08-25-main-rope-tile-registry-boundary.md"
"Build/diagnostics/main-tick/task-2-rope-registry/20260825-030000/summary.txt","verification-evidence","True","docs/research/2026-08-25-main-rope-tile-registry-boundary.md"
"Build/diagnostics/main-tick/task-2-rope-registry/20260825-030000/worldgen-build.log","verification-evidence","True","docs/research/2026-08-25-main-rope-tile-registry-boundary.md"
"Build/diagnostics/main-tick/task-2-rope-registry/20260825-030000/worldgen-verifier.log","verification-evidence","True","docs/research/2026-08-25-main-rope-tile-registry-boundary.md"
"Build/diagnostics/main-tick/task-2-solidity-override-registry/20260828-021000/""","stale-reference","False","docs/server-completion/completion-manifest.json"
"Build/diagnostics/main-tick/task-2-solidity-override-registry/20260828-021000/world-generation-build.log","verification-evidence","True","docs/research/2026-08-24-main-solidity-override-registry-boundary.md"
"Build/diagnostics/main-tick/task-2-solidity-override-registry/20260828-021000/world-generation-verifier.log","verification-evidence","True","docs/research/2026-08-24-main-solidity-override-registry-boundary.md"
"Build/diagnostics/main-tick/task-2-system-order-registry/20260824-233500/""","stale-reference","False","docs/server-completion/completion-manifest.json"
"Build/diagnostics/main-tick/task-2-system-order-registry/20260824-233500/summary.txt","verification-evidence","True","docs/research/2026-08-24-main-world-generation-order-registry-boundary.md"
"Build/diagnostics/main-tick/task-2-system-order-registry/20260824-233500/verifier-build.log","verification-evidence","True","docs/research/2026-08-24-main-world-generation-order-registry-boundary.md"
"Build/diagnostics/main-tick/task-2-system-order-registry/20260824-233500/world-generation-verifier.log","verification-evidence","True","docs/research/2026-08-24-main-world-generation-order-registry-boundary.md"
"Build/diagnostics/main-tick/task-2-tile-category-registry/20260829-030000/","verification-evidence","True","docs/research/2026-08-29-main-tile-category-registry-boundary.md"
"Build/diagnostics/main-tick/task-2-tile-category-registry/20260829-030000/""","stale-reference","False","docs/server-completion/completion-manifest.json"
"Build/diagnostics/main-tick/task-2-tile-category-registry/20260829-050000/","verification-evidence","True","docs/research/2026-08-29-main-tile-category-registry-boundary.md"
"Build/diagnostics/main-tick/task-2-tile-category-registry/20260829-050000/""","stale-reference","False","docs/server-completion/completion-manifest.json"
"Build/diagnostics/main-tick/task-2-tile-registry/20260824-220000/""","stale-reference","False","docs/server-completion/completion-manifest.json"
"Build/diagnostics/main-tick/task-2-tile-registry/20260824-220000/simulation-build.log","verification-evidence","True","docs/research/2026-08-24-main-tile-registry-boundary.md"
"Build/diagnostics/main-tick/task-2-tile-registry/20260824-220000/tile-verifier.log","verification-evidence","True","docs/research/2026-08-24-main-tile-registry-boundary.md"
"Build/diagnostics/main-tick/task-2-tile-registry/20260824-220000/world-generation-verifier.log","verification-evidence","True","docs/research/2026-08-24-main-tile-registry-boundary.md"
"Build/diagnostics/main-tick/task-2-tile-runner-loop-registry/20260824-240500/summary.txt","verification-evidence","True","docs/research/2026-08-24-main-tile-runner-loop-registry-boundary.md"
"Build/diagnostics/main-tick/task-2-tile-runner-loop-registry/20260824-240500/verifier-build.log","verification-evidence","True","docs/research/2026-08-24-main-tile-runner-loop-registry-boundary.md"
"Build/diagnostics/main-tick/task-2-tile-runner-loop-registry/20260824-241000/""","stale-reference","False","docs/server-completion/completion-manifest.json"
"Build/diagnostics/main-tick/task-2-tile-runner-loop-registry/20260824-241000/summary.txt","verification-evidence","True","docs/research/2026-08-24-main-tile-runner-loop-registry-boundary.md"
"Build/diagnostics/main-tick/task-2-tile-runner-loop-registry/20260824-241000/world-generation-verifier-rerun.log","verification-evidence","True","docs/research/2026-08-24-main-tile-runner-loop-registry-boundary.md"
"Build/diagnostics/main-tick/task-2-tile-runner-registry/20260824-235500/""","stale-reference","False","docs/server-completion/completion-manifest.json"
"Build/diagnostics/main-tick/task-2-tile-runner-registry/20260824-235500/summary.txt","verification-evidence","True","docs/research/2026-08-24-main-tile-runner-recipe-registry-boundary.md"
"Build/diagnostics/main-tick/task-2-tile-runner-registry/20260824-235500/verifier-build.log","verification-evidence","True","docs/research/2026-08-24-main-tile-runner-recipe-registry-boundary.md"
"Build/diagnostics/main-tick/task-2-tile-runner-registry/20260824-235500/world-generation-verifier.log","verification-evidence","True","docs/research/2026-08-24-main-tile-runner-recipe-registry-boundary.md"
"Build/diagnostics/main-tick/task-2-tile-runner-threshold-registry/20260824-242500/summary.txt","verification-evidence","True","docs/research/2026-08-24-main-tile-runner-threshold-registry-boundary.md"
"Build/diagnostics/main-tick/task-2-tile-runner-threshold-registry/20260824-242500/verifier-build.log","verification-evidence","True","docs/research/2026-08-24-main-tile-runner-threshold-registry-boundary.md"
"Build/diagnostics/main-tick/task-2-tile-runner-threshold-registry/20260824-244000/""","stale-reference","False","docs/server-completion/completion-manifest.json"
"Build/diagnostics/main-tick/task-2-tile-runner-threshold-registry/20260824-244000/summary.txt","verification-evidence","True","docs/research/2026-08-24-main-tile-runner-threshold-registry-boundary.md"
"Build/diagnostics/main-tick/task-2-tile-runner-threshold-registry/20260824-244000/world-generation-verifier.log","verification-evidence","True","docs/research/2026-08-24-main-tile-runner-threshold-registry-boundary.md"
"Build/diagnostics/main-tick/task-2-tile136-support-registries/20260827-100000/""","stale-reference","False","docs/server-completion/completion-manifest.json"
"Build/diagnostics/main-tick/task-2-tile136-support-registries/20260827-100000/summary.txt","verification-evidence","True","docs/research/2026-08-27-main-tile136-support-registries-boundary.md"
"Build/diagnostics/main-tick/task-2-tile136-support-registries/20260827-100000/worldgen-verifier.log","verification-evidence","True","docs/research/2026-08-27-main-tile136-support-registries-boundary.md"
"Build/diagnostics/main-tick/task-2-torch-registry/20260824-224500/""","stale-reference","False","docs/server-completion/completion-manifest.json"
"Build/diagnostics/main-tick/task-2-torch-registry/20260824-224500/simulation-build.log","verification-evidence","True","docs/research/2026-08-24-main-torch-registry-boundary.md"
"Build/diagnostics/main-tick/task-2-torch-registry/20260824-224500/summary.txt","verification-evidence","True","docs/research/2026-08-24-main-torch-registry-boundary.md"
"Build/diagnostics/main-tick/task-2-torch-registry/20260824-224500/world-generation-verifier.log","verification-evidence","True","docs/research/2026-08-24-main-torch-registry-boundary.md"
"Build/diagnostics/main-tick/task-2-town-achievement-registry/20260824-251500/""","stale-reference","False","docs/server-completion/completion-manifest.json"
"Build/diagnostics/main-tick/task-2-town-achievement-registry/20260824-251500/simulation-build.log","verification-evidence","True","docs/research/2026-08-24-main-town-achievement-registry-boundary.md"
"Build/diagnostics/main-tick/task-2-town-achievement-registry/20260824-251500/summary.txt","verification-evidence","True","docs/research/2026-08-24-main-town-achievement-registry-boundary.md"
"Build/diagnostics/main-tick/task-2-town-achievement-registry/20260824-251500/world-generation-verifier.log","verification-evidence","True","docs/research/2026-08-24-main-town-achievement-registry-boundary.md"
"Build/diagnostics/main-tick/task-2-tree-canopy-registry/20260824-255000/summary.txt","verification-evidence","True","docs/research/2026-08-24-main-tree-canopy-registry-boundary.md"
"Build/diagnostics/main-tick/task-2-tree-canopy-registry/20260824-255000/verifier-build.log","verification-evidence","True","docs/research/2026-08-24-main-tree-canopy-registry-boundary.md"
"Build/diagnostics/main-tick/task-2-tree-canopy-registry/20260824-255000/world-generation-verifier.log","verification-evidence","True","docs/research/2026-08-24-main-tree-canopy-registry-boundary.md"
"Build/diagnostics/main-tick/task-2-tree-canopy-registry/20260824-255500/""","stale-reference","False","docs/server-completion/completion-manifest.json"
"Build/diagnostics/main-tick/task-2-tree-frame-ground-registry/20260825-200000/""","stale-reference","False","docs/server-completion/completion-manifest.json"
"Build/diagnostics/main-tick/task-2-tree-frame-ground-registry/20260825-200000/simulation-build.log","verification-evidence","True","docs/research/2026-08-25-main-tree-frame-ground-registry-boundary.md"
"Build/diagnostics/main-tick/task-2-tree-frame-ground-registry/20260825-200000/summary.txt","verification-evidence","True","docs/research/2026-08-25-main-tree-frame-ground-registry-boundary.md"
"Build/diagnostics/main-tick/task-2-tree-frame-ground-registry/20260825-200000/worldgen-build.log","verification-evidence","True","docs/research/2026-08-25-main-tree-frame-ground-registry-boundary.md"
"Build/diagnostics/main-tick/task-2-tree-frame-ground-registry/20260825-200000/worldgen-verifier.log","verification-evidence","True","docs/research/2026-08-25-main-tree-frame-ground-registry-boundary.md"
"Build/diagnostics/main-tick/task-2-tree-ground-registry/20260825-040000/""","stale-reference","False","docs/server-completion/completion-manifest.json"
"Build/diagnostics/main-tick/task-2-tree-ground-registry/20260825-040000/simulation-build.log","verification-evidence","True","docs/research/2026-08-25-main-ordinary-tree-ground-registry-boundary.md"
"Build/diagnostics/main-tick/task-2-tree-ground-registry/20260825-040000/summary.txt","verification-evidence","True","docs/research/2026-08-25-main-ordinary-tree-ground-registry-boundary.md"
"Build/diagnostics/main-tick/task-2-tree-ground-registry/20260825-040000/worldgen-build.log","verification-evidence","True","docs/research/2026-08-25-main-ordinary-tree-ground-registry-boundary.md"
"Build/diagnostics/main-tick/task-2-tree-ground-registry/20260825-040000/worldgen-verifier.log","verification-evidence","True","docs/research/2026-08-25-main-ordinary-tree-ground-registry-boundary.md"
"Build/diagnostics/main-tick/task-2-tree-leaf-checked-registry/20260827-080000/""","stale-reference","False","docs/server-completion/completion-manifest.json"
"Build/diagnostics/main-tick/task-2-tree-leaf-checked-registry/20260827-080000/summary.txt","verification-evidence","True","docs/research/2026-08-27-main-tree-leaf-checked-type-registry-boundary.md"
"Build/diagnostics/main-tick/task-2-tree-leaf-checked-registry/20260827-080000/worldgen-verifier.log","verification-evidence","True","docs/research/2026-08-27-main-tree-leaf-checked-type-registry-boundary.md"
"Build/diagnostics/main-tick/task-2-tree-leaf-pass-style-registry/20260827-000000/""","stale-reference","False","docs/server-completion/completion-manifest.json"
"Build/diagnostics/main-tick/task-2-tree-leaf-pass-style-registry/20260827-000000/simulation-build.log","verification-evidence","True","docs/research/2026-08-27-main-tree-leaf-pass-style-registry-boundary.md"
"Build/diagnostics/main-tick/task-2-tree-leaf-pass-style-registry/20260827-000000/summary.txt","verification-evidence","True","docs/research/2026-08-27-main-tree-leaf-pass-style-registry-boundary.md"
"Build/diagnostics/main-tick/task-2-tree-leaf-pass-style-registry/20260827-000000/worldgen-build.log","verification-evidence","True","docs/research/2026-08-27-main-tree-leaf-pass-style-registry-boundary.md"
"Build/diagnostics/main-tick/task-2-tree-leaf-pass-style-registry/20260827-000000/worldgen-verifier.log","verification-evidence","True","docs/research/2026-08-27-main-tree-leaf-pass-style-registry-boundary.md"
"Build/diagnostics/main-tick/task-2-tree-profile-registry/20260824-231500/""","stale-reference","False","docs/server-completion/completion-manifest.json"
"Build/diagnostics/main-tick/task-2-tree-profile-registry/20260824-231500/simulation-build.log","verification-evidence","True","docs/research/2026-08-24-main-tree-profile-registry-boundary.md"
"Build/diagnostics/main-tick/task-2-tree-profile-registry/20260824-231500/summary.txt","verification-evidence","True","docs/research/2026-08-24-main-tree-profile-registry-boundary.md"
"Build/diagnostics/main-tick/task-2-tree-profile-registry/20260824-231500/world-generation-verifier.log","verification-evidence","True","docs/research/2026-08-24-main-tree-profile-registry-boundary.md"
"Build/diagnostics/main-tick/task-2-tree-trunk-centralization/20260827-180000/","verification-evidence","True","docs/research/2026-08-24-main-final-gate-boundary.md"
"Build/diagnostics/main-tick/task-2-tree-trunk-centralization/20260827-180000/""","stale-reference","False","docs/server-completion/completion-manifest.json"
"Build/diagnostics/main-tick/task-2-tree-trunk-centralization/20260827-180000/summary.txt","verification-evidence","True","docs/research/2026-08-27-main-tree-trunk-registry-centralization.md"
"Build/diagnostics/main-tick/task-2-tree-trunk-centralization/20260827-180000/wiring-verifier.log","verification-evidence","True","docs/research/2026-08-27-main-tree-trunk-registry-centralization.md"
"Build/diagnostics/main-tick/task-2-tree-trunk-centralization/20260827-200000/","verification-evidence","True","docs/research/2026-08-24-main-final-gate-boundary.md"
"Build/diagnostics/main-tick/task-2-tree-trunk-centralization/20260827-200000/""","stale-reference","False","docs/server-completion/completion-manifest.json"
"Build/diagnostics/main-tick/task-2-tree-trunk-centralization/20260827-200000/summary.txt","verification-evidence","True","docs/research/2026-08-27-main-tree-trunk-registry-centralization.md"
"Build/diagnostics/main-tick/task-2-vine-registry/20260825-230000/""","stale-reference","False","docs/server-completion/completion-manifest.json"
"Build/diagnostics/main-tick/task-2-vine-registry/20260825-230000/simulation-build.log","verification-evidence","True","docs/research/2026-08-25-main-vine-registry-boundary.md"
"Build/diagnostics/main-tick/task-2-vine-registry/20260825-230000/summary.txt","verification-evidence","True","docs/research/2026-08-25-main-vine-registry-boundary.md"
"Build/diagnostics/main-tick/task-2-vine-registry/20260825-230000/worldgen-build.log","verification-evidence","True","docs/research/2026-08-25-main-vine-registry-boundary.md"
"Build/diagnostics/main-tick/task-2-vine-registry/20260825-230000/worldgen-verifier.log","verification-evidence","True","docs/research/2026-08-25-main-vine-registry-boundary.md"
"Build/diagnostics/main-tick/task-2-wiring-actuation-registry/20260825-013000/""","stale-reference","False","docs/server-completion/completion-manifest.json"
"Build/diagnostics/main-tick/task-2-wiring-actuation-registry/20260825-013000/simulation-build.log","verification-evidence","True","docs/research/2026-08-25-main-wiring-actuation-registry-boundary.md"
"Build/diagnostics/main-tick/task-2-wiring-actuation-registry/20260825-013000/summary.txt","verification-evidence","True","docs/research/2026-08-25-main-wiring-actuation-registry-boundary.md"
"Build/diagnostics/main-tick/task-2-wiring-actuation-registry/20260825-013000/wiring-build.log","verification-evidence","True","docs/research/2026-08-25-main-wiring-actuation-registry-boundary.md"
"Build/diagnostics/main-tick/task-2-wiring-actuation-registry/20260825-013000/wiring-verifier.log","verification-evidence","True","docs/research/2026-08-25-main-wiring-actuation-registry-boundary.md"
"Build/diagnostics/main-tick/task-2-wiring-boulder-registry/20260825-004000/""","stale-reference","False","docs/server-completion/completion-manifest.json"
"Build/diagnostics/main-tick/task-2-wiring-boulder-registry/20260825-004000/simulation-build.log","verification-evidence","True","docs/research/2026-08-25-main-wiring-boulder-registry-boundary.md"
"Build/diagnostics/main-tick/task-2-wiring-boulder-registry/20260825-004000/summary.txt","verification-evidence","True","docs/research/2026-08-25-main-wiring-boulder-registry-boundary.md"
"Build/diagnostics/main-tick/task-2-wiring-boulder-registry/20260825-004000/wiring-build.log","verification-evidence","True","docs/research/2026-08-25-main-wiring-boulder-registry-boundary.md"
"Build/diagnostics/main-tick/task-2-wiring-boulder-registry/20260825-004000/wiring-verifier.log","verification-evidence","True","docs/research/2026-08-25-main-wiring-boulder-registry-boundary.md"
"Build/diagnostics/main-tick/task-2-wiring-breakability-registry/20260825-001500/""","stale-reference","False","docs/server-completion/completion-manifest.json"
"Build/diagnostics/main-tick/task-2-wiring-breakability-registry/20260825-001500/simulation-build.log","verification-evidence","True","docs/research/2026-08-25-main-wiring-breakability-registry-boundary.md"
"Build/diagnostics/main-tick/task-2-wiring-breakability-registry/20260825-001500/summary.txt","verification-evidence","True","docs/research/2026-08-25-main-wiring-breakability-registry-boundary.md"
"Build/diagnostics/main-tick/task-2-wiring-breakability-registry/20260825-001500/wiring-build.log","verification-evidence","True","docs/research/2026-08-25-main-wiring-breakability-registry-boundary.md"
"Build/diagnostics/main-tick/task-2-wiring-breakability-registry/20260825-001500/wiring-verifier.log","verification-evidence","True","docs/research/2026-08-25-main-wiring-breakability-registry-boundary.md"
"Build/diagnostics/main-tick/task-2-worldobject-registries/20260824-153000/","verification-evidence","True","docs/research/2026-08-24-main-worldobject-registry-boundary.md"
"Build/diagnostics/main-tick/task-4-clock-rate-restore/20260829-080000/""","stale-reference","False","docs/server-completion/completion-manifest.json"
"Build/diagnostics/main-tick/task-4-clock-transition/20260824-101500/","verification-evidence","True","docs/research/2026-08-24-main-clock-transition-boundary.md"
"Build/diagnostics/main-tick/task-5-environment-fact-identity/20260828-200000/","verification-evidence","True","docs/research/2026-08-24-main-environment-transition-boundary.md"
"Build/diagnostics/main-tick/task-5-environment-fact-identity/20260828-200000/""","stale-reference","False","docs/server-completion/completion-manifest.json"
"Build/diagnostics/main-tick/task-5-environment-sequence-filter/20260829-140000/","verification-evidence","True","docs/server-completion/main-tick-blocked-2026-08-29.md"
"Build/diagnostics/main-tick/task-5-environment-sequence-filter/20260829-140000/""","stale-reference","False","docs/server-completion/completion-manifest.json"
"Build/diagnostics/main-tick/task-5-environment-transition/20260824-104500/","verification-evidence","True","docs/research/2026-08-24-main-environment-transition-boundary.md"
"Build/diagnostics/main-tick/task-6-8-event-sequence-filter/20260829-150000/","verification-evidence","True","docs/server-completion/main-tick-blocked-2026-08-29.md"
"Build/diagnostics/main-tick/task-6-8-event-sequence-filter/20260829-150000/""","stale-reference","False","docs/server-completion/completion-manifest.json"
"Build/diagnostics/main-tick/task-6-event-conflict-guards/20260828-070000/","verification-evidence","True","docs/research/2026-08-24-main-lantern-night-transition-boundary.md"
"Build/diagnostics/main-tick/task-6-event-conflict-guards/20260828-070000/""","stale-reference","False","docs/server-completion/completion-manifest.json"
"Build/diagnostics/main-tick/task-6-event-fact-identity/20260828-112000/","verification-evidence","True","docs/research/2026-08-24-main-lantern-night-transition-boundary.md"
"Build/diagnostics/main-tick/task-6-event-fact-identity/20260828-112000/""","stale-reference","False","docs/server-completion/completion-manifest.json"
"Build/diagnostics/main-tick/task-6-event-sequence-identity/20260828-090000/","verification-evidence","True","docs/research/2026-08-24-main-lantern-night-transition-boundary.md"
"Build/diagnostics/main-tick/task-6-event-sequence-identity/20260828-090000/""","stale-reference","False","docs/server-completion/completion-manifest.json"
"Build/diagnostics/main-tick/task-6-lantern-fact-identity/20260828-140000/","verification-evidence","True","docs/research/2026-08-24-main-lantern-night-transition-boundary.md"
"Build/diagnostics/main-tick/task-6-lantern-fact-identity/20260828-140000/""","stale-reference","False","docs/server-completion/completion-manifest.json"
"Build/diagnostics/main-tick/task-6-lantern-fact-persistence/20260828-150000/","verification-evidence","True","docs/research/2026-08-24-main-lantern-night-transition-boundary.md"
"Build/diagnostics/main-tick/task-6-lantern-fact-persistence/20260828-150000/""","stale-reference","False","docs/server-completion/completion-manifest.json"
"Build/diagnostics/main-tick/task-6-lantern-fact-persistence/20260828-160000/","verification-evidence","True","docs/research/2026-08-24-main-lantern-night-transition-boundary.md"
"Build/diagnostics/main-tick/task-6-lantern-fact-persistence/20260828-160000/""","stale-reference","False","docs/server-completion/completion-manifest.json"
"Build/diagnostics/main-tick/task-6-lantern-night-eligibility/20260828-050000/","verification-evidence","True","docs/research/2026-08-24-main-lantern-night-transition-boundary.md"
"Build/diagnostics/main-tick/task-6-lantern-night-eligibility/20260828-050000/""","stale-reference","False","docs/server-completion/completion-manifest.json"
"Build/diagnostics/main-tick/task-6-lantern-night-eligibility/20260828-051000/""","stale-reference","False","docs/server-completion/completion-manifest.json"
"Build/diagnostics/main-tick/task-6-progression-state-preservation/20260829-090000/""","stale-reference","False","docs/server-completion/completion-manifest.json"
"Build/diagnostics/main-tick/task-6-progression-transition/20260824-111500/","verification-evidence","True","docs/research/2026-08-24-main-progression-transition-boundary.md"
"Build/diagnostics/main-tick/task-7-invasion-fact-identity/20260828-180000/","verification-evidence","True","docs/research/2026-08-24-main-invasion-transition-boundary.md"
"Build/diagnostics/main-tick/task-7-invasion-fact-identity/20260828-180000/""","stale-reference","False","docs/server-completion/completion-manifest.json"
"Build/diagnostics/main-tick/task-7-invasion-transition/20260824-114500/","verification-evidence","True","docs/research/2026-08-24-main-invasion-transition-boundary.md"
"Build/diagnostics/main-tick/task-8-lantern-night-transition/20260824-130000/","verification-evidence","True","docs/research/2026-08-24-main-lantern-night-transition-boundary.md"
"Build/diagnostics/main-tick/task-8-meteor-fact-identity/20260828-170000/","verification-evidence","True","docs/research/2026-08-24-main-meteor-transition-boundary.md"
"Build/diagnostics/main-tick/task-8-meteor-fact-identity/20260828-170000/""","stale-reference","False","docs/server-completion/completion-manifest.json"
"Build/diagnostics/main-tick/task-8-meteor-registry/20260825-020000/""","stale-reference","False","docs/server-completion/completion-manifest.json"
"Build/diagnostics/main-tick/task-8-meteor-registry/20260825-020000/simulation-build.log","verification-evidence","True","docs/research/2026-08-25-main-meteor-protected-registry-boundary.md"
"Build/diagnostics/main-tick/task-8-meteor-registry/20260825-020000/summary.txt","verification-evidence","True","docs/research/2026-08-25-main-meteor-protected-registry-boundary.md"
"Build/diagnostics/main-tick/task-8-meteor-registry/20260825-020000/worldrules-build.log","verification-evidence","True","docs/research/2026-08-25-main-meteor-protected-registry-boundary.md"
"Build/diagnostics/main-tick/task-8-meteor-registry/20260825-020000/worldrules-verifier.log","verification-evidence","True","docs/research/2026-08-25-main-meteor-protected-registry-boundary.md"
"Build/diagnostics/main-tick/task-8-meteor-registry/20260825-023000/cross-check-summary.txt","verification-evidence","True","docs/research/2026-08-25-main-meteor-protected-registry-boundary.md"
"Build/diagnostics/main-tick/task-8-meteor-registry/20260825-023000/main-boundary.log","verification-evidence","True","docs/research/2026-08-25-main-meteor-protected-registry-boundary.md"
"Build/diagnostics/main-tick/task-8-meteor-registry/20260825-023000/worldrules-loopback.log","verification-evidence","True","docs/research/2026-08-25-main-meteor-protected-registry-boundary.md"
"Build/diagnostics/main-tick/task-8-meteor-transition/20260824-120000/","verification-evidence","True","docs/research/2026-08-24-main-meteor-transition-boundary.md"
"Build/diagnostics/main-tick/task-8-slime-fact-identity/20260828-190000/","verification-evidence","True","docs/research/2026-08-24-main-slime-rain-transition-boundary.md"
"Build/diagnostics/main-tick/task-8-slime-fact-identity/20260828-190000/""","stale-reference","False","docs/server-completion/completion-manifest.json"
"Build/diagnostics/main-tick/task-8-slime-rain-transition/20260824-123000/","verification-evidence","True","docs/research/2026-08-24-main-slime-rain-transition-boundary.md"
"Build/diagnostics/message-buffer-net-message-source-manifest.json","verification-evidence","True","docs/protocol/message-buffer-net-message-status.md"
"Build/diagnostics/npc-complete/task-1-definition/20260824-134500/","verification-evidence","True","docs/research/2026-08-24-npc-definition-input-boundary.md"
"Build/diagnostics/npc-complete/task-10-interaction/20260824-030459","verification-evidence","True","docs/research/2026-08-24-npc-behavior-family-matrix.csv"
"Build/diagnostics/npc-complete/task-10-interaction/20260824-153000/","verification-evidence","True","docs/research/2026-08-24-npc-interaction-authority-boundary.md"
"Build/diagnostics/npc-complete/task-10-interaction/20260828-191347/composition-n3.9-rerun2.log","verification-evidence","True","docs/migrations/npc-field-property-ecs-migration.md"
"Build/diagnostics/npc-complete/task-10-interaction/20260828-191850/composition-n3.11-rerun.log","verification-evidence","True","docs/migrations/npc-field-property-ecs-migration.md"
"Build/diagnostics/npc-complete/task-10-interaction/20260828-192218/npc-n3.12-rerun2.log","verification-evidence","True","docs/migrations/npc-field-property-ecs-migration.md"
"Build/diagnostics/npc-complete/task-10-interaction/20260828-192453/npc-n3.13-rerun.log","verification-evidence","True","docs/migrations/npc-field-property-ecs-migration.md"
"Build/diagnostics/npc-complete/task-10-interaction/20260828-192707/npc-n3.14.log","verification-evidence","True","docs/migrations/npc-field-property-ecs-migration.md"
"Build/diagnostics/npc-complete/task-10-interaction/20260828-192853/npc-n3.15.log","verification-evidence","True","docs/migrations/npc-field-property-ecs-migration.md"
"Build/diagnostics/npc-complete/task-10-interaction/20260828-193535/npc-acquisition-runtime-rerun.log","verification-evidence","True","docs/migrations/npc-field-property-ecs-migration.md"
"Build/diagnostics/npc-complete/task-10-interaction/20260828-194035/npc-n3.17.log","verification-evidence","True","docs/migrations/npc-field-property-ecs-migration.md"
"Build/diagnostics/npc-complete/task-10-interaction/20260828-194615/npc-n3.18.log","verification-evidence","True","docs/migrations/npc-field-property-ecs-migration.md"
"Build/diagnostics/npc-complete/task-10-interaction/20260828-194809/npc-n3.19.log","verification-evidence","True","docs/migrations/npc-field-property-ecs-migration.md"
"Build/diagnostics/npc-complete/task-10-interaction/20260828-195116/npc-n3.20.log","verification-evidence","True","docs/migrations/npc-field-property-ecs-migration.md"
"Build/diagnostics/npc-complete/task-10-interaction/20260828-195355/npc-n3.21.log","verification-evidence","True","docs/migrations/npc-field-property-ecs-migration.md"
"Build/diagnostics/npc-complete/task-10-interaction/20260828-195926/npc-n3.22.log","verification-evidence","True","docs/migrations/npc-field-property-ecs-migration.md"
"Build/diagnostics/npc-complete/task-10-interaction/20260828-200114/npc-n3.23.log","verification-evidence","True","docs/migrations/npc-field-property-ecs-migration.md"
"Build/diagnostics/npc-complete/task-10-interaction/20260828-200814/npc-n3.24.log","verification-evidence","True","docs/migrations/npc-field-property-ecs-migration.md"
"Build/diagnostics/npc-complete/task-10-interaction/20260828-203000/npc-n3.25.log","verification-evidence","True","docs/migrations/npc-field-property-ecs-migration.md"
"Build/diagnostics/npc-complete/task-10-interaction/20260828-210000/","verification-evidence","True","docs/migrations/npc-field-property-ecs-migration.md"
"Build/diagnostics/npc-complete/task-10-interaction/20260828-211500/","verification-evidence","True","docs/migrations/npc-field-property-ecs-migration.md"
"Build/diagnostics/npc-complete/task-10-interaction/20260828-213000/","verification-evidence","True","docs/migrations/npc-field-property-ecs-migration.md"
"Build/diagnostics/npc-complete/task-10-interaction/20260828-220000/","verification-evidence","True","docs/migrations/npc-field-property-ecs-migration.md"
"Build/diagnostics/npc-complete/task-10-interaction/20260828-223000/","verification-evidence","True","docs/migrations/npc-field-property-ecs-migration.md"
"Build/diagnostics/npc-complete/task-10-interaction/20260828-230000/","verification-evidence","True","docs/migrations/npc-field-property-ecs-migration.md"
"Build/diagnostics/npc-complete/task-10-interaction/20260828-233000/","verification-evidence","True","docs/migrations/npc-field-property-ecs-migration.md"
"Build/diagnostics/npc-complete/task-10-interaction/20260829-*/","planned-reference","False","docs/migrations/npc-field-property-ecs-migration.md"
"Build/diagnostics/npc-complete/task-10-interaction/20260829-000500/","verification-evidence","True","docs/migrations/npc-field-property-ecs-migration.md"
"Build/diagnostics/npc-complete/task-10-interaction/20260829-003500/","verification-evidence","True","docs/migrations/npc-field-property-ecs-migration.md"
"Build/diagnostics/npc-complete/task-10-interaction/20260829-010500/","verification-evidence","True","docs/migrations/npc-field-property-ecs-migration.md"
"Build/diagnostics/npc-complete/task-10-interaction/20260829-014500/","verification-evidence","True","docs/migrations/npc-field-property-ecs-migration.md"
"Build/diagnostics/npc-complete/task-10-interaction/20260829-023000/","verification-evidence","True","docs/migrations/npc-field-property-ecs-migration.md"
"Build/diagnostics/npc-complete/task-10-interaction/20260829-040000/","verification-evidence","True","docs/migrations/npc-field-property-ecs-migration.md"
"Build/diagnostics/npc-complete/task-10-interaction/20260829-061500/","verification-evidence","True","docs/migrations/npc-field-property-ecs-migration.md"
"Build/diagnostics/npc-complete/task-10-interaction/20260829-073000/","verification-evidence","True","docs/migrations/npc-field-property-ecs-migration.md"
"Build/diagnostics/npc-complete/task-10-interaction/20260829-083000/","verification-evidence","True","docs/migrations/npc-field-property-ecs-migration.md"
"Build/diagnostics/npc-complete/task-10-interaction/20260829-093000/","verification-evidence","True","docs/migrations/npc-field-property-ecs-migration.md"
"Build/diagnostics/npc-complete/task-10-interaction/20260829-103000/","verification-evidence","True","docs/migrations/npc-field-property-ecs-migration.md"
"Build/diagnostics/npc-complete/task-10-interaction/20260829-113000/","verification-evidence","True","docs/migrations/npc-field-property-ecs-migration.md"
"Build/diagnostics/npc-complete/task-10-interaction/20260829-130000/","verification-evidence","True","docs/migrations/npc-field-property-ecs-migration.md"
"Build/diagnostics/npc-complete/task-10-interaction/20260829-133000/session-replication-n3.47.log","verification-evidence","True","docs/migrations/npc-field-property-ecs-migration.md"
"Build/diagnostics/npc-complete/task-10-interaction/20260829-150000/","verification-evidence","True","docs/migrations/npc-field-property-ecs-migration.md"
"Build/diagnostics/npc-complete/task-10-interaction/20260829-170000/","verification-evidence","True","docs/migrations/npc-field-property-ecs-migration.md"
"Build/diagnostics/npc-complete/task-10-interaction/20260829-193000/","verification-evidence","True","docs/migrations/npc-field-property-ecs-migration.md"
"Build/diagnostics/npc-complete/task-10-interaction/20260829-210000/","verification-evidence","True","docs/migrations/npc-field-property-ecs-migration.md"
"Build/diagnostics/npc-complete/task-10-interaction/20260829-230000/","verification-evidence","True","docs/migrations/npc-field-property-ecs-migration.md"
"Build/diagnostics/npc-complete/task-10-interaction/20260830-010000/","verification-evidence","True","docs/migrations/npc-field-property-ecs-migration.md"
"Build/diagnostics/npc-complete/task-10-interaction/20260830-030000/","verification-evidence","True","docs/migrations/npc-field-property-ecs-migration.md"
"Build/diagnostics/npc-complete/task-10-interaction/20260830-050000/","verification-evidence","True","docs/migrations/npc-field-property-ecs-migration.md"
"Build/diagnostics/npc-complete/task-10-interaction/20260830-070000/session-replication-current.log","verification-evidence","True","docs/migrations/npc-field-property-ecs-migration.md"
"Build/diagnostics/npc-complete/task-10-interaction/20260830-090000/player-lifecycle-current.log","verification-evidence","True","docs/migrations/npc-field-property-ecs-migration.md"
"Build/diagnostics/npc-complete/task-10-interaction/20260830-110000/","verification-evidence","True","docs/migrations/npc-field-property-ecs-migration.md"
"Build/diagnostics/npc-complete/task-10-interaction/20260830-140000/","verification-evidence","True","docs/migrations/npc-field-property-ecs-migration.md"
"Build/diagnostics/npc-complete/task-10-interaction/20260830-150000/","verification-evidence","True","docs/migrations/npc-field-property-ecs-migration.md"
"Build/diagnostics/npc-complete/task-10-interaction/20260830-153000/server-rebuild.log","verification-evidence","True","docs/migrations/npc-field-property-ecs-migration.md"
"Build/diagnostics/npc-complete/task-10-interaction/20260830-160000/","verification-evidence","True","docs/migrations/npc-field-property-ecs-migration.md"
"Build/diagnostics/npc-complete/task-10-interaction/20260830-170000/","verification-evidence","True","docs/migrations/npc-field-property-ecs-migration.md"
"Build/diagnostics/npc-complete/task-10-interaction/20260830-180000/","verification-evidence","True","docs/migrations/npc-field-property-ecs-migration.md"
"Build/diagnostics/npc-complete/task-10-interaction/20260830-190000/","verification-evidence","True","docs/migrations/npc-field-property-ecs-migration.md"
"Build/diagnostics/npc-complete/task-10-interaction/20260830-200000/","verification-evidence","True","docs/migrations/npc-field-property-ecs-migration.md"
"Build/diagnostics/npc-complete/task-10-interaction/20260830-210000/","verification-evidence","True","docs/migrations/npc-field-property-ecs-migration.md"
"Build/diagnostics/npc-complete/task-10-interaction/20260830-220000/","verification-evidence","True","docs/migrations/npc-field-property-ecs-migration.md"
"Build/diagnostics/npc-complete/task-10-interaction/20260830-230000/","verification-evidence","True","docs/migrations/npc-field-property-ecs-migration.md"
"Build/diagnostics/npc-complete/task-10-interaction/20260830-checkactive-deactivation-{red","stale-reference","False","docs/migrations/npc-field-property-ecs-migration.md"
"Build/diagnostics/npc-complete/task-10-interaction/20260830-checkactive-deactivation-final-rerun-02/","verification-evidence","True","docs/research/2026-08-30-npc-checkactive-deactivation-owner.md"
"Build/diagnostics/npc-complete/task-10-interaction/20260830-checkactive-deactivation-final/","verification-evidence","True","docs/research/2026-08-30-npc-checkactive-deactivation-owner.md"
"Build/diagnostics/npc-complete/task-10-interaction/20260830-checkactive-deactivation-final/flowstate-docs-verification-rerun.log","verification-evidence","True","docs/research/2026-08-30-npc-checkactive-deactivation-owner.md"
"Build/diagnostics/npc-complete/task-10-interaction/20260830-checkactive-keepalive-{red","stale-reference","False","docs/migrations/npc-field-property-ecs-migration.md"
"Build/diagnostics/npc-complete/task-10-interaction/20260830-checkactive-keepalive-final/","verification-evidence","True","docs/research/2026-08-30-npc-checkactive-keepalive-owner.md"
"Build/diagnostics/npc-complete/task-10-interaction/20260830-checkactive-keepalive-green/","verification-evidence","True","docs/research/2026-08-30-npc-checkactive-keepalive-owner.md"
"Build/diagnostics/npc-complete/task-10-interaction/20260830-checkactive-keepalive-red/npc-verifier-build-red.log","verification-evidence","True","docs/research/2026-08-30-npc-checkactive-keepalive-owner.md"
"Build/diagnostics/npc-complete/task-10-interaction/20260830-checkactive-pixel-range-{red","stale-reference","False","docs/migrations/npc-field-property-ecs-migration.md"
"Build/diagnostics/npc-complete/task-10-interaction/20260830-checkactive-pixel-range-green/","verification-evidence","True","docs/research/2026-08-30-npc-checkactive-pixel-range-owner.md"
"Build/diagnostics/npc-complete/task-10-interaction/20260830-checkactive-pixel-range-red/","verification-evidence","True","docs/research/2026-08-30-npc-checkactive-pixel-range-owner.md"
"Build/diagnostics/npc-complete/task-10-interaction/20260830-checkactive-player-range-audit/","verification-evidence","True","docs/research/2026-08-30-npc-checkactive-player-range-boundary.md"
"Build/diagnostics/npc-complete/task-10-interaction/20260830-checkactive-player-range-audit/checkactive-player-range-audit.log","verification-evidence","True","docs/research/2026-08-30-npc-checkactive-player-range-boundary.md"
"Build/diagnostics/npc-complete/task-10-interaction/20260830-checkactive-slot-contribution-{red","stale-reference","False","docs/migrations/npc-field-property-ecs-migration.md"
"Build/diagnostics/npc-complete/task-10-interaction/20260830-checkactive-slot-contribution-active-red/verifier-build-red.log","verification-evidence","True","docs/research/2026-08-30-npc-checkactive-slot-contribution-owner.md"
"Build/diagnostics/npc-complete/task-10-interaction/20260830-checkactive-slot-contribution-final/","verification-evidence","True","docs/research/2026-08-30-npc-checkactive-slot-contribution-owner.md"
"Build/diagnostics/npc-complete/task-10-interaction/20260830-checkactive-slot-contribution-green/","verification-evidence","True","docs/research/2026-08-30-npc-checkactive-slot-contribution-owner.md"
"Build/diagnostics/npc-complete/task-10-interaction/20260830-checkactive-slot-contribution-red/verifier-build-red.log","verification-evidence","True","docs/research/2026-08-30-npc-checkactive-slot-contribution-owner.md"
"Build/diagnostics/npc-complete/task-10-interaction/20260830-checkactive-timer-refresh-{red","stale-reference","False","docs/migrations/npc-field-property-ecs-migration.md"
"Build/diagnostics/npc-complete/task-10-interaction/20260830-checkactive-timer-refresh-final-rerun-01/","verification-evidence","True","docs/migrations/npc-field-property-ecs-migration.md"
"Build/diagnostics/npc-complete/task-10-interaction/20260830-checkactive-timer-refresh-final/","verification-evidence","True","docs/research/2026-08-30-npc-checkactive-timer-refresh-owner.md"
"Build/diagnostics/npc-complete/task-10-interaction/20260830-checkactive-worm-segments-{red","stale-reference","False","docs/migrations/npc-field-property-ecs-migration.md"
"Build/diagnostics/npc-complete/task-10-interaction/20260830-checkactive-worm-segments-green/","verification-evidence","True","docs/research/2026-08-30-npc-checkactive-worm-segment-owner.md"
"Build/diagnostics/npc-complete/task-10-interaction/20260830-checkactive-worm-segments-red/verifier-build-red.log","verification-evidence","True","docs/research/2026-08-30-npc-checkactive-worm-segment-owner.md"
"Build/diagnostics/npc-complete/task-10-interaction/20260830-checkdead-qualification-final-rerun-01/","verification-evidence","True","docs/migrations/npc-field-property-ecs-migration.md"
"Build/diagnostics/npc-complete/task-10-interaction/20260830-checkdead-special-transition-{red","stale-reference","False","docs/migrations/npc-field-property-ecs-migration.md"
"Build/diagnostics/npc-complete/task-10-interaction/20260830-checkdead-special-transition-green/","verification-evidence","True","docs/research/2026-08-30-npc-checkdead-special-transition-owner.md"
"Build/diagnostics/npc-complete/task-10-interaction/20260830-checkdead-special-transition-red/","verification-evidence","True","docs/research/2026-08-30-npc-checkdead-special-transition-owner.md"
"Build/diagnostics/npc-complete/task-10-interaction/20260830-home-search-timeout-green/","verification-evidence","True","docs/migrations/npc-field-property-ecs-migration.md"
"Build/diagnostics/npc-complete/task-10-interaction/20260830-home-search-timeout-red-rerun/verifier-build-red.log","verification-evidence","True","docs/migrations/npc-field-property-ecs-migration.md"
"Build/diagnostics/npc-complete/task-10-interaction/20260830-homeless-despawn-red/verifier-build-red.log","verification-evidence","True","docs/migrations/npc-field-property-ecs-migration.md"
"Build/diagnostics/npc-complete/task-10-interaction/20260830-homeless-despawn/","verification-evidence","True","docs/migrations/npc-field-property-ecs-migration.md"
"Build/diagnostics/npc-complete/task-10-interaction/20260830-hostile-damage/","verification-evidence","True","docs/migrations/npc-field-property-ecs-migration.md"
"Build/diagnostics/npc-complete/task-10-interaction/20260830-inactivity-lifecycle-green/","verification-evidence","True","docs/migrations/npc-field-property-ecs-migration.md"
"Build/diagnostics/npc-complete/task-10-interaction/20260830-inactivity-lifecycle-red/verifier-build-red.log","verification-evidence","True","docs/research/2026-08-30-npc-inactivity-lifecycle-boundary.md"
"Build/diagnostics/npc-complete/task-10-interaction/20260830-invasion-boss-cap-{red","stale-reference","False","docs/migrations/npc-field-property-ecs-migration.md"
"Build/diagnostics/npc-complete/task-10-interaction/20260830-lava-immunity-final-green-rerun/","verification-evidence","True","docs/migrations/npc-field-property-ecs-migration.md"
"Build/diagnostics/npc-complete/task-10-interaction/20260830-lava-immunity-red/verifier-build-red.log","verification-evidence","True","docs/migrations/npc-field-property-ecs-migration.md"
"Build/diagnostics/npc-complete/task-10-interaction/20260830-reflect-projectiles-green/","verification-evidence","True","docs/migrations/npc-field-property-ecs-migration.md"
"Build/diagnostics/npc-complete/task-10-interaction/20260830-reflect-projectiles-red/","verification-evidence","True","docs/migrations/npc-field-property-ecs-migration.md"
"Build/diagnostics/npc-complete/task-10-interaction/20260830-slot-replacement-red/","verification-evidence","True","docs/migrations/npc-field-property-ecs-migration.md"
"Build/diagnostics/npc-complete/task-10-interaction/20260830-slot-replacement/","verification-evidence","True","docs/migrations/npc-field-property-ecs-migration.md"
"Build/diagnostics/npc-complete/task-10-interaction/20260830-town-inactivity-lifecycle-{red","stale-reference","False","docs/migrations/npc-field-property-ecs-migration.md"
"Build/diagnostics/npc-complete/task-10-interaction/20260830-town-inactivity-lifecycle-red/verifier-build-red.log","verification-evidence","True","docs/research/2026-08-30-npc-town-inactivity-lifecycle-boundary.md"
"Build/diagnostics/npc-complete/task-10-interaction/20260830-type690-inactivity-audit/type690-audit.log","verification-evidence","True","docs/migrations/npc-field-property-ecs-migration.md"
"Build/diagnostics/npc-complete/task-10-interaction/20260831-000000/","verification-evidence","True","docs/migrations/npc-field-property-ecs-migration.md"
"Build/diagnostics/npc-complete/task-10-interaction/20260831-010000/","verification-evidence","True","docs/migrations/npc-field-property-ecs-migration.md"
"Build/diagnostics/npc-complete/task-10-interaction/20260831-020000/","verification-evidence","True","docs/migrations/npc-field-property-ecs-migration.md"
"Build/diagnostics/npc-complete/task-10-interaction/20260831-030000/","verification-evidence","True","docs/migrations/npc-field-property-ecs-migration.md"
"Build/diagnostics/npc-complete/task-10-interaction/20260831-040000/","verification-evidence","True","docs/migrations/npc-field-property-ecs-migration.md"
"Build/diagnostics/npc-complete/task-10-interaction/20260831-050000/","verification-evidence","True","docs/migrations/npc-field-property-ecs-migration.md"
"Build/diagnostics/npc-complete/task-10-interaction/20260831-060000/","verification-evidence","True","docs/migrations/npc-field-property-ecs-migration.md"
"Build/diagnostics/npc-complete/task-10-interaction/20260831-070000/","verification-evidence","True","docs/migrations/npc-field-property-ecs-migration.md"
"Build/diagnostics/npc-complete/task-10-interaction/20260831-090000/","verification-evidence","True","docs/migrations/npc-field-property-ecs-migration.md"
"Build/diagnostics/npc-complete/task-10-interaction/20260831-100000/","verification-evidence","True","docs/migrations/npc-field-property-ecs-migration.md"
"Build/diagnostics/npc-complete/task-10-interaction/20260831-110000/","verification-evidence","True","docs/migrations/npc-field-property-ecs-migration.md"
"Build/diagnostics/npc-complete/task-10-interaction/20260831-120000/server-rebuild.log","verification-evidence","True","docs/migrations/npc-field-property-ecs-migration.md"
"Build/diagnostics/npc-complete/task-10-interaction/20260831-130000/","verification-evidence","True","docs/migrations/npc-field-property-ecs-migration.md"
"Build/diagnostics/npc-complete/task-10-interaction/20260831-140000/","verification-evidence","True","docs/migrations/npc-field-property-ecs-migration.md"
"Build/diagnostics/npc-complete/task-10-interaction/20260831-150000/","verification-evidence","True","docs/migrations/npc-field-property-ecs-migration.md"
"Build/diagnostics/npc-complete/task-10-interaction/20260831-160000/","verification-evidence","True","docs/migrations/npc-field-property-ecs-migration.md"
"Build/diagnostics/npc-complete/task-10-interaction/20260831-180000/","verification-evidence","True","docs/migrations/npc-field-property-ecs-migration.md"
"Build/diagnostics/npc-complete/task-10-interaction/20260831-190000/npc-current-regression.log","verification-evidence","True","docs/migrations/npc-field-property-ecs-migration.md"
"Build/diagnostics/npc-complete/task-10-interaction/20260831-200000/","verification-evidence","True","docs/migrations/npc-field-property-ecs-migration.md"
"Build/diagnostics/npc-complete/task-10-interaction/20260831-210000/","verification-evidence","True","docs/migrations/npc-field-property-ecs-migration.md"
"Build/diagnostics/npc-complete/task-10-interaction/20260831-220000/","verification-evidence","True","docs/migrations/npc-field-property-ecs-migration.md"
"Build/diagnostics/npc-complete/task-10-interaction/20260831-checkdead-goodworld-projectile-{red","stale-reference","False","docs/migrations/npc-field-property-ecs-migration.md"
"Build/diagnostics/npc-complete/task-10-interaction/20260831-checkdead-goodworld-projectile-green/","verification-evidence","True","docs/research/2026-08-31-npc-checkdead-goodworld-projectile-owner.md"
"Build/diagnostics/npc-complete/task-10-interaction/20260831-checkdead-goodworld-projectile-red/","verification-evidence","True","docs/research/2026-08-31-npc-checkdead-goodworld-projectile-owner.md"
"Build/diagnostics/npc-complete/task-10-interaction/20260831-checkdead-invasion-progress-{red","stale-reference","False","docs/migrations/npc-field-property-ecs-migration.md"
"Build/diagnostics/npc-complete/task-10-interaction/20260831-checkdead-invasion-progress-green/","verification-evidence","True","docs/research/2026-08-31-npc-checkdead-invasion-progress-owner.md"
"Build/diagnostics/npc-complete/task-10-interaction/20260831-checkdead-invasion-progress-red/","verification-evidence","True","docs/research/2026-08-31-npc-checkdead-invasion-progress-owner.md"
"Build/diagnostics/npc-complete/task-10-interaction/20260831-checkdead-spawn-cycle-{red","stale-reference","False","docs/migrations/npc-field-property-ecs-migration.md"
"Build/diagnostics/npc-complete/task-10-interaction/20260831-checkdead-spawn-cycle-final/","verification-evidence","True","docs/research/2026-08-31-npc-checkdead-spawn-cycle-owner.md"
"Build/diagnostics/npc-complete/task-10-interaction/20260831-checkdead-spawn-cycle-green/","verification-evidence","True","docs/research/2026-08-31-npc-checkdead-spawn-cycle-owner.md"
"Build/diagnostics/npc-complete/task-10-interaction/20260831-checkdead-spawn-cycle-red/","verification-evidence","True","docs/research/2026-08-31-npc-checkdead-spawn-cycle-owner.md"
"Build/diagnostics/npc-complete/task-10-interaction/20260831-invasion-group-registry-{red","stale-reference","False","docs/migrations/npc-field-property-ecs-migration.md"
"Build/diagnostics/npc-complete/task-10-interaction/20260831-invasion-group-registry-final/","verification-evidence","True","docs/research/2026-08-31-npc-invasion-group-registry-owner.md"
"Build/diagnostics/npc-complete/task-10-interaction/20260831-invasion-group-registry-red/","verification-evidence","True","docs/research/2026-08-31-npc-invasion-group-registry-owner.md"
"Build/diagnostics/npc-complete/task-10-interaction/20260831-invasion-progress-command-{red","stale-reference","False","docs/migrations/npc-field-property-ecs-migration.md"
"Build/diagnostics/npc-complete/task-10-interaction/20260831-invasion-progress-command-final/","verification-evidence","True","docs/research/2026-08-31-npc-checkdead-invasion-progress-command-owner.md"
"Build/diagnostics/npc-complete/task-10-interaction/20260831-invasion-progress-command-red/","verification-evidence","True","docs/research/2026-08-31-npc-checkdead-invasion-progress-command-owner.md"
"Build/diagnostics/npc-complete/task-10-interaction/20260831-invasion-progress-pipeline-final/","verification-evidence","True","docs/research/2026-08-31-npc-death-invasion-progress-pipeline-owner.md"
"Build/diagnostics/npc-complete/task-10-interaction/20260831-tombstone-projectile-{red","stale-reference","False","docs/migrations/npc-field-property-ecs-migration.md"
"Build/diagnostics/npc-complete/task-10-interaction/20260831-tombstone-projectile-final/","verification-evidence","True","docs/research/2026-08-31-npc-tombstone-projectile-type-owner.md"
"Build/diagnostics/npc-complete/task-10-interaction/20260831-tombstone-projectile-red/","verification-evidence","True","docs/research/2026-08-31-npc-tombstone-projectile-type-owner.md"
"Build/diagnostics/npc-complete/task-10-interaction/20260901-000000/","verification-evidence","True","docs/migrations/npc-field-property-ecs-migration.md"
"Build/diagnostics/npc-complete/task-10-interaction/20260901-010000/","verification-evidence","True","docs/migrations/npc-field-property-ecs-migration.md"
"Build/diagnostics/npc-complete/task-10-interaction/20260901-020000/","verification-evidence","True","docs/migrations/npc-field-property-ecs-migration.md"
"Build/diagnostics/npc-complete/task-10-interaction/20260901-030000/","verification-evidence","True","docs/migrations/npc-field-property-ecs-migration.md"
"Build/diagnostics/npc-complete/task-10-interaction/20260901-040000/","verification-evidence","True","docs/migrations/npc-field-property-ecs-migration.md"
"Build/diagnostics/npc-complete/task-10-interaction/20260901-050000/","verification-evidence","True","docs/migrations/npc-field-property-ecs-migration.md"
"Build/diagnostics/npc-complete/task-10-interaction/20260901-060000/","verification-evidence","True","docs/migrations/npc-field-property-ecs-migration.md"
"Build/diagnostics/npc-complete/task-10-interaction/20260901-070000/","verification-evidence","True","docs/migrations/npc-field-property-ecs-migration.md"
"Build/diagnostics/npc-complete/task-10-interaction/20260901-080000/","verification-evidence","True","docs/migrations/npc-field-property-ecs-migration.md"
"Build/diagnostics/npc-complete/task-10-interaction/20260901-090000/","verification-evidence","True","docs/migrations/npc-field-property-ecs-migration.md"
"Build/diagnostics/npc-complete/task-10-interaction/20260901-100000/","verification-evidence","True","docs/migrations/npc-field-property-ecs-migration.md"
"Build/diagnostics/npc-complete/task-10-interaction/20260901-120000/","verification-evidence","True","docs/migrations/npc-field-property-ecs-migration.md"
"Build/diagnostics/npc-complete/task-10-interaction/20260901-130000/","verification-evidence","True","docs/migrations/npc-field-property-ecs-migration.md"
"Build/diagnostics/npc-complete/task-10-interaction/20260901-140000/","verification-evidence","True","docs/migrations/npc-field-property-ecs-migration.md"
"Build/diagnostics/npc-complete/task-10-interaction/20260901-150000/","verification-evidence","True","docs/migrations/npc-field-property-ecs-migration.md"
"Build/diagnostics/npc-complete/task-10-interaction/20260901-160000/","verification-evidence","True","docs/migrations/npc-field-property-ecs-migration.md"
"Build/diagnostics/npc-complete/task-10-interaction/20260901-170000/","verification-evidence","True","docs/migrations/npc-field-property-ecs-migration.md"
"Build/diagnostics/npc-complete/task-10-interaction/20260901-180000/","verification-evidence","True","docs/migrations/npc-field-property-ecs-migration.md"
"Build/diagnostics/npc-complete/task-10-interaction/20260901-190000/","verification-evidence","True","docs/migrations/npc-field-property-ecs-migration.md"
"Build/diagnostics/npc-complete/task-10-interaction/20260901-200000/","verification-evidence","True","docs/migrations/npc-field-property-ecs-migration.md"
"Build/diagnostics/npc-complete/task-10-interaction/20260901-210000/","verification-evidence","True","docs/migrations/npc-field-property-ecs-migration.md"
"Build/diagnostics/npc-complete/task-10-interaction/20260901-220000/","verification-evidence","True","docs/migrations/npc-field-property-ecs-migration.md"
"Build/diagnostics/npc-complete/task-10-interaction/20260901-230000/","verification-evidence","True","docs/migrations/npc-field-property-ecs-migration.md"
"Build/diagnostics/npc-complete/task-10-interaction/20260902-000000/","verification-evidence","True","docs/migrations/npc-field-property-ecs-migration.md"
"Build/diagnostics/npc-complete/task-10-interaction/20260902-010000/","verification-evidence","True","docs/migrations/npc-field-property-ecs-migration.md"
"Build/diagnostics/npc-complete/task-10-interaction/20260902-020000/","verification-evidence","True","docs/migrations/npc-field-property-ecs-migration.md"
"Build/diagnostics/npc-complete/task-10-interaction/20260902-060000/","verification-evidence","True","docs/migrations/npc-field-property-ecs-migration.md"
"Build/diagnostics/npc-complete/task-4-behavior-registry/20260824-064500/","verification-evidence","True","docs/research/2026-08-18-npc-migration-coverage.md"
"Build/diagnostics/npc-complete/task-4-behavior-registry/20260824-064500/npc-focused.log","verification-evidence","True","docs/research/2026-08-24-npc-behavior-registry-boundary.md"
"Build/diagnostics/npc-complete/task-4-behavior-registry/20260824-064500/simulation-build.log","verification-evidence","True","docs/research/2026-08-24-npc-behavior-registry-boundary.md"
"Build/diagnostics/npc-complete/task-4-behavior-registry/20260824-064500/summary.txt","verification-evidence","True","docs/research/2026-08-24-npc-behavior-registry-boundary.md"
"Build/diagnostics/npc-complete/task-4-behavior-registry/20260824-073000","verification-evidence","True","docs/research/2026-08-24-npc-behavior-family-matrix.csv"
"Build/diagnostics/npc-complete/task-4-behavior-registry/20260824-073000/npc-focused.log","verification-evidence","True","docs/research/2026-08-24-npc-behavior-registry-boundary.md"
"Build/diagnostics/npc-complete/task-4-behavior-registry/20260824-073000/simulation-build.log","verification-evidence","True","docs/research/2026-08-24-npc-behavior-registry-boundary.md"
"Build/diagnostics/npc-complete/task-4-behavior-registry/20260824-073000/summary.txt","verification-evidence","True","docs/research/2026-08-24-npc-behavior-registry-boundary.md"
"Build/diagnostics/npc-complete/task-5-escape/20260824-030151","verification-evidence","True","docs/research/2026-08-24-npc-behavior-family-matrix.csv"
"Build/diagnostics/npc-complete/task-5-escape/20260824-150000/","verification-evidence","True","docs/research/2026-08-24-npc-escape-despawn-boundary.md"
"Build/diagnostics/npc-complete/task-5-ranged/20260824-113000","verification-evidence","True","docs/research/2026-08-24-npc-behavior-family-matrix.csv"
"Build/diagnostics/npc-complete/task-5-ranged/20260824-113000/","verification-evidence","True","docs/research/2026-08-24-npc-ranged-cooldown-boundary.md"
"Build/diagnostics/npc-complete/task-7-segment-follow/20260824-080000/npc-focused.log","verification-evidence","True","docs/research/2026-08-24-npc-segment-follow-boundary.md"
"Build/diagnostics/npc-complete/task-7-segment-follow/20260824-080000/simulation-build.log","verification-evidence","True","docs/research/2026-08-24-npc-segment-follow-boundary.md"
"Build/diagnostics/npc-complete/task-7-segment-follow/20260824-080000/summary.txt","verification-evidence","True","docs/research/2026-08-24-npc-segment-follow-boundary.md"
"Build/diagnostics/npc-complete/task-7-segment-follow/20260824-083000","verification-evidence","True","docs/research/2026-08-24-npc-behavior-family-matrix.csv"
"Build/diagnostics/npc-complete/task-7-segment-follow/20260824-083000/composition-focused.log","verification-evidence","True","docs/research/2026-08-24-npc-segment-follow-boundary.md"
"Build/diagnostics/npc-complete/task-7-segment-follow/20260824-083000/simulation-build.log","verification-evidence","True","docs/research/2026-08-24-npc-segment-follow-boundary.md"
"Build/diagnostics/npc-complete/task-7-segment-follow/20260824-083000/summary.txt","verification-evidence","True","docs/research/2026-08-24-npc-segment-follow-boundary.md"
"Build/diagnostics/npc-complete/task-8-loot/20260824-160000/","verification-evidence","True","docs/research/2026-08-24-npc-loot-command-boundary.md"
"Build/diagnostics/npc-complete/task-9-event-spawn/20260824-033535","verification-evidence","True","docs/research/2026-08-24-npc-behavior-family-matrix.csv"
"Build/diagnostics/player-blocked-core/PB-001/20260829-specialized-mechanics-boundary/","verification-evidence","True","docs/migrations/player-blocked-core-evidence-reconciliation.md"
"Build/diagnostics/player-blocked-core/PB-002/20260829-special-movement-boundary/","verification-evidence","True","docs/migrations/player-blocked-core-evidence-reconciliation.md"
"Build/diagnostics/player-blocked-core/PB-003/20260829-inventory-mode-boundary/","verification-evidence","True","docs/migrations/player-blocked-core-evidence-reconciliation.md"
"Build/diagnostics/player-blocked-core/PB-004/20260829-environment-boundary/","verification-evidence","True","docs/migrations/player-blocked-core-evidence-reconciliation.md"
"Build/diagnostics/player-blocked-core/PB-005/20260829-luck-counter-policy/","verification-evidence","True","docs/migrations/player-blocked-core-evidence-reconciliation.md"
"Build/diagnostics/player-blocked-core/PB-006/20260829-spawn-area/","verification-evidence","True","docs/migrations/player-blocked-core-evidence-reconciliation.md"
"Build/diagnostics/player-blocked-core/PB-007/20260829-shadow-dodge/","verification-evidence","True","docs/migrations/player-blocked-core-evidence-reconciliation.md"
"Build/diagnostics/player-blocked-core/PB-008/20260829-paladin-shield-policy/","verification-evidence","True","docs/migrations/player-blocked-core-evidence-reconciliation.md"
"Build/diagnostics/player-blocked-core/PB-009/20260829-tombstone-boundary/","verification-evidence","True","docs/migrations/player-blocked-core-evidence-reconciliation.md"
"Build/diagnostics/player-blocked-core/PB-010/20260829-melee-scale-policy/","verification-evidence","True","docs/migrations/player-blocked-core-evidence-reconciliation.md"
"Build/diagnostics/player-blocked-core/PB-011/20260829-attack-cooldown/","verification-evidence","True","docs/migrations/player-blocked-core-evidence-reconciliation.md"
"Build/diagnostics/projectile-migration-20260818/verification.json","verification-evidence","True","docs/archive/progress-2026-08-22-full.md"
"Build/diagnostics/projectile/<run-id>/","planned-reference","False","docs/research/2026-08-24-projectile-lifecycle-gap-and-implementation-design.md"
"Build/diagnostics/projectile/$run""","stale-reference","False","docs/research/2026-08-24-projectile-lifecycle-gap-and-implementation-design.md"
"Build/diagnostics/projectile/lifecycle-tombstone/20260824-160000/","historical-reference","True","docs/cr/CR-2026-08-24-projectile-lifecycle-tombstone.md"
"Build/diagnostics/protocol/combat-text-string/20260824-build.log","verification-evidence","True","docs/research/2026-08-24-v1456-combat-text-string-boundary.md"
"Build/diagnostics/protocol/combat-text-string/20260824-focused.log","verification-evidence","True","docs/research/2026-08-24-v1456-combat-text-string-boundary.md"
"Build/diagnostics/protocol/crystal-invasion-send-wait-time/20260824-build.log","verification-evidence","True","docs/research/2026-08-24-v1456-crystal-invasion-send-wait-time-boundary.md"
"Build/diagnostics/protocol/crystal-invasion-send-wait-time/20260824-focused.log","verification-evidence","True","docs/research/2026-08-24-v1456-crystal-invasion-send-wait-time-boundary.md"
"Build/diagnostics/protocol/emoji/20260824-build.log","verification-evidence","True","docs/research/2026-08-24-v1456-emoji-boundary.md"
"Build/diagnostics/protocol/emoji/20260824-focused.log","verification-evidence","True","docs/research/2026-08-24-v1456-emoji-boundary.md"
"Build/diagnostics/protocol/land-golf-ball-in-cup/20260825-build.log","verification-evidence","True","docs/research/2026-08-25-v1456-land-golf-ball-in-cup-boundary.md"
"Build/diagnostics/protocol/land-golf-ball-in-cup/20260825-focused.log","verification-evidence","True","docs/research/2026-08-25-v1456-land-golf-ball-in-cup-boundary.md"
"Build/diagnostics/protocol/minion-attack-target-update/20260824-build.log","verification-evidence","True","docs/research/2026-08-24-v1456-minion-attack-target-update-boundary.md"
"Build/diagnostics/protocol/minion-attack-target-update/20260824-focused.log","verification-evidence","True","docs/research/2026-08-24-v1456-minion-attack-target-update-boundary.md"
"Build/diagnostics/protocol/player-death-v2/20260824-build.log","verification-evidence","True","docs/research/2026-08-24-v1456-player-death-v2-boundary.md"
"Build/diagnostics/protocol/player-death-v2/20260824-focused.log","verification-evidence","True","docs/research/2026-08-24-v1456-player-death-v2-boundary.md"
"Build/diagnostics/protocol/player-hurt-v2/20260824-build.log","verification-evidence","True","docs/research/2026-08-24-v1456-player-hurt-v2-boundary.md"
"Build/diagnostics/protocol/player-hurt-v2/20260824-focused.log","verification-evidence","True","docs/research/2026-08-24-v1456-player-hurt-v2-boundary.md"
"Build/diagnostics/protocol/remove-revenge-marker/20260825-build.log","verification-evidence","True","docs/research/2026-08-25-v1456-remove-revenge-marker-boundary.md"
"Build/diagnostics/protocol/remove-revenge-marker/20260825-focused.log","verification-evidence","True","docs/research/2026-08-25-v1456-remove-revenge-marker-boundary.md"
"Build/diagnostics/protocol/request-tile-entity-interaction/20260824-build.log","verification-evidence","True","docs/research/2026-08-24-v1456-request-tile-entity-interaction-boundary.md"
"Build/diagnostics/protocol/request-tile-entity-interaction/20260824-focused.log","verification-evidence","True","docs/research/2026-08-24-v1456-request-tile-entity-interaction-boundary.md"
"Build/diagnostics/protocol/sync-player-chest-location/20260824-build.log","verification-evidence","True","docs/research/2026-08-24-v1456-sync-player-chest-location-boundary.md"
"Build/diagnostics/protocol/sync-player-chest-location/20260824-focused.log","verification-evidence","True","docs/research/2026-08-24-v1456-sync-player-chest-location-boundary.md"
"Build/diagnostics/protocol/sync-revenge-marker/20260825-build.log","verification-evidence","True","docs/research/2026-08-25-v1456-sync-revenge-marker-boundary.md"
"Build/diagnostics/protocol/sync-revenge-marker/20260825-focused.log","verification-evidence","True","docs/research/2026-08-25-v1456-sync-revenge-marker-boundary.md"
"Build/diagnostics/protocol/te-display-doll-data-sync/20260824-build.log","verification-evidence","True","docs/research/2026-08-24-v1456-te-display-doll-data-sync-boundary.md"
"Build/diagnostics/protocol/te-display-doll-data-sync/20260824-focused.log","verification-evidence","True","docs/research/2026-08-24-v1456-te-display-doll-data-sync-boundary.md"
"Build/diagnostics/protocol/te-hat-rack-item-sync/20260824-build.log","verification-evidence","True","docs/research/2026-08-24-v1456-te-hat-rack-item-sync-boundary.md"
"Build/diagnostics/protocol/te-hat-rack-item-sync/20260824-focused.log","verification-evidence","True","docs/research/2026-08-24-v1456-te-hat-rack-item-sync-boundary.md"
"Build/diagnostics/protocol/weapons-rack-try-placing/20260824-build.log","verification-evidence","True","docs/research/2026-08-24-v1456-weapons-rack-try-placing-boundary.md"
"Build/diagnostics/protocol/weapons-rack-try-placing/20260824-focused.log","verification-evidence","True","docs/research/2026-08-24-v1456-weapons-rack-try-placing-boundary.md"
"Build/diagnostics/server-ecs-convergence/P-final/20260822-1643/summary.md","verification-evidence","True","docs/archive/progress-2026-08-22-full.md"
"Build/diagnostics/server-ecs-convergence/P-final/20260822-2015/focused-regression.md","verification-evidence","True","docs/archive/progress-2026-08-22-full.md"
"Build/diagnostics/server-ecs-convergence/P-final/20260822-2230/","verification-evidence","True","docs/research/2026-08-23-tile-entity-authority-qualification.md"
"Build/diagnostics/server-ecs-convergence/P-regression/20260823-0100/","historical-reference","True","docs/cr/CR-2026-08-23-build-evidence-refresh.md"
"Build/diagnostics/server-ecs-convergence/P-regression/20260823-0100/results.json","historical-reference","True","docs/cr/CR-2026-08-23-build-evidence-refresh-review.md"
"Build/diagnostics/server-ecs-convergence/P-regression/20260823-0100/summary.md","historical-reference","True","docs/cr/CR-2026-08-23-build-evidence-refresh-review.md"
"Build/diagnostics/server-ecs-convergence/P-regression/current-focused/results.json""","stale-reference","False","docs/server-completion/completion-manifest.json"
"Build/diagnostics/server-ecs-convergence/P-regression/current-full/summary-after-wellfed.json""","stale-reference","False","docs/server-completion/completion-manifest.json"
"Build/diagnostics/server-ecs-convergence/P-regression/summary-after-wellfed.json","historical-reference","True","docs/cr/CR-2026-08-23-build-evidence-refresh.md"
"Build/diagnostics/server-ecs-convergence/P4-deletion/20260822-1930/gate-run.md","verification-evidence","True","docs/archive/progress-2026-08-22-full.md"
"Build/diagnostics/server-ecs-convergence/P4-deletion/20260822-wellfed/evidence.json""","stale-reference","False","docs/server-completion/completion-manifest.json"
"Build/diagnostics/server-ecs-convergence/P4-deletion/current/ecs-owner-replacement-approval.json""","stale-reference","False","docs/worldgen/worldgen-deletion-gate.json"
"Build/diagnostics/server-ecs-convergence/P4-deletion/current/fish-drop-roller-client-only.json","verification-evidence","True","docs/migrations/version4-physical-deletion-ledger.csv"
"Build/diagnostics/server-ecs-convergence/P4-deletion/current/fish-drop-roller-client-only.json""","stale-reference","False","docs/migrations/version4-physical-deletion-ledger.csv"
"Build/diagnostics/server-ecs-convergence/P4-deletion/current/personality-shop-price-client-only.json""","stale-reference","False","docs/migrations/version4-physical-deletion-ledger.csv"
"Build/diagnostics/server-ecs-convergence/P4-deletion/current/potion-of-return-client-only.json""","stale-reference","False","docs/migrations/version4-physical-deletion-ledger.csv"
"Build/diagnostics/server-ecs-convergence/P4-deletion/current/verify-ledger.log""","stale-reference","False","docs/worldgen/worldgen-deletion-gate.json"
"Build/diagnostics/server-ecs-convergence/P5-tileentity/20260822-training-dummy-inbound-decode/trace.txt","verification-evidence","True","docs/research/2026-08-23-tile-entity-authority-qualification.md"
"Build/diagnostics/server-ecs-convergence/P5-tileentity/20260822-training-dummy-inbound-route/loopback.txt","verification-evidence","True","docs/research/2026-08-23-tile-entity-authority-qualification.md"
"Build/diagnostics/server-ecs-convergence/P5-tileentity/20260822-training-dummy-inbound-route/server-build.txt","verification-evidence","True","docs/research/2026-08-23-tile-entity-authority-qualification.md"
"Build/diagnostics/server-ecs-convergence/P5-tileentity/20260822-training-dummy-message87-direction.json","verification-evidence","True","docs/research/2026-08-23-tile-entity-authority-qualification.md"
"Build/diagnostics/server-ecs-convergence/P5-tileentity/20260822-training-dummy-message87-rejection-contract.json","verification-evidence","True","docs/research/2026-08-23-tile-entity-authority-qualification.md"
"Build/diagnostics/server-ecs-convergence/P5-tileentity/20260822-training-dummy-validity/trace.md","verification-evidence","True","docs/research/2026-08-23-tile-entity-authority-qualification.md"
"Build/diagnostics/server-ecs-convergence/P5-worldobjects/20260822-2200/trace.md","verification-evidence","True","docs/archive/progress-2026-08-22-full.md"
"Build/diagnostics/server-ecs-convergence/P9-worldgen/20260822-1900/trace.md","verification-evidence","True","docs/archive/progress-2026-08-22-full.md"
"Build/diagnostics/server-ecs-convergence/P9-worldgen/clay-boundary-20260830-01/","verification-evidence","True","docs/research/2026-08-30-worldgen-clay-boundary.md"
"Build/diagnostics/server-ecs-convergence/P9-worldgen/clay-boundary-20260830-01/focused-red-run.log","verification-evidence","True","docs/research/2026-08-30-worldgen-clay-boundary.md"
"Build/diagnostics/server-ecs-convergence/P9-worldgen/clay-boundary-20260830-03/","verification-evidence","True","docs/research/2026-08-30-worldgen-clay-boundary.md"
"Build/diagnostics/server-ecs-convergence/P9-worldgen/current-full-differential/legacy-worldgen-differential.json""","stale-reference","False","docs/worldgen/worldgen-deletion-gate.json"
"Build/diagnostics/server-ecs-convergence/P9-worldgen/current-full-differential/trace.txt","verification-evidence","True","docs/worldgen/worldgen-parity-report.md"
"Build/diagnostics/server-ecs-convergence/P9-worldgen/current-full-differential/trace.txt""","stale-reference","False","docs/worldgen/worldgen-deletion-gate.json"
"Build/diagnostics/server-ecs-convergence/P9-worldgen/current-stage-trace/stage-fingerprint-comparison.json""","stale-reference","False","docs/worldgen/worldgen-deletion-gate.json"
"Build/diagnostics/server-ecs-convergence/P9-worldgen/current-stage-trace/stage-fingerprints.json","verification-evidence","True","docs/migrations/worldgen-field-property-migration.md"
"Build/diagnostics/server-ecs-convergence/P9-worldgen/current-stage-trace/terrain-random-algorithm-gap.json""","stale-reference","False","docs/worldgen/worldgen-stage-contract.json"
"Build/diagnostics/server-ecs-convergence/P9-worldgen/current-stage-trace/worldgen-reduced-surface-history.txt""","stale-reference","False","docs/worldgen/worldgen-stage-contract.json"
"Build/diagnostics/server-ecs-convergence/P9-worldgen/dirt-in-rocks-boundary-20260830-01/focused-red-run.log","verification-evidence","True","docs/research/2026-08-30-worldgen-dirt-in-rocks-boundary.md"
"Build/diagnostics/server-ecs-convergence/P9-worldgen/dirt-in-rocks-boundary-20260830-02/","verification-evidence","True","docs/research/2026-08-30-worldgen-dirt-in-rocks-boundary.md"
"Build/diagnostics/server-ecs-convergence/P9-worldgen/dirt-in-rocks-boundary-20260830-08/dirt-in-rocks-boundary-green.json","verification-evidence","True","docs/research/2026-08-30-worldgen-dirt-in-rocks-boundary.md"
"Build/diagnostics/server-ecs-convergence/P9-worldgen/dirt-layer-caves-20260830-01/","verification-evidence","True","docs/research/2026-08-30-worldgen-dirt-layer-caves-boundary.md"
"Build/diagnostics/server-ecs-convergence/P9-worldgen/dirt-layer-caves-20260830-01/current-dirt-layer-caves-source-excerpt-20260830.txt","verification-evidence","True","docs/research/2026-08-30-worldgen-dirt-layer-caves-boundary.md"
"Build/diagnostics/server-ecs-convergence/P9-worldgen/dirt-wall-boundary-20260830-03/dirt-wall-boundary-probe-20260830-01.json","verification-evidence","True","docs/worldgen/worldgen-parity-report.md"
"Build/diagnostics/server-ecs-convergence/P9-worldgen/dirt-wall-boundary-20260830-03/dirt-wall-boundary-probe-20260830-01.json""","stale-reference","False","docs/worldgen/worldgen-deletion-gate.json"
"Build/diagnostics/server-ecs-convergence/P9-worldgen/dirt-wall-boundary-20260830-04/dirt-wall-boundary-probe-20260830-02.json","verification-evidence","True","docs/worldgen/worldgen-parity-report.md"
"Build/diagnostics/server-ecs-convergence/P9-worldgen/dirt-wall-boundary-20260830-04/dirt-wall-boundary-probe-20260830-02.json""","stale-reference","False","docs/worldgen/worldgen-deletion-gate.json"
"Build/diagnostics/server-ecs-convergence/P9-worldgen/dirt-wall-boundary-20260830-04/legacy-dirt-wall-offsets.csv""","stale-reference","False","docs/worldgen/worldgen-deletion-gate.json"
"Build/diagnostics/server-ecs-convergence/P9-worldgen/dirt-wall-boundary-20260830-04/legacy-mount-caves-snapshot.bin""","stale-reference","False","docs/worldgen/worldgen-deletion-gate.json"
"Build/diagnostics/server-ecs-convergence/P9-worldgen/dirt-wall-boundary-20260830-04/legacy-stage-trace.jsonl","verification-evidence","True","docs/worldgen/worldgen-parity-report.md"
"Build/diagnostics/server-ecs-convergence/P9-worldgen/dirt-wall-boundary-20260830-04/legacy-stage-trace.jsonl""","stale-reference","False","docs/worldgen/worldgen-deletion-gate.json"
"Build/diagnostics/server-ecs-convergence/P9-worldgen/dunes-pyramid-candidate-20260831-01/dunes-candidate-retry-determinism-green.log","verification-evidence","True","docs/research/2026-08-31-worldgen-dunes-pyramid-gate.md"
"Build/diagnostics/server-ecs-convergence/P9-worldgen/dunes-pyramid-candidate-20260831-01/dunes-candidate-retry-red.log","verification-evidence","True","docs/research/2026-08-31-worldgen-dunes-candidate-retry-boundary.md"
"Build/diagnostics/server-ecs-convergence/P9-worldgen/dunes-pyramid-candidate-20260831-01/pyramid-scan-independent-gates-green-rerun.log","verification-evidence","True","docs/research/2026-08-31-worldgen-dunes-pyramid-gate.md"
"Build/diagnostics/server-ecs-convergence/P9-worldgen/dunes-pyramid-candidate-20260831-01/pyramid-scan-independent-gates-red.log","verification-evidence","True","docs/research/2026-08-31-worldgen-pyramid-candidate-boundary.md"
"Build/diagnostics/server-ecs-convergence/P9-worldgen/dunes-pyramid-candidate-20260831-01/simulation-build-final.log","verification-evidence","True","docs/research/2026-08-31-worldgen-dunes-pyramid-gate.md"
"Build/diagnostics/server-ecs-convergence/P9-worldgen/dunes-pyramid-candidate-20260831-01/tunnels-regression.log","verification-evidence","True","docs/research/2026-08-31-worldgen-dunes-pyramid-gate.md"
"Build/diagnostics/server-ecs-convergence/P9-worldgen/mountain-caves-boundary-20260831-01/","verification-evidence","True","docs/research/2026-08-30-worldgen-surface-caves-boundary.md"
"Build/diagnostics/server-ecs-convergence/P9-worldgen/ocean-sand-boundary-20260831-02/","verification-evidence","True","docs/research/2026-08-31-worldgen-ocean-sand-boundary.md"
"Build/diagnostics/server-ecs-convergence/P9-worldgen/ocean-sand-boundary-20260831-03/","verification-evidence","True","docs/research/2026-08-31-worldgen-ocean-sand-boundary.md"
"Build/diagnostics/server-ecs-convergence/P9-worldgen/pyramid-buried-chest-intent-20260831-01/","verification-evidence","True","docs/research/2026-08-31-worldgen-pyramid-tunnel-opening.md"
"Build/diagnostics/server-ecs-convergence/P9-worldgen/pyramid-footprint-mutation-20260831-02/","verification-evidence","True","docs/research/2026-08-31-worldgen-pyramid-footprint-mutation.md"
"Build/diagnostics/server-ecs-convergence/P9-worldgen/pyramid-pre-mutation-20260831-01/pyramid-pre-mutation-red.log","verification-evidence","True","docs/research/2026-08-31-worldgen-pyramid-pre-mutation-eligibility.md"
"Build/diagnostics/server-ecs-convergence/P9-worldgen/pyramid-structure-contract-20260831-01/pyramid-structure-verifier-build.log","verification-evidence","True","docs/research/2026-08-31-worldgen-pyramid-structure-contract.md"
"Build/diagnostics/server-ecs-convergence/P9-worldgen/pyramid-structure-contract-20260831-02/","verification-evidence","True","docs/research/2026-08-31-worldgen-pyramid-structure-contract.md"
"Build/diagnostics/server-ecs-convergence/P9-worldgen/pyramid-tunnel-opening-20260831-01/","verification-evidence","True","docs/research/2026-08-31-worldgen-pyramid-tunnel-opening.md"
"Build/diagnostics/server-ecs-convergence/P9-worldgen/pyramid-wall-frame-neighbor-20260831-01/","verification-evidence","True","docs/research/2026-08-31-worldgen-pyramid-wall-frame-neighbor-boundary.md"
"Build/diagnostics/server-ecs-convergence/P9-worldgen/pyramid-wall-frame-value-mutation-20260831-01/","verification-evidence","True","docs/research/2026-08-31-worldgen-pyramid-wall-frame-evaluation-boundary.md"
"Build/diagnostics/server-ecs-convergence/P9-worldgen/pyramid-wall-framing-boundary-20260831-01/","verification-evidence","True","docs/research/2026-08-31-worldgen-pyramid-wall-framing-boundary.md"
"Build/diagnostics/server-ecs-convergence/P9-worldgen/resume-20260830-differential/cave-boundary-probe-hash-fix-20260830-01.json""","stale-reference","False","docs/worldgen/worldgen-deletion-gate.json"
"Build/diagnostics/server-ecs-convergence/P9-worldgen/resume-20260830-differential/cave-random-consistency-20260830-01.json""","stale-reference","False","docs/worldgen/worldgen-deletion-gate.json"
"Build/diagnostics/server-ecs-convergence/P9-worldgen/resume-20260830-differential/cave-random-contract-20260830-01.json","verification-evidence","True","docs/worldgen/worldgen-parity-report.md"
"Build/diagnostics/server-ecs-convergence/P9-worldgen/resume-20260830-differential/cave-random-contract-20260830-01.json""","stale-reference","False","docs/worldgen/worldgen-deletion-gate.json"
"Build/diagnostics/server-ecs-convergence/P9-worldgen/resume-20260830-differential/CheckCaveRandomTraceConsistency-20260830-01.ps1""","stale-reference","False","docs/worldgen/worldgen-deletion-gate.json"
"Build/diagnostics/server-ecs-convergence/P9-worldgen/resume-20260830-differential/legacy-pass-random-trace-20260830-01.jsonl","verification-evidence","True","docs/worldgen/worldgen-parity-report.md"
"Build/diagnostics/server-ecs-convergence/P9-worldgen/resume-20260830-differential/legacy-pass-random-trace-20260830-01.jsonl""","stale-reference","False","docs/worldgen/worldgen-deletion-gate.json"
"Build/diagnostics/server-ecs-convergence/P9-worldgen/resume-20260830-differential/worldgeneration-verifier-run-summary-20260830-01.json""","stale-reference","False","docs/worldgen/worldgen-deletion-gate.json"
"Build/diagnostics/server-ecs-convergence/P9-worldgen/rock-layer-caves-boundary-20260830-01/","verification-evidence","True","docs/research/2026-08-30-worldgen-rock-layer-caves-boundary.md"
"Build/diagnostics/server-ecs-convergence/P9-worldgen/rock-layer-caves-boundary-20260830-05/","verification-evidence","True","docs/migrations/main-field-property-ecs-migration.md"
"Build/diagnostics/server-ecs-convergence/P9-worldgen/rock-layer-caves-boundary-20260830-05/rock-layer-caves-source-contract-20260830.json","verification-evidence","True","docs/research/2026-08-30-worldgen-rock-layer-caves-boundary.md"
"Build/diagnostics/server-ecs-convergence/P9-worldgen/rock-layer-caves-boundary-20260830-07/rock-layer-caves-boundary-green.json","verification-evidence","True","docs/research/2026-08-30-worldgen-rock-layer-caves-boundary.md"
"Build/diagnostics/server-ecs-convergence/P9-worldgen/rock-layer-caves-boundary-20260830-08/","verification-evidence","True","docs/research/2026-08-30-worldgen-rock-layer-caves-boundary.md"
"Build/diagnostics/server-ecs-convergence/P9-worldgen/rocks-in-dirt-boundary-20260830-01/","verification-evidence","True","docs/research/2026-08-30-worldgen-rocks-in-dirt-boundary.md"
"Build/diagnostics/server-ecs-convergence/P9-worldgen/rocks-in-dirt-boundary-20260830-12/","verification-evidence","True","docs/research/2026-08-30-worldgen-rocks-in-dirt-boundary.md"
"Build/diagnostics/server-ecs-convergence/P9-worldgen/rocks-in-dirt-boundary-20260830-16/","verification-evidence","True","docs/research/2026-08-30-worldgen-rocks-in-dirt-boundary.md"
"Build/diagnostics/server-ecs-convergence/P9-worldgen/rocks-in-dirt-boundary-20260830-16/rocks-in-dirt-boundary-green-20260830-09.json","verification-evidence","True","docs/worldgen/worldgen-parity-report.md"
"Build/diagnostics/server-ecs-convergence/P9-worldgen/rocks-in-dirt-boundary-20260830-17/","verification-evidence","True","docs/research/2026-08-30-worldgen-rocks-in-dirt-boundary.md"
"Build/diagnostics/server-ecs-convergence/P9-worldgen/rocks-in-dirt-boundary-20260830-18/","verification-evidence","True","docs/research/2026-08-30-worldgen-rocks-in-dirt-boundary.md"
"Build/diagnostics/server-ecs-convergence/P9-worldgen/sand-patches-boundary-20260831-01/","verification-evidence","True","docs/research/2026-08-31-worldgen-pyramid-pre-mutation-eligibility.md"
"Build/diagnostics/server-ecs-convergence/P9-worldgen/sand-patches-boundary-20260831-02/","verification-evidence","True","docs/research/2026-08-31-worldgen-sand-patches-boundary.md"
"Build/diagnostics/server-ecs-convergence/P9-worldgen/skyblock-cave-guard-propagation-20260831-01/","verification-evidence","True","docs/research/2026-08-31-worldgen-wavy-caves-boundary.md"
"Build/diagnostics/server-ecs-convergence/P9-worldgen/smallholes-skyblock-guard-20260831-01/","verification-evidence","True","docs/research/2026-08-31-worldgen-wavy-caves-boundary.md"
"Build/diagnostics/server-ecs-convergence/P9-worldgen/surface-caves-boundary-20260830-01/","verification-evidence","True","docs/migrations/main-field-property-ecs-migration.md"
"Build/diagnostics/server-ecs-convergence/P9-worldgen/surface-caves-boundary-20260830-01/surface-caves-focused-red.log","verification-evidence","True","docs/research/2026-08-30-worldgen-surface-caves-boundary.md"
"Build/diagnostics/server-ecs-convergence/P9-worldgen/surface-caves-boundary-20260830-02/","verification-evidence","True","docs/worldgen/worldgen-parity-report.md"
"Build/diagnostics/server-ecs-convergence/P9-worldgen/surface-caves-boundary-20260830-02/surface-caves-focused-green-rerun.log","verification-evidence","True","docs/research/2026-08-30-worldgen-surface-caves-boundary.md"
"Build/diagnostics/server-ecs-convergence/P9-worldgen/surface-caves-boundary-20260830-02/surface-caves-source-contract-20260830.json","verification-evidence","True","docs/research/2026-08-30-worldgen-surface-caves-boundary.md"
"Build/diagnostics/server-ecs-convergence/P9-worldgen/surface-caves-boundary-20260830-02/verifier-build-green-rerun.log","verification-evidence","True","docs/research/2026-08-30-worldgen-surface-caves-boundary.md"
"Build/diagnostics/server-ecs-convergence/P9-worldgen/surface-caves-boundary-20260830-03/flowstate-docs-verifier-final.log","verification-evidence","True","docs/research/2026-08-30-worldgen-surface-caves-boundary.md"
"Build/diagnostics/server-ecs-convergence/P9-worldgen/surface-caves-boundary-20260830-03/simulation-build.log","verification-evidence","True","docs/research/2026-08-30-worldgen-surface-caves-boundary.md"
"Build/diagnostics/server-ecs-convergence/P9-worldgen/surface-caves-boundary-20260830-03/surface-caves-focused-final-rerun.log","verification-evidence","True","docs/research/2026-08-30-worldgen-surface-caves-boundary.md"
"Build/diagnostics/server-ecs-convergence/P9-worldgen/surface-caves-boundary-20260830-03/verifier-build-final-standard.log","verification-evidence","True","docs/research/2026-08-30-worldgen-surface-caves-boundary.md"
"Build/diagnostics/server-ecs-convergence/P9-worldgen/surface-caves-boundary-20260830-03/worldgeneration-verifier.log","verification-evidence","True","docs/research/2026-08-30-worldgen-surface-caves-boundary.md"
"Build/diagnostics/server-ecs-convergence/P9-worldgen/surface-caves-boundary-20260830-04/","verification-evidence","True","docs/research/2026-08-30-worldgen-surface-caves-boundary.md"
"Build/diagnostics/server-ecs-convergence/P9-worldgen/surface-caves-boundary-20260830-05/","verification-evidence","True","docs/research/2026-08-30-worldgen-surface-caves-boundary.md"
"Build/diagnostics/server-ecs-convergence/P9-worldgen/surface-desert-pyramid-20260831-01/error-world-pyramid-red.log","verification-evidence","True","docs/research/2026-08-31-worldgen-error-world-pyramid-candidate.md"
"Build/diagnostics/server-ecs-convergence/P9-worldgen/surface-desert-pyramid-20260831-01/error-world-pyramid-scan-red.log","verification-evidence","True","docs/research/2026-08-31-worldgen-error-world-pyramid-scan.md"
"Build/diagnostics/server-ecs-convergence/P9-worldgen/surface-desert-pyramid-20260831-01/surface-desert-pyramid-red.log","verification-evidence","True","docs/research/2026-08-31-worldgen-surface-desert-pyramid-candidate.md"
"Build/diagnostics/server-ecs-convergence/P9-worldgen/wavy-caves-boundary-20260831-02/","verification-evidence","True","docs/research/2026-08-31-worldgen-wavy-caves-boundary.md"
"Build/diagnostics/terraria-7777-frame-trace.log","verification-evidence","True","docs/archive/progress-2026-08-22-full.md"
"Build/diagnostics/terraria-dome-server-7778.stdout.log","verification-evidence","True","docs/server-completion/2026-08-15-initial-world-section-recovery.md"
"Build/diagnostics/test_compare_packet_traces.py","verification-evidence","True","docs/protocol/v1456-compatibility-matrix.md"
"Build/diagnostics/v1456-compatibility-20260817-140623","verification-evidence","True","docs/protocol/v1456-compatibility-matrix.md"
"Build/diagnostics/v1456-compatibility-20260817-191100-quicklaunch/client/mount-stable.json","verification-evidence","True","docs/protocol/v1456-compatibility-matrix.md"
"Build/diagnostics/v1456-compatibility-20260817-191100-quicklaunch/trace.jsonl","verification-evidence","True","docs/protocol/v1456-compatibility-matrix.md"
"Build/diagnostics/worldgen-complete/task-0-baseline/20260824-090000/","verification-evidence","True","docs/worldgen/worldgen-parity-report.md"
"Build/diagnostics/worldgen-infection-alignment-pipeline-reduced-20260830.log","verification-evidence","True","docs/migrations/worldgen-field-property-migration.md"
"Build/diagnostics/worldgen-infection-conversion-reduced-20260830.log","verification-evidence","True","docs/migrations/worldgen-field-property-migration.md"
"Build/diagnostics/worldgen-infection-conversion-registry-reduced-20260830.log","verification-evidence","True","docs/migrations/worldgen-field-property-migration.md"
"Build/diagnostics/worldgen-infection-conversion-type2-reduced-20260830.log","verification-evidence","True","docs/migrations/worldgen-field-property-migration.md"
"Build/diagnostics/worldgen-infection-conversion-type3-reduced-20260830.log","verification-evidence","True","docs/migrations/worldgen-field-property-migration.md"
"Build/diagnostics/worldgen-infection-conversion-type5-6-20260830-rerun2/","verification-evidence","True","docs/migrations/worldgen-field-property-migration.md"
"Build/diagnostics/worldgen-infection-conversion-type8-10-20260830.log","verification-evidence","True","docs/migrations/worldgen-field-property-migration.md"
"Build/evidence/","verification-evidence","True","docs/migrations/item-field-property-ecs-migration.md"
"Build/evidence/item-ecs/","verification-evidence","True","docs/migrations/item-field-property-ecs-migration.md"
"Build/evidence/item-ecs/deferred-member-audit.md","verification-evidence","True","docs/migrations/item-ecs-member-mapping.md"
"Build/evidence/item-ecs/final-manifest.json","verification-evidence","True","docs/archive/progress-2026-08-22-full.md"
"Build/evidence/item-ecs/final-verification.txt","verification-evidence","True","docs/archive/progress-2026-08-22-full.md"
"Build/evidence/item-ecs/legacy-item-reference-audit.txt","verification-evidence","True","docs/migrations/item-ecs-member-mapping.md"
"Build/evidence/item-ecs/requirements-audit.md","verification-evidence","True","docs/archive/progress-2026-08-22-full.md"
"Build/full-regression-20260819-rerun.log","historical-or-scratch","True","docs/worldgen/worldgen-parity-report.md"
"Build/full-regression-20260819-rerun.log""","historical-or-scratch","False","docs/worldgen/worldgen-deletion-gate.json"
"Build/generated","generated-output","True","docs/archive/progress-2026-08-22-full.md"
"Build/generated/Terraria.Dome.Simulation/Debug/net10.0","generated-output","True","docs/archive/progress-2026-08-22-full.md"
"Build/obj","generated-output","True","docs/archive/progress-2026-08-22-full.md"
"Build/obj/src-artifact-archive/","generated-output","True","docs/archive/progress-2026-08-22-full.md"
"Build/obj/Terraria.Dome.Simulation","generated-output","True","docs/archive/progress-2026-08-22-full.md"
"Build/packages","generated-output","True","docs/archive/progress-2026-08-22-full.md"
"Build/Tools","historical-reference","True","docs/cr/CR-2026-08-23-build-evidence-refresh.md"
"Build/Tools/GenerateItemEcsBaseline.ps1","tooling","True","docs/migrations/item-ecs-member-mapping.md"
"Build/Tools/Invoke-SerialDotnet.ps1","tooling","True","docs/flowstate/README.md"
"Build/worldgen-oracle/full-baseline-1456-repeat.config.txt""","historical-or-scratch","False","docs/worldgen/legacy-worldgen-replay.json"
"Build/worldgen-oracle/full-baseline-1456-repeat.wld""","historical-or-scratch","False","docs/worldgen/legacy-worldgen-replay.json"
"Build/worldgen-oracle/full-baseline-1456.config.txt""","historical-or-scratch","False","docs/worldgen/legacy-worldgen-replay.json"
"Build/worldgen-oracle/full-baseline-1456.wld""","historical-or-scratch","False","docs/worldgen/legacy-worldgen-replay.json"
"Build/worldgen-oracle/instrumented-same-name-full-baseline-1456.dirt-wall-offsets.csv""","historical-or-scratch","False","docs/worldgen/legacy-worldgen-replay.json"
"Build/worldgen-oracle/legacy-1456-repeat.wld""","historical-or-scratch","False","docs/worldgen/legacy-worldgen-replay-physical-reduced.json"
"Build/worldgen-oracle/legacy-1456.wld""","historical-or-scratch","False","docs/worldgen/legacy-worldgen-replay-physical-reduced.json"
"Build/worldgen-oracle/legacy-instrumented-source/Terraria.GameContent.LootSimulation.LootSimulatorConditionSetterTypes/FastConditionSetter.cs","historical-or-scratch","True","docs/migrations/version4-physical-deletion-ledger.csv"
"Build/worldgen-oracle/legacy-instrumented-source/Terraria.GameContent.LootSimulation.LootSimulatorConditionSetterTypes/LuckyCoinConditionSetter.cs","historical-or-scratch","True","docs/migrations/version4-physical-deletion-ledger.csv"
"Build/worldgen-oracle/legacy-instrumented-source/Terraria.GameContent.LootSimulation.LootSimulatorConditionSetterTypes/SlimeStaffConditionSetter.cs","historical-or-scratch","True","docs/migrations/version4-physical-deletion-ledger.csv"
"Build/worldgen-oracle/legacy-instrumented-source/Terraria.GameContent.LootSimulation.LootSimulatorConditionSetterTypes/StackedConditionSetter.cs","historical-or-scratch","True","docs/migrations/version4-physical-deletion-ledger.csv"
"Build/worldgen-oracle/legacy-instrumented-source/Terraria.GameContent.LootSimulation/ISimulationConditionSetter.cs","historical-or-scratch","True","docs/migrations/version4-physical-deletion-ledger.csv"
"Build/worldgen-oracle/legacy-instrumented-source/Terraria.GameContent.LootSimulation/LootSimulator.cs","historical-or-scratch","True","docs/migrations/version4-physical-deletion-ledger.csv"
"Build/worldgen-oracle/legacy-instrumented-source/Terraria.GameContent.LootSimulation/SimulationConditionSetters.cs","historical-or-scratch","True","docs/migrations/version4-physical-deletion-ledger.csv"
"Build/worldgen-oracle/legacy-instrumented-source/Terraria.ID/WallID.cs","historical-or-scratch","True","docs/research/2026-08-31-worldgen-pyramid-wall-frame-neighbor-boundary.md"
"Build/worldgen-oracle/legacy-instrumented-source/Terraria.Utilities/UnifiedRandom.cs","historical-or-scratch","True","docs/worldgen/worldgen-parity-report.md"
"Build/worldgen-oracle/legacy-instrumented-source/Terraria.WorldBuilding/WorldGenerator.cs:524-553","historical-or-scratch","False","docs/worldgen/worldgen-parity-report.md"
"Build/worldgen-oracle/legacy-instrumented-source/Terraria/Framing.cs","historical-or-scratch","True","docs/research/2026-08-31-worldgen-pyramid-wall-frame-evaluation-boundary.md"
"Build/worldgen-oracle/legacy-instrumented-source/Terraria/Main.cs:1994","historical-or-scratch","False","docs/research/2026-08-31-main-invasion-progress-wave.md"
"Build/worldgen-oracle/legacy-instrumented-source/Terraria/WorldGen.cs","historical-or-scratch","True","docs/research/2026-08-30-worldgen-rock-layer-caves-boundary.md"
"Build/worldgen-oracle/legacy-instrumented-source/Terraria/WorldGen.cs:11850-11911","historical-or-scratch","False","docs/research/2026-08-31-worldgen-dunes-candidate-retry-boundary.md"
"Build/worldgen-oracle/legacy-instrumented-source/Terraria/WorldGen.cs:11913-12021","historical-or-scratch","False","docs/research/2026-08-31-worldgen-ocean-sand-boundary.md"
"Build/worldgen-oracle/legacy-instrumented-source/Terraria/WorldGen.cs:12022-12052","historical-or-scratch","False","docs/research/2026-08-31-worldgen-sand-patches-boundary.md"
"Build/worldgen-oracle/legacy-instrumented-source/Terraria/WorldGen.cs:12053-12117","historical-or-scratch","False","docs/research/2026-08-31-worldgen-tunnels-boundary.md"
"Build/worldgen-oracle/legacy-instrumented-source/Terraria/WorldGen.cs:12119-12233""","historical-or-scratch","False","docs/worldgen/worldgen-deletion-gate.json"
"Build/worldgen-oracle/legacy-instrumented-source/Terraria/WorldGen.cs:12234-12263","historical-or-scratch","False","docs/research/2026-08-30-worldgen-rocks-in-dirt-boundary.md"
"Build/worldgen-oracle/legacy-instrumented-source/Terraria/WorldGen.cs:12321-12353","historical-or-scratch","False","docs/research/2026-08-30-worldgen-dirt-in-rocks-boundary.md"
"Build/worldgen-oracle/legacy-instrumented-source/Terraria/WorldGen.cs:12383-12503","historical-or-scratch","False","docs/research/2026-08-30-worldgen-clay-boundary.md"
"Build/worldgen-oracle/legacy-instrumented-source/Terraria/WorldGen.cs:12406-12446","historical-or-scratch","False","docs/research/2026-08-30-worldgen-dirt-layer-caves-boundary.md"
"Build/worldgen-oracle/legacy-instrumented-source/Terraria/WorldGen.cs:12676-12785","historical-or-scratch","False","docs/research/2026-08-30-worldgen-surface-caves-boundary.md"
"Build/worldgen-oracle/legacy-instrumented-source/Terraria/WorldGen.cs:12786-12831","historical-or-scratch","False","docs/research/2026-08-31-worldgen-wavy-caves-boundary.md"
"Build/worldgen-oracle/legacy-instrumented-source/Terraria/WorldGen.cs:12939+","historical-or-scratch","False","docs/research/2026-08-31-worldgen-grass-boundary.md"
"Build/worldgen-oracle/legacy-instrumented-source/Terraria/WorldGen.cs:13020","historical-or-scratch","False","docs/research/2026-08-31-worldgen-desert-placement-selector.md"
"Build/worldgen-oracle/legacy-instrumented-source/Terraria/WorldGen.cs:14142-14180","historical-or-scratch","False","docs/research/2026-08-31-worldgen-webs-invocation-boundary.md"
"Build/worldgen-oracle/legacy-instrumented-source/Terraria/WorldGen.cs:15970-15990","historical-or-scratch","False","docs/research/2026-08-31-worldgen-surface-desert-pyramid-candidate.md"
"Build/worldgen-oracle/legacy-instrumented-source/Terraria/WorldGen.cs:15992-16010","historical-or-scratch","False","docs/research/2026-08-31-worldgen-error-world-pyramid-candidate.md"
"Build/worldgen-oracle/legacy-instrumented-source/Terraria/WorldGen.cs:16006-16010","historical-or-scratch","False","docs/research/2026-08-31-worldgen-error-world-pyramid-scan.md"
"Build/worldgen-oracle/legacy-instrumented-source/Terraria/WorldGen.cs:28348-28391","historical-or-scratch","False","docs/research/2026-08-31-worldgen-pyramid-pre-mutation-eligibility.md"
"Build/worldgen-oracle/legacy-instrumented-source/Terraria/WorldGen.cs:28429-28466","historical-or-scratch","False","docs/research/2026-08-31-worldgen-pyramid-tunnel-opening.md"
