"RelativePath","Namespace","DeclarationCount","Bytes","Sha256","DirectReferenceCount","DirectReferences","Classification","LegacyAnchor","CurrentOwner","ComponentOrSnapshot","CommandOrCommit","PersistenceOrProtocolConsequence","Verifier","DeferredReason","Status"
"Terraria.Achievements/ConditionIntTracker.cs","Terraria.Achievements","1","104","24FDBF47F09D4C53612828B91691ED98CD330A54FF0EB10FBE725D792C60B7F6","0","","ClientOnly","","","","","","","Excluded from authoritative Simulation ownership by source namespace/role evidence.","deferred"
"Terraria.Achievements/ConditionsCompletedTracker.cs","Terraria.Achievements","1","137","CC7D3A49438753CFE796A36A2252AA222646A4CE1FC9F3C662CEBBA3E06F2011","0","","ClientOnly","","","","","","","Excluded from authoritative Simulation ownership by source namespace/role evidence.","deferred"
"Terraria.Audio/ASoundEffectBasedAudioTrack.cs","Terraria.Audio","1","143","1886C68C907B132B90EBED447E17E98504E9795E4E2937C950EFC88FF64E8A9E","0","","ClientOnly","","","","","","","Excluded from authoritative Simulation ownership by source namespace/role evidence.","deferred"
"Terraria.Audio/CueAudioTrack.cs","Terraria.Audio","1","120","F0D48498A4CADF09CE8397D64BD134C6605958BA29D82B0A48C6C064CC63DB84","0","","ClientOnly","","","","","","","Excluded from authoritative Simulation ownership by source namespace/role evidence.","deferred"
"Terraria.Audio/CustomSoundStyle.cs","Terraria.Audio","1","135","A9DBFBBE1748103DDDF9BE35B9B6BDBE652CAF4170253AD22E9CDCD586F0107D","0","","ClientOnly","","","","","","","Excluded from authoritative Simulation ownership by source namespace/role evidence.","deferred"
"Terraria.Audio/DisabledAudioSystem.cs","Terraria.Audio","1","182","7DB26E276213A45CE4965408B1A1E5FF48325AF672A13844BDC214E78ED26C2B","0","","ClientOnly","","","","","","","Excluded from authoritative Simulation ownership by source namespace/role evidence.","deferred"
"Terraria.Audio/LegacyAudioSystem.cs","Terraria.Audio","1","236","6674D99B71910110BCE0DEC825DB67CB6F276227C64385F2BB9552C58F0B7BA5","0","","ClientOnly","","","","","","","Excluded from authoritative Simulation ownership by source namespace/role evidence.","deferred"
"Terraria.Audio/MusicCueHolder.cs","Terraria.Audio","1","122","C86834F98CC93E727CB9987917D7C0633349EA9DBE5842F4B79FE7B2E4D7C1E2","0","","ClientOnly","","","","","","","Excluded from authoritative Simulation ownership by source namespace/role evidence.","deferred"
"Terraria.Audio/ProjectileAudioTracker.cs","Terraria.Audio","1","75","060E09DD1AA87F29040A18B4CAE22EEABF9C57A4F7D70711C426A31CA4177E91","0","","ClientOnly","","","","","","","Excluded from authoritative Simulation ownership by source namespace/role evidence.","deferred"
"Terraria.Audio/WAVAudioTrack.cs","Terraria.Audio","1","122","C943E05158C7FC16BBB81A2E89FB7F591AA3E425FC9CC61C95C082BC761F2878","0","","ClientOnly","","","","","","","Excluded from authoritative Simulation ownership by source namespace/role evidence.","deferred"
"Terraria.Cinematics/DD2Film.cs","Terraria.Cinematics","1","255","0CA8BA38B0CC844AF31C2E553F8FBA92A34340F3F82AD326EB01C3CF9120EA46","0","","ClientOnly","","","","","","","Excluded from authoritative Simulation ownership by source namespace/role evidence.","deferred"
"Terraria.Cinematics/DSTFilm.cs","Terraria.Cinematics","1","130","C7276AC1741569D26EF2B5576F896FC4037819502460E0FBC45338592D1BFA91","0","","ClientOnly","","","","","","","Excluded from authoritative Simulation ownership by source namespace/role evidence.","deferred"
"Terraria.DataStructures/BinaryWriterHelper.cs","Terraria.DataStructures","0","59","F5A1B1D52705A12A31BD64B821D73ADC19E17D173A7EF45D1CEFEB8CF9A14A6A","0","","SharedDefinition","","","","","","","Shared declaration/definition surface; no executable server transition is proven by the removed file.","deferred"
"Terraria.DataStructures/CompositePlayerDrawContext.cs","Terraria.DataStructures","0","39","B7A98060409F930457D871E0956C57BE1F22E4D902E220EFA4C7CFDEEB9C8D95","0","","SharedDefinition","","","","","","","Shared declaration/definition surface; no executable server transition is proven by the removed file.","deferred"
"Terraria.DataStructures/EntitySource_Buff.cs","Terraria.DataStructures","1","78","1FC4B9275A7C6611EC6C6DE20A121EA305BDFD7714E4C640820FE395FD551A82","0","","SharedDefinition","","","","","","","Shared declaration/definition surface; no executable server transition is proven by the removed file.","deferred"
"Terraria.DataStructures/EntitySource_Film.cs","Terraria.DataStructures","1","78","5EFE30107AC59CBD496239407DDFE66B83EE30A49EDA907B19DD3984CCCBAE95","0","","SharedDefinition","","","","","","","Shared declaration/definition surface; no executable server transition is proven by the removed file.","deferred"
"Terraria.DataStructures/EntitySource_Gift.cs","Terraria.DataStructures","1","78","3E19EA450E9FFE3C5ECCF551265EBDDA045BF8159A42E155B438027465881008","0","","SharedDefinition","","","","","","","Shared declaration/definition surface; no executable server transition is proven by the removed file.","deferred"
"Terraria.DataStructures/EntitySource_ItemOpen.cs","Terraria.DataStructures","1","82","0A8A46269AD3367CF17EA81E40DE8DAC3A589D3A2EBC78CD2D3DFC993C655509","0","","SharedDefinition","","","","","","","Shared declaration/definition surface; no executable server transition is proven by the removed file.","deferred"
"Terraria.DataStructures/EntitySource_OldOnesArmy.cs","Terraria.DataStructures","1","85","B90572F0B9460388E79C27C82AB5018652FC7B6A3491D80FDB581F78B2D9AB5C","0","","SharedDefinition","","","","","","","Shared declaration/definition surface; no executable server transition is proven by the removed file.","deferred"
"Terraria.DataStructures/EntitySource_ShakeTree.cs","Terraria.DataStructures","1","83","A5844B7E31315EBE1122ECDE896838AC78A0696950EBE315FF79D3D59283C40F","0","","SharedDefinition","","","","","","","Shared declaration/definition surface; no executable server transition is proven by the removed file.","deferred"
"Terraria.DataStructures/EntitySource_TileEntity.cs","Terraria.DataStructures","1","84","0C06D406A17DE8BEDE66B99F59C7029E812318CEF5C1A54D6AACD1F90FAC6506","0","","SharedDefinition","","","","","","","Shared declaration/definition surface; no executable server transition is proven by the removed file.","deferred"
"Terraria.DataStructures/EntryFilterer.cs","Terraria.DataStructures","1","948","0A9B46EFF607EFCE7AC551F4748389AB7287019B0D8FA0FAB9A79BAE43D3E321","0","","SharedDefinition","","","","","","","Shared declaration/definition surface; no executable server transition is proven by the removed file.","deferred"
"Terraria.DataStructures/ItemCreationContext.cs","Terraria.DataStructures","1","90","3675420B48AADE61D24EC811A9E111CE745FAA0494A06E0D8488166C728D6EAF","0","","SharedDefinition","","","","","","","Shared declaration/definition surface; no executable server transition is proven by the removed file.","deferred"
"Terraria.DataStructures/ItemSyncPersistentStats.cs","Terraria.DataStructures","0","73","50B8695432470BFB903CC813016AE1B7003807590AD5495804EC5DC643BEB4A8","0","","SharedDefinition","","","","","","","Shared declaration/definition surface; no executable server transition is proven by the removed file.","deferred"
"Terraria.DataStructures/JourneyDuplicationItemCreationContext.cs","Terraria.DataStructures","1","98","F16EBFF119DCFB0F002F0D7BCD87CD27C40D5F681EB5A9E80D0A704FAD576461","0","","SharedDefinition","","","","","","","Shared declaration/definition surface; no executable server transition is proven by the removed file.","deferred"
"Terraria.DataStructures/KiteFlyingInfo.cs","Terraria.DataStructures","0","39","B7A98060409F930457D871E0956C57BE1F22E4D902E220EFA4C7CFDEEB9C8D95","0","","SharedDefinition","","","","","","","Shared declaration/definition surface; no executable server transition is proven by the removed file.","deferred"
"Terraria.DataStructures/LineSegment.cs","Terraria.DataStructures","0","73","50B8695432470BFB903CC813016AE1B7003807590AD5495804EC5DC643BEB4A8","0","","SharedDefinition","","","","","","","Shared declaration/definition surface; no executable server transition is proven by the removed file.","deferred"
"Terraria.DataStructures/MethodSequenceListItem.cs","Terraria.DataStructures","1","136","C54DBC8EB734FACA293A90FD6D37C4EBB463346204469B2679A54CE9D8055C5E","0","","SharedDefinition","","","","","","","Shared declaration/definition surface; no executable server transition is proven by the removed file.","deferred"
"Terraria.DataStructures/NPCFollowState.cs","Terraria.DataStructures","1","128","E47D21816720ACB04A1E3744D57174B0C2992C3175F962F8C19E71CC977F0C9F","0","","SharedDefinition","","","","","","","Shared declaration/definition surface; no executable server transition is proven by the removed file.","deferred"
"Terraria.DataStructures/PlayerDrawHeadSet.cs","Terraria.DataStructures","0","169","F9654D802E72D2BDC7ACD6D48469416D2A5ED015EF31015BB5CA341338C22DFF","0","","SharedDefinition","","","","","","","Shared declaration/definition surface; no executable server transition is proven by the removed file.","deferred"
"Terraria.DataStructures/PlayerDrawHelper.cs","Terraria.DataStructures","1","146","45FDBA93F1288E6174946F7C08DB29185D7854077CCF59AAC71125F78C3F215C","0","","SharedDefinition","","","","","","","Shared declaration/definition surface; no executable server transition is proven by the removed file.","deferred"
"Terraria.DataStructures/PlayerDrawSet.cs","Terraria.DataStructures","0","252","DC1073516644C5759B72B803AA6D7FA70E37FEEBF39FA4237635DA0390AF576D","0","","SharedDefinition","","","","","","","Shared declaration/definition surface; no executable server transition is proven by the removed file.","deferred"
"Terraria.DataStructures/RecipeItemCreationContext.cs","Terraria.DataStructures","1","86","FABA418D5BA28381357D097CC9DFB1A2C45FC8AC11780509130B295071183E18","0","","SharedDefinition","","","","","","","Shared declaration/definition surface; no executable server transition is proven by the removed file.","deferred"
"Terraria.DataStructures/RichRoomCheckFeedback.cs","Terraria.DataStructures","1","309","5F8FABCCDA4F1F018F5D9592B17F63F0F87BC6DE5A146E93CEC340261D8C2F87","0","","SharedDefinition","","","","","","","Shared declaration/definition surface; no executable server transition is proven by the removed file.","deferred"
"Terraria.DataStructures/SelectionHolder.cs","Terraria.DataStructures","1","989","93BF6DA446855F20B5B910774C7E1773270F582B4BBCA8844A9E8D7BA0FB8773","0","","SharedDefinition","","","","","","","Shared declaration/definition surface; no executable server transition is proven by the removed file.","deferred"
"Terraria.DataStructures/SpriteDrawBuffer.cs","Terraria.DataStructures","1","189","36FBCB339EC4BD7649F52CE36C13A39DD0B08FCBA1AE004F9D323A601FBB8959","0","","SharedDefinition","","","","","","","Shared declaration/definition surface; no executable server transition is proven by the removed file.","deferred"
"Terraria.DataStructures/TileDrawInfo.cs","Terraria.DataStructures","1","149","A880632EBF648B1FD56D491B410E9C3CC5E8453E3E548B158AE67A41B8249F57","0","","SharedDefinition","","","","","","","Shared declaration/definition surface; no executable server transition is proven by the removed file.","deferred"
"Terraria.DataStructures/TileDrawSorter.cs","Terraria.DataStructures","1","128","B487275C8A1BB8D6DE70E377C419C1885C386F2D75837A3EB03576F9945BF5AE","0","","SharedDefinition","","","","","","","Shared declaration/definition surface; no executable server transition is proven by the removed file.","deferred"
"Terraria.DataStructures/TitleLinkButton.cs","Terraria.DataStructures","1","293","0F054BCB956CD4919D5D7F5E9AA9000DF284C9A8DAFB4CDF521D0454A6F2A2BE","1","Terraria\Main.cs","SharedDefinition","","","","","","","Shared declaration/definition surface; no executable server transition is proven by the removed file.","deferred"
"Terraria.DataStructures/WeaponDrawOrder.cs","Terraria.DataStructures","0","39","B7A98060409F930457D871E0956C57BE1F22E4D902E220EFA4C7CFDEEB9C8D95","0","","SharedDefinition","","","","","","","Shared declaration/definition surface; no executable server transition is proven by the removed file.","deferred"
"Terraria.Enums/FrameSkipMode.cs","Terraria.Enums","0","30","1A10DCE52C33F50CC8C869A50D8609C907948F6B7B76A7694C0685FDAD8CF052","0","","SharedDefinition","","","","","","","Shared declaration/definition surface; no executable server transition is proven by the removed file.","deferred"
"Terraria.Enums/TreeTypes.cs","Terraria.Enums","0","30","1A10DCE52C33F50CC8C869A50D8609C907948F6B7B76A7694C0685FDAD8CF052","0","","SharedDefinition","","","","","","","Shared declaration/definition surface; no executable server transition is proven by the removed file.","deferred"
"Terraria.GameContent.Achievements/CustomFlagCondition.cs","Terraria.GameContent.Achievements","1","122","8E0CCFC066A8A19EE0E4C33F508FDA2D0DFBF93ABF746C599C3EF230CDFAFEAA","0","","ClientOnly","","","","","","","Excluded from authoritative Simulation ownership by source namespace/role evidence.","deferred"
"Terraria.GameContent.Achievements/CustomIntCondition.cs","Terraria.GameContent.Achievements","1","174","E14C7C941D0AE79B16933D05EA2D0F784E0F2D0E601C3C7DBA97E2E98BE992A4","0","","ClientOnly","","","","","","","Excluded from authoritative Simulation ownership by source namespace/role evidence.","deferred"
"Terraria.GameContent.Achievements/ItemCraftCondition.cs","Terraria.GameContent.Achievements","1","156","060BD62812FBB53ACCDBC76116DD783242F2A8F31EDD4741D54CA578D6597AF6","0","","ClientOnly","","","","","","","Excluded from authoritative Simulation ownership by source namespace/role evidence.","deferred"
"Terraria.GameContent.Achievements/ItemPickupCondition.cs","Terraria.GameContent.Achievements","1","155","DF49B33F33C7BFA6161EB0DEC9EF22D15E5A50D09855B6FF5B1C01600BF3B4D2","0","","ClientOnly","","","","","","","Excluded from authoritative Simulation ownership by source namespace/role evidence.","deferred"
"Terraria.GameContent.Achievements/NPCKilledCondition.cs","Terraria.GameContent.Achievements","1","156","BC1E5C5B94212E8BB3B899120492998F6D7325DDBAB379511AFB8CA9D650CB30","0","","ClientOnly","","","","","","","Excluded from authoritative Simulation ownership by source namespace/role evidence.","deferred"
"Terraria.GameContent.Achievements/ProgressionEventCondition.cs","Terraria.GameContent.Achievements","1","163","49B8C886F5CAC14BF0E770DE26743C32EFCEAAD39AFA36697C11068976170CF6","0","","ClientOnly","","","","","","","Excluded from authoritative Simulation ownership by source namespace/role evidence.","deferred"
"Terraria.GameContent.Achievements/TileDestroyedCondition.cs","Terraria.GameContent.Achievements","1","160","997EA2D5B8DD16580DF75E694408E69C43FA869454FBEBB1D097B9438A070254","0","","ClientOnly","","","","","","","Excluded from authoritative Simulation ownership by source namespace/role evidence.","deferred"
"Terraria.GameContent.Ambience/AmbientSkyDrawCache.cs","Terraria.GameContent.Ambience","1","87","A2A5C377738294A43A15BFC843C801CB0D02E1ADD9117D346606054F6694FA19","0","","ClientOnly","","","","","","","Excluded from authoritative Simulation ownership by source namespace/role evidence.","deferred"
"Terraria.GameContent.Animations/Actions.cs","Terraria.GameContent.Animations","1","126","511B4404F363DEC123B2D92FE72E6876D3F48085CFE4723AF56ED9C5398DC815","3","Terraria.WorldBuilding\Actions.cs;Terraria.GameContent\NPCInteractions.cs;Terraria\WorldGen.cs","ClientOnly","","","","","","","Excluded from authoritative Simulation ownership by source namespace/role evidence.","deferred"
"Terraria.GameContent.Animations/IAnimationSegment.cs","Terraria.GameContent.Animations","1","93","10C1F353D9EBEFEA6C57BAD3FE305545160A56F4CF571F0E80083B255BA4E276","1","Terraria.GameContent.Skies\CreditsRollSky.cs","ClientOnly","","","","","","","Excluded from authoritative Simulation ownership by source namespace/role evidence.","deferred"
"Terraria.GameContent.Animations/IAnimationSegmentAction.cs","Terraria.GameContent.Animations","1","250","3CA9A4DB5D95C4CF77C046C2FBF0036360D741AAED7AD23D44517CD9BBBFBB7E","0","","ClientOnly","","","","","","","Excluded from authoritative Simulation ownership by source namespace/role evidence.","deferred"
"Terraria.GameContent.Animations/Segments.cs","Terraria.GameContent.Animations","1","365","9B3198FDA6ACDC8C7F716BB314514BB82F183E34C83990C244BC5918E978FDA7","0","","ClientOnly","","","","","","","Excluded from authoritative Simulation ownership by source namespace/role evidence.","deferred"
"Terraria.GameContent.Animations/StardewValleyAnimation.cs","Terraria.GameContent.Animations","1","258","02074BA2465A2C34B541B3B96556DAAB3E0CD0E812655184F5C9C88F95152E28","0","","ClientOnly","","","","","","","Excluded from authoritative Simulation ownership by source namespace/role evidence.","deferred"
"Terraria.GameContent.Bestiary/BestiaryDatabaseNPCsPopulator.cs","Terraria.GameContent.Bestiary","1","204","7CA209D3DB73E61670303FA10C772CBFCF5EB783B254212FD549199E8D0344E1","2","Terraria\Main.cs;Terraria.ID\ContentSamples.cs","ClientOnly","","","","","","","Excluded from authoritative Simulation ownership by source namespace/role evidence.","deferred"
"Terraria.GameContent.Bestiary/BestiaryPortraitBackgroundBasedOnWorldEvilProviderPreferenceInfoElement.cs","Terraria.GameContent.Bestiary","1","160","639AB06F0233151008A49C681010D00E6773040F6B33FEB265578698C6FF7F2B","0","","ClientOnly","","","","","","","Excluded from authoritative Simulation ownership by source namespace/role evidence.","deferred"
"Terraria.GameContent.Bestiary/BestiaryPortraitBackgroundProviderPreferenceInfoElement.cs","Terraria.GameContent.Bestiary","1","144","E7D9D88FD3FD88F77DBB640793D528B862B158BDB06E21D44FFD0F4311CE5514","0","","ClientOnly","","","","","","","Excluded from authoritative Simulation ownership by source namespace/role evidence.","deferred"
"Terraria.GameContent.Bestiary/CustomEntryIcon.cs","Terraria.GameContent.Bestiary","1","222","E25F0EE966DE0339E5971AE565E78E9DF5DFCC601F59CC7001324EAD38C5AB5E","0","","ClientOnly","","","","","","","Excluded from authoritative Simulation ownership by source namespace/role evidence.","deferred"
"Terraria.GameContent.Bestiary/EntryIconDrawSettings.cs","Terraria.GameContent.Bestiary","0","79","6D43EFA795DDC585AF893C3027199408B760D6E753B6EC2A515A18589AFBBB71","0","","ClientOnly","","","","","","","Excluded from authoritative Simulation ownership by source namespace/role evidence.","deferred"
"Terraria.GameContent.Bestiary/FilterProviderInfoElement.cs","Terraria.GameContent.Bestiary","1","282","6098390C6D242474EE9F9D1A32EA5C3CA7A98C3F8A34B01C81ED76927069E8FD","0","","ClientOnly","","","","","","","Excluded from authoritative Simulation ownership by source namespace/role evidence.","deferred"
"Terraria.GameContent.Bestiary/GoldCritterUICollectionInfoProvider.cs","Terraria.GameContent.Bestiary","1","124","BC0DFEB8A6C772D2CA0A8DFEF2B3F3A86B89F614ACE39548186E9A2CFADD8C7F","0","","ClientOnly","","","","","","","Excluded from authoritative Simulation ownership by source namespace/role evidence.","deferred"
"Terraria.GameContent.Bestiary/HighestOfMultipleUICollectionInfoProvider.cs","Terraria.GameContent.Bestiary","1","130","7FF03AA3645093F8FD9A9D551DCF115DF4376B0C3C0BE398E2A1F78C71C3BF36","0","","ClientOnly","","","","","","","Excluded from authoritative Simulation ownership by source namespace/role evidence.","deferred"
"Terraria.GameContent.Bestiary/IBestiaryBackgroundOverlayAndColorProvider.cs","Terraria.GameContent.Bestiary","1","336","C9CF41CFB2F4A5DAA5F9486F0FFDE96BB07A8CA9769D3F3095953D80CF9DBC67","0","","ClientOnly","","","","","","","Excluded from authoritative Simulation ownership by source namespace/role evidence.","deferred"
"Terraria.GameContent.Bestiary/IBestiaryPrioritizedElement.cs","Terraria.GameContent.Bestiary","1","130","F294D7580CEB5F256DC9CC6AE7ECEB0887249A8D9FA299E2AE18C49E191F0C85","0","","ClientOnly","","","","","","","Excluded from authoritative Simulation ownership by source namespace/role evidence.","deferred"
"Terraria.GameContent.Bestiary/IEntryIcon.cs","Terraria.GameContent.Bestiary","1","159","E49CD6B6F7ECACDC6FEEEFE40874A52CE5182C987C06C306FF5B3B7C13CADD5C","1","Terraria.GameContent.Bestiary\BestiaryEntry.cs","ClientOnly","","","","","","","Excluded from authoritative Simulation ownership by source namespace/role evidence.","deferred"
"Terraria.GameContent.Bestiary/IFilterInfoProvider.cs","Terraria.GameContent.Bestiary","1","175","6C3CB5A8C527946CD20E3F57EEAD9F2D0A58DB56A3B20169D2812DAC7EF1B7DC","0","","ClientOnly","","","","","","","Excluded from authoritative Simulation ownership by source namespace/role evidence.","deferred"
"Terraria.GameContent.Bestiary/ItemFromCatchingNPCBestiaryInfoElement.cs","Terraria.GameContent.Bestiary","1","188","1876B623621F8123FB1261EEF0D6EEE928AE2DC710A8CE877E47F4244CCFA2D9","0","","ClientOnly","","","","","","","Excluded from authoritative Simulation ownership by source namespace/role evidence.","deferred"
"Terraria.GameContent.Bestiary/MoonLordPortraitBackgroundProviderBestiaryInfoElement.cs","Terraria.GameContent.Bestiary","1","239","24F7827E0D6DB9B05E9AEC19D950019D93B834FCCEE0D78B9633BC16B293F317","0","","ClientOnly","","","","","","","Excluded from authoritative Simulation ownership by source namespace/role evidence.","deferred"
"Terraria.GameContent.Bestiary/SalamanderShellyDadUICollectionInfoProvider.cs","Terraria.GameContent.Bestiary","1","152","30480A69D39396A81A52A53941F8C042B9E29BFE434FD1ACA792FCAD142D79DC","0","","ClientOnly","","","","","","","Excluded from authoritative Simulation ownership by source namespace/role evidence.","deferred"
"Terraria.GameContent.Bestiary/SearchAliasInfoElement.cs","Terraria.GameContent.Bestiary","1","111","AEA2216450880E5563140A1CE77D0F3775649BE262C38CBEB5653B87B18A6CA4","0","","ClientOnly","","","","","","","Excluded from authoritative Simulation ownership by source namespace/role evidence.","deferred"
"Terraria.GameContent.Bestiary/SpawnConditionBestiaryInfoElement.cs","Terraria.GameContent.Bestiary","1","199","90783F44F4649BFD667E8300D004A417143BC2EB9448BEB7C0A73FF1298AEF67","0","","ClientOnly","","","","","","","Excluded from authoritative Simulation ownership by source namespace/role evidence.","deferred"
"Terraria.GameContent.Bestiary/SpawnConditionBestiaryOverlayInfoElement.cs","Terraria.GameContent.Bestiary","1","206","488344BFAC2D4EEFC3F292D1C6F3600198D1B93ADD51580D9074503DCC3EDB32","0","","ClientOnly","","","","","","","Excluded from authoritative Simulation ownership by source namespace/role evidence.","deferred"
"Terraria.GameContent.Bestiary/SpawnConditionDecorativeOverlayInfoElement.cs","Terraria.GameContent.Bestiary","1","227","C66BEEE2B6294CEB01E252CB02D067EFF3215157873D11503E3F2D02DA0AA727","0","","ClientOnly","","","","","","","Excluded from authoritative Simulation ownership by source namespace/role evidence.","deferred"
"Terraria.GameContent.Bestiary/UnlockableNPCEntryIcon.cs","Terraria.GameContent.Bestiary","1","234","AA15F9E18AF6A350D1C377D4071A2D18A4CE61DF108D7A6B446A1EFDD8B40990","0","","ClientOnly","","","","","","","Excluded from authoritative Simulation ownership by source namespace/role evidence.","deferred"
"Terraria.GameContent.Bestiary/UnlockProgressDisplayBestiaryInfoElement.cs","Terraria.GameContent.Bestiary","1","243","E62A135917D8539D98188AEE8119FE1C57A5B0C8C5AD685314B82E1F7ADBA921","0","","ClientOnly","","","","","","","Excluded from authoritative Simulation ownership by source namespace/role evidence.","deferred"
"Terraria.GameContent.Biomes.CaveHouse/DesertHouseBuilder.cs","Terraria.GameContent.Biomes.CaveHouse","1","233","DFFD35B0437EF9DF87E2F40BC933598C17D542EE072DE2799FC3190C019B9CA2","0","","ServerRelevant","Terraria.GameContent.Biomes.CaveHouse/DesertHouseBuilder.cs::DesertHouseBuilder (removed Version3 declaration)","DEFERRED: no approved ECS owner is proven for the removed type.","DEFERRED: authoritative state shape is not recovered.","DEFERRED: typed command/commit path is not recovered.","DEFERRED: persistence/protocol consequence is not established.","DEFERRED: no focused verifier covers the removed type.","Server-relevant classification is source-shaped, but the file is physically absent from Version4 and no approved ECS owner/replacement evidence is joined yet.","deferred"
"Terraria.GameContent.Biomes.CaveHouse/GraniteHouseBuilder.cs","Terraria.GameContent.Biomes.CaveHouse","1","234","DC655502B06D08B8A1D76B1B5096D3539A0BB0F4B638D03214EC04B70DBA8B0F","0","","ServerRelevant","Terraria.GameContent.Biomes.CaveHouse/GraniteHouseBuilder.cs::GraniteHouseBuilder (removed Version3 declaration)","DEFERRED: no approved ECS owner is proven for the removed type.","DEFERRED: authoritative state shape is not recovered.","DEFERRED: typed command/commit path is not recovered.","DEFERRED: persistence/protocol consequence is not established.","DEFERRED: no focused verifier covers the removed type.","Server-relevant classification is source-shaped, but the file is physically absent from Version4 and no approved ECS owner/replacement evidence is joined yet.","deferred"
"Terraria.GameContent.Biomes.CaveHouse/HouseBuilder.cs","Terraria.GameContent.Biomes.CaveHouse","1","329","2BCC6B7D931613EE04C7EC339C55AF61FC2DFE7908AE6F336EC5C92C1D270CFA","0","","ServerRelevant","Terraria.GameContent.Biomes.CaveHouse/HouseBuilder.cs::HouseBuilder (removed Version3 declaration)","DEFERRED: no approved ECS owner is proven for the removed type.","DEFERRED: authoritative state shape is not recovered.","DEFERRED: typed command/commit path is not recovered.","DEFERRED: persistence/protocol consequence is not established.","DEFERRED: no focused verifier covers the removed type.","Server-relevant classification is source-shaped, but the file is physically absent from Version4 and no approved ECS owner/replacement evidence is joined yet.","deferred"
"Terraria.GameContent.Biomes.CaveHouse/HouseType.cs","Terraria.GameContent.Biomes.CaveHouse","0","53","8E35F327B220118B08A91F7CB662E8D3221B6C39A0F266798382BEBE5BB655DD","0","","SharedDefinition","","","","","","","Shared declaration/definition surface; no executable server transition is proven by the removed file.","deferred"
"Terraria.GameContent.Biomes.CaveHouse/IceHouseBuilder.cs","Terraria.GameContent.Biomes.CaveHouse","1","230","2565A6668CD3C570898BA0CC52A4E95D26EF0475C3338EE1836A03A461B355AB","0","","ServerRelevant","Terraria.GameContent.Biomes.CaveHouse/IceHouseBuilder.cs::IceHouseBuilder (removed Version3 declaration)","DEFERRED: no approved ECS owner is proven for the removed type.","DEFERRED: authoritative state shape is not recovered.","DEFERRED: typed command/commit path is not recovered.","DEFERRED: persistence/protocol consequence is not established.","DEFERRED: no focused verifier covers the removed type.","Server-relevant classification is source-shaped, but the file is physically absent from Version4 and no approved ECS owner/replacement evidence is joined yet.","deferred"
"Terraria.GameContent.Biomes.CaveHouse/JungleHouseBuilder.cs","Terraria.GameContent.Biomes.CaveHouse","1","233","63BDB958F855155D9CDD79EFD427CE4065301C3089D31FE6B2B053EC56BA5ABB","0","","ServerRelevant","Terraria.GameContent.Biomes.CaveHouse/JungleHouseBuilder.cs::JungleHouseBuilder (removed Version3 declaration)","DEFERRED: no approved ECS owner is proven for the removed type.","DEFERRED: authoritative state shape is not recovered.","DEFERRED: typed command/commit path is not recovered.","DEFERRED: persistence/protocol consequence is not established.","DEFERRED: no focused verifier covers the removed type.","Server-relevant classification is source-shaped, but the file is physically absent from Version4 and no approved ECS owner/replacement evidence is joined yet.","deferred"
"Terraria.GameContent.Biomes.CaveHouse/MarbleHouseBuilder.cs","Terraria.GameContent.Biomes.CaveHouse","1","233","68D5C455095D47B4593D8278553F1C6E4043D04B93F49559EAEDF79B5B53BDDF","0","","ServerRelevant","Terraria.GameContent.Biomes.CaveHouse/MarbleHouseBuilder.cs::MarbleHouseBuilder (removed Version3 declaration)","DEFERRED: no approved ECS owner is proven for the removed type.","DEFERRED: authoritative state shape is not recovered.","DEFERRED: typed command/commit path is not recovered.","DEFERRED: persistence/protocol consequence is not established.","DEFERRED: no focused verifier covers the removed type.","Server-relevant classification is source-shaped, but the file is physically absent from Version4 and no approved ECS owner/replacement evidence is joined yet.","deferred"
"Terraria.GameContent.Biomes.CaveHouse/MushroomHouseBuilder.cs","Terraria.GameContent.Biomes.CaveHouse","1","195","3B14544435ACA409CFED1C2436D5A4B1E0C2CB9144A24D15406A23D3431C2137","0","","ServerRelevant","Terraria.GameContent.Biomes.CaveHouse/MushroomHouseBuilder.cs::MushroomHouseBuilder (removed Version3 declaration)","DEFERRED: no approved ECS owner is proven for the removed type.","DEFERRED: authoritative state shape is not recovered.","DEFERRED: typed command/commit path is not recovered.","DEFERRED: persistence/protocol consequence is not established.","DEFERRED: no focused verifier covers the removed type.","Server-relevant classification is source-shaped, but the file is physically absent from Version4 and no approved ECS owner/replacement evidence is joined yet.","deferred"
"Terraria.GameContent.Biomes.CaveHouse/WoodHouseBuilder.cs","Terraria.GameContent.Biomes.CaveHouse","1","191","879BC79250743363AC11FEC589728C43341889AC8443E7AC76506B0A176A3324","0","","ServerRelevant","Terraria.GameContent.Biomes.CaveHouse/WoodHouseBuilder.cs::WoodHouseBuilder (removed Version3 declaration)","DEFERRED: no approved ECS owner is proven for the removed type.","DEFERRED: authoritative state shape is not recovered.","DEFERRED: typed command/commit path is not recovered.","DEFERRED: persistence/protocol consequence is not established.","DEFERRED: no focused verifier covers the removed type.","Server-relevant classification is source-shaped, but the file is physically absent from Version4 and no approved ECS owner/replacement evidence is joined yet.","deferred"
"Terraria.GameContent.Biomes.Desert/DesertDescription.cs","Terraria.GameContent.Biomes.Desert","1","181","7FC9660165A7A5370A1F7781EC06B3FAAA8BD08AFB5DEC334D3CA67901C8EC0B","0","","ServerRelevant","Terraria.GameContent.Biomes.Desert/DesertDescription.cs::DesertDescription (removed Version3 declaration)","DEFERRED: no approved ECS owner is proven for the removed type.","DEFERRED: authoritative state shape is not recovered.","DEFERRED: typed command/commit path is not recovered.","DEFERRED: persistence/protocol consequence is not established.","DEFERRED: no focused verifier covers the removed type.","Server-relevant classification is source-shaped, but the file is physically absent from Version4 and no approved ECS owner/replacement evidence is joined yet.","deferred"
"Terraria.GameContent.Biomes.Desert/SurfaceMap.cs","Terraria.GameContent.Biomes.Desert","1","830","0FA569955B4CA5630968F733A8D69D823B6D25B4317FAA286FA987672E919B36","0","","ServerRelevant","Terraria.GameContent.Biomes.Desert/SurfaceMap.cs::SurfaceMap (removed Version3 declaration)","DEFERRED: no approved ECS owner is proven for the removed type.","DEFERRED: authoritative state shape is not recovered.","DEFERRED: typed command/commit path is not recovered.","DEFERRED: persistence/protocol consequence is not established.","DEFERRED: no focused verifier covers the removed type.","Server-relevant classification is source-shaped, but the file is physically absent from Version4 and no approved ECS owner/replacement evidence is joined yet.","deferred"
"Terraria.GameContent.Biomes/CorruptionPitBiome.cs","Terraria.GameContent.Biomes","1","168","007E7CD415897950A87F6F20141E721B1F6EA895B1286927CF1E928AD3413869","0","","ServerRelevant","Terraria.GameContent.Biomes/CorruptionPitBiome.cs::CorruptionPitBiome (removed Version3 declaration)","DEFERRED: no approved ECS owner is proven for the removed type.","DEFERRED: authoritative state shape is not recovered.","DEFERRED: typed command/commit path is not recovered.","DEFERRED: persistence/protocol consequence is not established.","DEFERRED: no focused verifier covers the removed type.","Server-relevant classification is source-shaped, but the file is physically absent from Version4 and no approved ECS owner/replacement evidence is joined yet.","deferred"
"Terraria.GameContent.Biomes/SpikePitBiome.cs","Terraria.GameContent.Biomes","1","143","A225D76892F69D949D30EBF35267FB11E5B6DC5623913447D31CEB58AA775389","0","","ServerRelevant","Terraria.GameContent.Biomes/SpikePitBiome.cs::SpikePitBiome (removed Version3 declaration)","DEFERRED: no approved ECS owner is proven for the removed type.","DEFERRED: authoritative state shape is not recovered.","DEFERRED: typed command/commit path is not recovered.","DEFERRED: persistence/protocol consequence is not established.","DEFERRED: no focused verifier covers the removed type.","Server-relevant classification is source-shaped, but the file is physically absent from Version4 and no approved ECS owner/replacement evidence is joined yet.","deferred"
"Terraria.GameContent.Creative/CreativePowerSettings.cs","Terraria.GameContent.Creative","1","89","325D9ACDA9202AF60C3936C69A3A79B70942C7CF41CEABF822E8774D15D2D1F2","0","","ClientOnly","","","","","","","Excluded from authoritative Simulation ownership by source namespace/role evidence.","deferred"
"Terraria.GameContent.Creative/CreativeUI.cs","Terraria.GameContent.Creative","1","488","5D2EF005AE126E2E24DFD102F3450A50E70DBDEF7DC0412DFA7AD2164E018DFC","0","","ClientOnly","","","","","","","Excluded from authoritative Simulation ownership by source namespace/role evidence.","deferred"
"Terraria.GameContent.Drawing/BackgroundGradientDrawer.cs","Terraria.GameContent.Drawing","1","240","16F2EAB4CFAD45BF68C28D71B6328BB3C3430C72757DF024021A2A1711DF07B9","0","","ClientOnly","","","","","","","Excluded from authoritative Simulation ownership by source namespace/role evidence.","deferred"
"Terraria.GameContent.Drawing/DrawBlackHelper.cs","Terraria.GameContent.Drawing","0","78","7F45AC1468D17DA25F274DADC02A6A4833893FBF17F85C7D6260D89DE0896841","0","","ClientOnly","","","","","","","Excluded from authoritative Simulation ownership by source namespace/role evidence.","deferred"
"Terraria.GameContent.Drawing/EmptyHorizonRenderer.cs","Terraria.GameContent.Drawing","1","185","91A526885C24C46A42CA686D24C7B20E1C1F312D7296D97A1D9AC56D185F7869","0","","ClientOnly","","","","","","","Excluded from authoritative Simulation ownership by source namespace/role evidence.","deferred"
"Terraria.GameContent.Drawing/INatureRenderer.cs","Terraria.GameContent.Drawing","1","656","6700F46BE75BB0290EA12F01BC115A4FE8F9BF5FE45AD94A82F02A13F82713EF","0","","ClientOnly","","","","","","","Excluded from authoritative Simulation ownership by source namespace/role evidence.","deferred"
"Terraria.GameContent.Drawing/LensFlareElement.cs","Terraria.GameContent.Drawing","0","158","653211120DF1B5B0895A5A0DBB44A0F65EC9BC541AB82FD318490E9D509843AB","0","","ClientOnly","","","","","","","Excluded from authoritative Simulation ownership by source namespace/role evidence.","deferred"
"Terraria.GameContent.Drawing/NextNatureRenderer.cs","Terraria.GameContent.Drawing","1","272","AC4874D5086BA853D4C557B73D6FE650025C2D1AA22AE5601EB5E66AF3F6124D","0","","ClientOnly","","","","","","","Excluded from authoritative Simulation ownership by source namespace/role evidence.","deferred"
"Terraria.GameContent.Drawing/OriginalNatureRenderer.cs","Terraria.GameContent.Drawing","1","195","900D3C087D6D54F973623E36151929D12C42F66F269071F4419200DF6D80E643","0","","ClientOnly","","","","","","","Excluded from authoritative Simulation ownership by source namespace/role evidence.","deferred"
"Terraria.GameContent.Drawing/SunGradients.cs","Terraria.GameContent.Drawing","1","148","AB53A011E04D8B2080F6148299B00C20D94E9E44CEE07E9ED424EE2F751DA7F2","0","","ClientOnly","","","","","","","Excluded from authoritative Simulation ownership by source namespace/role evidence.","deferred"
"Terraria.GameContent.Drawing/TileDrawing.cs","Terraria.GameContent.Drawing","1","532","F05E4BA13DB59C44FF62C8DC9F2F7965B7B01B65FF8CB0D46D34098DA9789185","1","Terraria\Main.cs","ClientOnly","","","","","","","Excluded from authoritative Simulation ownership by source namespace/role evidence.","deferred"
"Terraria.GameContent.Drawing/WallDrawing.cs","Terraria.GameContent.Drawing","1","256","D296C3BC1894FAE11C718EB83EDB705F4A5AD603308BFBD26A9578131D96A6B9","1","Terraria\Main.cs","ClientOnly","","","","","","","Excluded from authoritative Simulation ownership by source namespace/role evidence.","deferred"
"Terraria.GameContent.Drawing/WindGrid.cs","Terraria.GameContent.Drawing","1","123","322A6E935B2DF1AF8E704E2D6B4D06EA379745633ED1D8280ADBB41BB76AA69B","0","","ClientOnly","","","","","","","Excluded from authoritative Simulation ownership by source namespace/role evidence.","deferred"
"Terraria.GameContent.Events/ScreenDarkness.cs","Terraria.GameContent.Events","1","153","18939C5A4AEF4FFC9BFEB2D6CD0DD91A6AC256A085E10A3CAFB38CC37D312BDD","0","","ClientOnly","","","","","","","Excluded from authoritative Simulation ownership by source namespace/role evidence.","deferred"
"Terraria.GameContent.FishDropRules/Roller.cs","Terraria.GameContent.FishDropRules","1","113","EA3BE6FEAD081C981765D6ACEC2D7830EAAFFA072360625E830BC5619EDDB6A8","0","","ClientOnly","Build/diagnostics/server-ecs-convergence/P4-deletion/current/fish-drop-roller-client-only.json: complete source and caller search","No authoritative owner: Roller.Roll only populates a local context and has no return or mutation","None: no authoritative state is owned by Roller","None: no command or commit path exists or is required for the unused wrapper","None: no persistence or protocol consequence is produced by Roller","Build/diagnostics/server-ecs-convergence/P4-deletion/current/fish-drop-roller-client-only.json","Complete source contains no Roller caller; actual fish-drop selection is a separate Projectile -> FishDropRuleList chain.","deferred"
"Terraria.GameContent.Generation.Dungeon.Features/DungeonDropTrap.cs","Terraria.GameContent.Generation.Dungeon.Features","1","150","4AE5368937242F5FE058BD9CDBE2B777F345B16C85E8E40F873F28AEDA2D87EA","0","","ServerRelevant","Terraria.GameContent.Generation.Dungeon.Features/DungeonDropTrap.cs::DungeonDropTrap (removed Version3 declaration)","DEFERRED: no approved ECS owner is proven for the removed type.","DEFERRED: authoritative state shape is not recovered.","DEFERRED: typed command/commit path is not recovered.","DEFERRED: persistence/protocol consequence is not established.","DEFERRED: no focused verifier covers the removed type.","Server-relevant classification is source-shaped, but the file is physically absent from Version4 and no approved ECS owner/replacement evidence is joined yet.","deferred"
"Terraria.GameContent.Generation.Dungeon.Features/DungeonDropTrapSettings.cs","Terraria.GameContent.Generation.Dungeon.Features","1","109","64DD56D5FC6CEF68F6F4158A55CB69A6F41461381ACD28F03B98F21217666A86","0","","ServerRelevant","Terraria.GameContent.Generation.Dungeon.Features/DungeonDropTrapSettings.cs::DungeonDropTrapSettings (removed Version3 declaration)","DEFERRED: no approved ECS owner is proven for the removed type.","DEFERRED: authoritative state shape is not recovered.","DEFERRED: typed command/commit path is not recovered.","DEFERRED: persistence/protocol consequence is not established.","DEFERRED: no focused verifier covers the removed type.","Server-relevant classification is source-shaped, but the file is physically absent from Version4 and no approved ECS owner/replacement evidence is joined yet.","deferred"
"Terraria.GameContent.Generation.Dungeon.Features/DungeonDropTrapType.cs","Terraria.GameContent.Generation.Dungeon.Features","0","64","08834CA7FB86BCB21D4FA658D6049DA928A41D8DFBBE5C35F8EBB6708268FA9B","0","","SharedDefinition","","","","","","","Shared declaration/definition surface; no executable server transition is proven by the removed file.","deferred"
"Terraria.GameContent.Generation.Dungeon.Features/DungeonPillar.cs","Terraria.GameContent.Generation.Dungeon.Features","1","99","10216EE9601C64D9BCC0CDEDB91909BE670D75526F2E6826B1B533FB0A635776","0","","ServerRelevant","Terraria.GameContent.Generation.Dungeon.Features/DungeonPillar.cs::DungeonPillar (removed Version3 declaration)","DEFERRED: no approved ECS owner is proven for the removed type.","DEFERRED: authoritative state shape is not recovered.","DEFERRED: typed command/commit path is not recovered.","DEFERRED: persistence/protocol consequence is not established.","DEFERRED: no focused verifier covers the removed type.","Server-relevant classification is source-shaped, but the file is physically absent from Version4 and no approved ECS owner/replacement evidence is joined yet.","deferred"
"Terraria.GameContent.Generation.Dungeon.Features/DungeonPillarSettings.cs","Terraria.GameContent.Generation.Dungeon.Features","1","107","8143D805A3D554A1F7E86B2DF6798F8F604812D0C3691E8454C2B93FD800C534","0","","ServerRelevant","Terraria.GameContent.Generation.Dungeon.Features/DungeonPillarSettings.cs::DungeonPillarSettings (removed Version3 declaration)","DEFERRED: no approved ECS owner is proven for the removed type.","DEFERRED: authoritative state shape is not recovered.","DEFERRED: typed command/commit path is not recovered.","DEFERRED: persistence/protocol consequence is not established.","DEFERRED: no focused verifier covers the removed type.","Server-relevant classification is source-shaped, but the file is physically absent from Version4 and no approved ECS owner/replacement evidence is joined yet.","deferred"
"Terraria.GameContent.Generation.Dungeon.Features/DungeonPitTrap.cs","Terraria.GameContent.Generation.Dungeon.Features","1","223","3F9B516C345296D65CF856F4698E04022BEBD575A4D8D5081756756D7E4972A5","0","","ServerRelevant","Terraria.GameContent.Generation.Dungeon.Features/DungeonPitTrap.cs::DungeonPitTrap (removed Version3 declaration)","DEFERRED: no approved ECS owner is proven for the removed type.","DEFERRED: authoritative state shape is not recovered.","DEFERRED: typed command/commit path is not recovered.","DEFERRED: persistence/protocol consequence is not established.","DEFERRED: no focused verifier covers the removed type.","Server-relevant classification is source-shaped, but the file is physically absent from Version4 and no approved ECS owner/replacement evidence is joined yet.","deferred"
"Terraria.GameContent.Generation.Dungeon.Features/DungeonPitTrapSettings.cs","Terraria.GameContent.Generation.Dungeon.Features","1","164","05F7F08F52E200F4BFBABCC405E603F6C6A28C236892DB1833AE187442C533E7","0","","ServerRelevant","Terraria.GameContent.Generation.Dungeon.Features/DungeonPitTrapSettings.cs::DungeonPitTrapSettings (removed Version3 declaration)","DEFERRED: no approved ECS owner is proven for the removed type.","DEFERRED: authoritative state shape is not recovered.","DEFERRED: typed command/commit path is not recovered.","DEFERRED: persistence/protocol consequence is not established.","DEFERRED: no focused verifier covers the removed type.","Server-relevant classification is source-shaped, but the file is physically absent from Version4 and no approved ECS owner/replacement evidence is joined yet.","deferred"
"Terraria.GameContent.Generation.Dungeon.Features/DungeonTileClump.cs","Terraria.GameContent.Generation.Dungeon.Features","1","172","063BE296742807B1B23490054F85065EF8EA99F8B0766A0F8889B3640C46C2CE","0","","ServerRelevant","Terraria.GameContent.Generation.Dungeon.Features/DungeonTileClump.cs::DungeonTileClump (removed Version3 declaration)","DEFERRED: no approved ECS owner is proven for the removed type.","DEFERRED: authoritative state shape is not recovered.","DEFERRED: typed command/commit path is not recovered.","DEFERRED: persistence/protocol consequence is not established.","DEFERRED: no focused verifier covers the removed type.","Server-relevant classification is source-shaped, but the file is physically absent from Version4 and no approved ECS owner/replacement evidence is joined yet.","deferred"
"Terraria.GameContent.Generation.Dungeon.Features/DungeonTileClumpSettings.cs","Terraria.GameContent.Generation.Dungeon.Features","1","110","572C5EB432316DED0ECDBBB49D1C421EAE23ED61DE31D1DE6AD4DD7A133DBCDC","0","","ServerRelevant","Terraria.GameContent.Generation.Dungeon.Features/DungeonTileClumpSettings.cs::DungeonTileClumpSettings (removed Version3 declaration)","DEFERRED: no approved ECS owner is proven for the removed type.","DEFERRED: authoritative state shape is not recovered.","DEFERRED: typed command/commit path is not recovered.","DEFERRED: persistence/protocol consequence is not established.","DEFERRED: no focused verifier covers the removed type.","Server-relevant classification is source-shaped, but the file is physically absent from Version4 and no approved ECS owner/replacement evidence is joined yet.","deferred"
"Terraria.GameContent.Generation.Dungeon.Features/DungeonWindow.cs","Terraria.GameContent.Generation.Dungeon.Features","1","108","1C828D34AB8C22D397D36D8DE5D02F3CC60E8885C28C158556DB4339A165E65E","0","","ServerRelevant","Terraria.GameContent.Generation.Dungeon.Features/DungeonWindow.cs::DungeonWindow (removed Version3 declaration)","DEFERRED: no approved ECS owner is proven for the removed type.","DEFERRED: authoritative state shape is not recovered.","DEFERRED: typed command/commit path is not recovered.","DEFERRED: persistence/protocol consequence is not established.","DEFERRED: no focused verifier covers the removed type.","Server-relevant classification is source-shaped, but the file is physically absent from Version4 and no approved ECS owner/replacement evidence is joined yet.","deferred"
"Terraria.GameContent.Generation.Dungeon.Features/DungeonWindowBasic.cs","Terraria.GameContent.Generation.Dungeon.Features","1","165","32C5B5C4F125DBDFAF35DE025F4FB9EAA1799F52940C23C00F3438806204CD00","0","","ServerRelevant","Terraria.GameContent.Generation.Dungeon.Features/DungeonWindowBasic.cs::DungeonWindowBasic (removed Version3 declaration)","DEFERRED: no approved ECS owner is proven for the removed type.","DEFERRED: authoritative state shape is not recovered.","DEFERRED: typed command/commit path is not recovered.","DEFERRED: persistence/protocol consequence is not established.","DEFERRED: no focused verifier covers the removed type.","Server-relevant classification is source-shaped, but the file is physically absent from Version4 and no approved ECS owner/replacement evidence is joined yet.","deferred"
"Terraria.GameContent.Generation.Dungeon.Features/DungeonWindowBasicSettings.cs","Terraria.GameContent.Generation.Dungeon.Features","1","112","3B8035C91411C9EA2D01AE7106160D7C1E5254949901D71DAA833D2B735A74C8","0","","ServerRelevant","Terraria.GameContent.Generation.Dungeon.Features/DungeonWindowBasicSettings.cs::DungeonWindowBasicSettings (removed Version3 declaration)","DEFERRED: no approved ECS owner is proven for the removed type.","DEFERRED: authoritative state shape is not recovered.","DEFERRED: typed command/commit path is not recovered.","DEFERRED: persistence/protocol consequence is not established.","DEFERRED: no focused verifier covers the removed type.","Server-relevant classification is source-shaped, but the file is physically absent from Version4 and no approved ECS owner/replacement evidence is joined yet.","deferred"
"Terraria.GameContent.Generation.Dungeon.Features/DungeonWindowMosaic.cs","Terraria.GameContent.Generation.Dungeon.Features","1","139","2E08298DD0E08E7B2BBC29750B41296AFAB7EB4DF98537948C40EF09CA254EAB","0","","ServerRelevant","Terraria.GameContent.Generation.Dungeon.Features/DungeonWindowMosaic.cs::DungeonWindowMosaic (removed Version3 declaration)","DEFERRED: no approved ECS owner is proven for the removed type.","DEFERRED: authoritative state shape is not recovered.","DEFERRED: typed command/commit path is not recovered.","DEFERRED: persistence/protocol consequence is not established.","DEFERRED: no focused verifier covers the removed type.","Server-relevant classification is source-shaped, but the file is physically absent from Version4 and no approved ECS owner/replacement evidence is joined yet.","deferred"
"Terraria.GameContent.Generation.Dungeon.Features/DungeonWindowMosaicSettings.cs","Terraria.GameContent.Generation.Dungeon.Features","1","113","97C651EF394B2D0752F03110FBFCE38A13BA842F207B68E54AEF3C1DEFE66285","0","","ServerRelevant","Terraria.GameContent.Generation.Dungeon.Features/DungeonWindowMosaicSettings.cs::DungeonWindowMosaicSettings (removed Version3 declaration)","DEFERRED: no approved ECS owner is proven for the removed type.","DEFERRED: authoritative state shape is not recovered.","DEFERRED: typed command/commit path is not recovered.","DEFERRED: persistence/protocol consequence is not established.","DEFERRED: no focused verifier covers the removed type.","Server-relevant classification is source-shaped, but the file is physically absent from Version4 and no approved ECS owner/replacement evidence is joined yet.","deferred"
"Terraria.GameContent.Generation.Dungeon.Features/DungeonWindowSettings.cs","Terraria.GameContent.Generation.Dungeon.Features","1","116","D707A616CF579FFD5D54706022199FAFEE64039704FB198271A3E579B29E6515","0","","ServerRelevant","Terraria.GameContent.Generation.Dungeon.Features/DungeonWindowSettings.cs::DungeonWindowSettings (removed Version3 declaration)","DEFERRED: no approved ECS owner is proven for the removed type.","DEFERRED: authoritative state shape is not recovered.","DEFERRED: typed command/commit path is not recovered.","DEFERRED: persistence/protocol consequence is not established.","DEFERRED: no focused verifier covers the removed type.","Server-relevant classification is source-shaped, but the file is physically absent from Version4 and no approved ECS owner/replacement evidence is joined yet.","deferred"
"Terraria.GameContent.Generation.Dungeon.Features/PillarType.cs","Terraria.GameContent.Generation.Dungeon.Features","0","64","08834CA7FB86BCB21D4FA658D6049DA928A41D8DFBBE5C35F8EBB6708268FA9B","0","","SharedDefinition","","","","","","","Shared declaration/definition surface; no executable server transition is proven by the removed file.","deferred"
"Terraria.GameContent.Generation.Dungeon.Rooms/BiomeDungeonRoomSettings.cs","Terraria.GameContent.Generation.Dungeon.Rooms","1","107","4134E71846D950EDE2F7468C3246F791C89956B2D966E8125F86C85B8C7CA458","0","","ServerRelevant","Terraria.GameContent.Generation.Dungeon.Rooms/BiomeDungeonRoomSettings.cs::BiomeDungeonRoomSettings (removed Version3 declaration)","DEFERRED: no approved ECS owner is proven for the removed type.","DEFERRED: authoritative state shape is not recovered.","DEFERRED: typed command/commit path is not recovered.","DEFERRED: persistence/protocol consequence is not established.","DEFERRED: no focused verifier covers the removed type.","Server-relevant classification is source-shaped, but the file is physically absent from Version4 and no approved ECS owner/replacement evidence is joined yet.","deferred"
"Terraria.GameContent.Generation.Dungeon.Rooms/LivingTreeDungeonRoomSettings.cs","Terraria.GameContent.Generation.Dungeon.Rooms","1","112","1829A08A8AABE4003DBEF372CA79FF14F3F06FD19F72A35421CDD46617AEACE4","0","","ServerRelevant","Terraria.GameContent.Generation.Dungeon.Rooms/LivingTreeDungeonRoomSettings.cs::LivingTreeDungeonRoomSettings (removed Version3 declaration)","DEFERRED: no approved ECS owner is proven for the removed type.","DEFERRED: authoritative state shape is not recovered.","DEFERRED: typed command/commit path is not recovered.","DEFERRED: persistence/protocol consequence is not established.","DEFERRED: no focused verifier covers the removed type.","Server-relevant classification is source-shaped, but the file is physically absent from Version4 and no approved ECS owner/replacement evidence is joined yet.","deferred"
"Terraria.GameContent.Generation.Dungeon.Rooms/RegularDungeonRoomSettings.cs","Terraria.GameContent.Generation.Dungeon.Rooms","1","109","83AB5DC41202414296D54BEB77FBE746658523CD073E44E0BDFC276EEF990F28","0","","ServerRelevant","Terraria.GameContent.Generation.Dungeon.Rooms/RegularDungeonRoomSettings.cs::RegularDungeonRoomSettings (removed Version3 declaration)","DEFERRED: no approved ECS owner is proven for the removed type.","DEFERRED: authoritative state shape is not recovered.","DEFERRED: typed command/commit path is not recovered.","DEFERRED: persistence/protocol consequence is not established.","DEFERRED: no focused verifier covers the removed type.","Server-relevant classification is source-shaped, but the file is physically absent from Version4 and no approved ECS owner/replacement evidence is joined yet.","deferred"
"Terraria.GameContent.Generation.Dungeon.Rooms/WormlikeDungeonRoomSettings.cs","Terraria.GameContent.Generation.Dungeon.Rooms","1","110","B1D1C0EB31B47D471E53E9BEC02F29AE8C8BC45F2F2B252AD43D647AFE8962D3","0","","ServerRelevant","Terraria.GameContent.Generation.Dungeon.Rooms/WormlikeDungeonRoomSettings.cs::WormlikeDungeonRoomSettings (removed Version3 declaration)","DEFERRED: no approved ECS owner is proven for the removed type.","DEFERRED: authoritative state shape is not recovered.","DEFERRED: typed command/commit path is not recovered.","DEFERRED: persistence/protocol consequence is not established.","DEFERRED: no focused verifier covers the removed type.","Server-relevant classification is source-shaped, but the file is physically absent from Version4 and no approved ECS owner/replacement evidence is joined yet.","deferred"
"Terraria.GameContent.Generation.Dungeon/DungeonRoomSearchSettings.cs","Terraria.GameContent.Generation.Dungeon","0","111","40284D81B83420A85CDDAD41BED8B285D5D4A101FD5618893940851F01DB7BD5","0","","SharedDefinition","","","","","","","Shared declaration/definition surface; no executable server transition is proven by the removed file.","deferred"
"Terraria.GameContent.Generation.Dungeon/DungeonShapes.cs","Terraria.GameContent.Generation.Dungeon","1","171","69231A31DEC1C5E7E1246DD13A6921821CF8815A683080107190F49C3E3C0A00","0","","ServerRelevant","Terraria.GameContent.Generation.Dungeon/DungeonShapes.cs::DungeonShapes (removed Version3 declaration)","DEFERRED: no approved ECS owner is proven for the removed type.","DEFERRED: authoritative state shape is not recovered.","DEFERRED: typed command/commit path is not recovered.","DEFERRED: persistence/protocol consequence is not established.","DEFERRED: no focused verifier covers the removed type.","Server-relevant classification is source-shaped, but the file is physically absent from Version4 and no approved ECS owner/replacement evidence is joined yet.","deferred"
"Terraria.GameContent.Generation.Dungeon/ProgressionStageCheck.cs","Terraria.GameContent.Generation.Dungeon","0","55","D91A2B4259F2CCF5E66DF9409CBCE980726D67B5376B9CA8CD55ACA2070F54FD","0","","SharedDefinition","","","","","","","Shared declaration/definition surface; no executable server transition is proven by the removed file.","deferred"
"Terraria.GameContent.Generation.Dungeon/WindowType.cs","Terraria.GameContent.Generation.Dungeon","0","55","D91A2B4259F2CCF5E66DF9409CBCE980726D67B5376B9CA8CD55ACA2070F54FD","0","","SharedDefinition","","","","","","","Shared declaration/definition surface; no executable server transition is proven by the removed file.","deferred"
"Terraria.GameContent.Generation/ActionGrass.cs","Terraria.GameContent.Generation","1","145","59BF62B9B59A4F2F93A0B4795EC5287C85761A6BFC95765D1B130BA6932BFC30","0","","ServerRelevant","Terraria.GameContent.Generation/ActionGrass.cs::ActionGrass (removed Version3 declaration)","DEFERRED: no approved ECS owner is proven for the removed type.","DEFERRED: authoritative state shape is not recovered.","DEFERRED: typed command/commit path is not recovered.","DEFERRED: persistence/protocol consequence is not established.","DEFERRED: no focused verifier covers the removed type.","Server-relevant classification is source-shaped, but the file is physically absent from Version4 and no approved ECS owner/replacement evidence is joined yet.","deferred"
"Terraria.GameContent.Generation/ActionPlaceStatue.cs","Terraria.GameContent.Generation","1","183","FABEE9BC4D23929E0DFE8E304FF8B62C3396330123627CE0C5F549336E1110C8","0","","ServerRelevant","Terraria.GameContent.Generation/ActionPlaceStatue.cs::ActionPlaceStatue (removed Version3 declaration)","DEFERRED: no approved ECS owner is proven for the removed type.","DEFERRED: authoritative state shape is not recovered.","DEFERRED: typed command/commit path is not recovered.","DEFERRED: persistence/protocol consequence is not established.","DEFERRED: no focused verifier covers the removed type.","Server-relevant classification is source-shaped, but the file is physically absent from Version4 and no approved ECS owner/replacement evidence is joined yet.","deferred"
"Terraria.GameContent.Generation/ActionStalagtite.cs","Terraria.GameContent.Generation","1","150","E1E18BE33BB78CE929BDEAAAF1CB9675B7C4A20FA349B8F31ACF42D23EDEB8C3","0","","ServerRelevant","Terraria.GameContent.Generation/ActionStalagtite.cs::ActionStalagtite (removed Version3 declaration)","DEFERRED: no approved ECS owner is proven for the removed type.","DEFERRED: authoritative state shape is not recovered.","DEFERRED: typed command/commit path is not recovered.","DEFERRED: persistence/protocol consequence is not established.","DEFERRED: no focused verifier covers the removed type.","Server-relevant classification is source-shaped, but the file is physically absent from Version4 and no approved ECS owner/replacement evidence is joined yet.","deferred"
"Terraria.GameContent.Generation/ActionVines.cs","Terraria.GameContent.Generation","1","145","C0397CAD1E82336646452E540113234244436CB64BB30EB3014DB339F946C98C","0","","ServerRelevant","Terraria.GameContent.Generation/ActionVines.cs::ActionVines (removed Version3 declaration)","DEFERRED: no approved ECS owner is proven for the removed type.","DEFERRED: authoritative state shape is not recovered.","DEFERRED: typed command/commit path is not recovered.","DEFERRED: persistence/protocol consequence is not established.","DEFERRED: no focused verifier covers the removed type.","Server-relevant classification is source-shaped, but the file is physically absent from Version4 and no approved ECS owner/replacement evidence is joined yet.","deferred"
"Terraria.GameContent.Generation/PassLegacy.cs","Terraria.GameContent.Generation","1","167","558E771250E05A3F4C0E6B43F7F67C208A569B8639A803F395515F205C2A53AD","0","","ServerRelevant","Terraria.GameContent.Generation/PassLegacy.cs::PassLegacy (removed Version3 declaration)","DEFERRED: no approved ECS owner is proven for the removed type.","DEFERRED: authoritative state shape is not recovered.","DEFERRED: typed command/commit path is not recovered.","DEFERRED: persistence/protocol consequence is not established.","DEFERRED: no focused verifier covers the removed type.","Server-relevant classification is source-shaped, but the file is physically absent from Version4 and no approved ECS owner/replacement evidence is joined yet.","deferred"
"Terraria.GameContent.Generation/ShapeBranch.cs","Terraria.GameContent.Generation","1","221","BD4B6939F9AC0CA46114ED3DCF97B7D91138E1D6457D94187A9B72333716FE4C","0","","ServerRelevant","Terraria.GameContent.Generation/ShapeBranch.cs::ShapeBranch (removed Version3 declaration)","DEFERRED: no approved ECS owner is proven for the removed type.","DEFERRED: authoritative state shape is not recovered.","DEFERRED: typed command/commit path is not recovered.","DEFERRED: persistence/protocol consequence is not established.","DEFERRED: no focused verifier covers the removed type.","Server-relevant classification is source-shaped, but the file is physically absent from Version4 and no approved ECS owner/replacement evidence is joined yet.","deferred"
"Terraria.GameContent.Generation/ShapeRoot.cs","Terraria.GameContent.Generation","1","158","1DA20D7EDBBE58CFAB65406263C3A564792187B28AF638AA1AB511BE640C1BF6","0","","ServerRelevant","Terraria.GameContent.Generation/ShapeRoot.cs::ShapeRoot (removed Version3 declaration)","DEFERRED: no approved ECS owner is proven for the removed type.","DEFERRED: authoritative state shape is not recovered.","DEFERRED: typed command/commit path is not recovered.","DEFERRED: persistence/protocol consequence is not established.","DEFERRED: no focused verifier covers the removed type.","Server-relevant classification is source-shaped, but the file is physically absent from Version4 and no approved ECS owner/replacement evidence is joined yet.","deferred"
"Terraria.GameContent.Generation/ShapeRunner.cs","Terraria.GameContent.Generation","1","186","386FFC060DE8D2F157C1159247B09C6A3A3B0B8D6A3160FD7379DA9E45206BB3","0","","ServerRelevant","Terraria.GameContent.Generation/ShapeRunner.cs::ShapeRunner (removed Version3 declaration)","DEFERRED: no approved ECS owner is proven for the removed type.","DEFERRED: authoritative state shape is not recovered.","DEFERRED: typed command/commit path is not recovered.","DEFERRED: persistence/protocol consequence is not established.","DEFERRED: no focused verifier covers the removed type.","Server-relevant classification is source-shaped, but the file is physically absent from Version4 and no approved ECS owner/replacement evidence is joined yet.","deferred"
"Terraria.GameContent.Golf/FancyGolfPredictionLine.cs","Terraria.GameContent.Golf","2","791","FFC344AEBA5B37850D73D22F00FAE5A84E91551FAD00C569E9633EE50BC3710A","0","","ClientOnly","","","","","","","Excluded from authoritative Simulation ownership by source namespace/role evidence.","deferred"
"Terraria.GameContent.LootSimulation.LootSimulatorConditionSetterTypes/FastConditionSetter.cs","Terraria.GameContent.LootSimulation.LootSimulatorConditionSetterTypes","1","143","D77AD6F989F47C1CFA2B6420B5C578D1FE8D1F9EF7062A45480BB5FCB9D97945","0","","ClientOnly","Build/worldgen-oracle/legacy-instrumented-source/Terraria.GameContent.LootSimulation.LootSimulatorConditionSetterTypes/FastConditionSetter.cs: complete source","No authoritative owner: offline loot-analysis tool","None: simulator-local condition state","None: no server mutation","None: clipboard/report output only","Source-role audit: LootSimulator.Run uses clipboard and local simulation only","Complete source performs offline loot analysis, mutates only simulator-local Main/NPC state, and publishes clipboard text; no authoritative server state","accepted"
"Terraria.GameContent.LootSimulation.LootSimulatorConditionSetterTypes/LuckyCoinConditionSetter.cs","Terraria.GameContent.LootSimulation.LootSimulatorConditionSetterTypes","1","131","B35B84DDEE0B03E0517E0EAE607622AE98E2190F7D7A262C3A017582DDCD470F","0","","ClientOnly","Build/worldgen-oracle/legacy-instrumented-source/Terraria.GameContent.LootSimulation.LootSimulatorConditionSetterTypes/LuckyCoinConditionSetter.cs: complete source","No authoritative owner: offline loot-analysis tool","None: simulator-local condition state","None: no server mutation","None: clipboard/report output only","Source-role audit: LootSimulator.Run uses clipboard and local simulation only","Complete source performs offline loot analysis, mutates only simulator-local Main/NPC state, and publishes clipboard text; no authoritative server state","accepted"
"Terraria.GameContent.LootSimulation.LootSimulatorConditionSetterTypes/SlimeStaffConditionSetter.cs","Terraria.GameContent.LootSimulation.LootSimulatorConditionSetterTypes","1","132","3EF381548FF72C08C2C77CD70160E6DE41F77926C5353E6C61E0F16B4EB6413E","0","","ClientOnly","Build/worldgen-oracle/legacy-instrumented-source/Terraria.GameContent.LootSimulation.LootSimulatorConditionSetterTypes/SlimeStaffConditionSetter.cs: complete source","No authoritative owner: offline loot-analysis tool","None: simulator-local condition state","None: no server mutation","None: clipboard/report output only","Source-role audit: LootSimulator.Run uses clipboard and local simulation only","Complete source performs offline loot analysis, mutates only simulator-local Main/NPC state, and publishes clipboard text; no authoritative server state","accepted"
"Terraria.GameContent.LootSimulation.LootSimulatorConditionSetterTypes/StackedConditionSetter.cs","Terraria.GameContent.LootSimulation.LootSimulatorConditionSetterTypes","1","129","FF2AB43C06A0992605422D45B7720BBCDC1544FA3D57E7EC75BA4A97F1FAACFF","0","","ClientOnly","Build/worldgen-oracle/legacy-instrumented-source/Terraria.GameContent.LootSimulation.LootSimulatorConditionSetterTypes/StackedConditionSetter.cs: complete source","No authoritative owner: offline loot-analysis tool","None: simulator-local condition state","None: no server mutation","None: clipboard/report output only","Source-role audit: LootSimulator.Run uses clipboard and local simulation only","Complete source performs offline loot analysis, mutates only simulator-local Main/NPC state, and publishes clipboard text; no authoritative server state","accepted"
"Terraria.GameContent.LootSimulation/ISimulationConditionSetter.cs","Terraria.GameContent.LootSimulation","1","230","AAF8A03A06EA5CA1E69A52EDC4314640E29A7E31028B04D3EE7FFEA853FB17EB","0","","ClientOnly","Build/worldgen-oracle/legacy-instrumented-source/Terraria.GameContent.LootSimulation/ISimulationConditionSetter.cs: complete source","No authoritative owner: offline loot-analysis tool","None: simulator-local condition state","None: no server mutation","None: clipboard/report output only","Source-role audit: LootSimulator.Run uses clipboard and local simulation only","Complete source performs offline loot analysis, mutates only simulator-local Main/NPC state, and publishes clipboard text; no authoritative server state","accepted"
"Terraria.GameContent.LootSimulation/LootSimulator.cs","Terraria.GameContent.LootSimulation","1","210","6817B7F190A428E718E123D4C82F196AD451CE7E32674C21B23A42E20C1CC21C","0","","ClientOnly","Build/worldgen-oracle/legacy-instrumented-source/Terraria.GameContent.LootSimulation/LootSimulator.cs: complete source","No authoritative owner: offline loot-analysis tool","None: simulator-local condition state","None: no server mutation","None: clipboard/report output only","Source-role audit: LootSimulator.Run uses clipboard and local simulation only","Complete source performs offline loot analysis, mutates only simulator-local Main/NPC state, and publishes clipboard text; no authoritative server state","accepted"
"Terraria.GameContent.LootSimulation/SimulationConditionSetters.cs","Terraria.GameContent.LootSimulation","1","180","692005F58BDE50511630DD6B1154E8429868AE7CEACA8D5E38B473A13F3A8A7F","0","","ClientOnly","Build/worldgen-oracle/legacy-instrumented-source/Terraria.GameContent.LootSimulation/SimulationConditionSetters.cs: complete source","No authoritative owner: offline loot-analysis tool","None: simulator-local condition state","None: no server mutation","None: clipboard/report output only","Source-role audit: LootSimulator.Run uses clipboard and local simulation only","Complete source performs offline loot analysis, mutates only simulator-local Main/NPC state, and publishes clipboard text; no authoritative server state","accepted"
"Terraria.GameContent.Metadata/TileGolfPhysics.cs","Terraria.GameContent.Metadata","1","109","1CE2F435839F676EA327DE6804AB555EEE8B3A152A74E8FF785575469BA60D32","0","","SharedDefinition","","","","","","","Shared declaration/definition surface; no executable server transition is proven by the removed file.","deferred"
"Terraria.GameContent.Metadata/TileMaterial.cs","Terraria.GameContent.Metadata","1","106","7BF58D58C3C6E148D8D8D802F5FE3F9AE3EC970542A7BC291C390746A9F5BAF8","0","","SharedDefinition","","","","","","","Shared declaration/definition surface; no executable server transition is proven by the removed file.","deferred"
"Terraria.GameContent.NetModules/NetDebugModule.cs","Terraria.GameContent.NetModules","1","187","341D08FE35F1295AE808367218AC246F53A9CF4BC7A84899E1B8F8D213D42ED0","0","","ClientOnly","","","","","","","Excluded from authoritative Simulation ownership by source namespace/role evidence.","deferred"
"Terraria.GameContent.ObjectInteractions/PotionOfReturnHelper.cs","Terraria.GameContent.ObjectInteractions","1","132","1745ABD4A6FA539729109F765922FA7FB00F20677F771E99E28AE1577076A293","0","","ClientOnly","Terraria.GameContent.ObjectInteractions/PotionOfReturnHelper.cs::PotionOfReturnHelper (removed Version3 declaration)","Client smart-interaction geometry helper; no authoritative owner required.","Client Player home-position input and computed Rectangle only.","No server command or commit; helper is pure geometry.","No persistence or protocol consequence; caller sets Main smart-interaction UI flags.","Source-chain audit artifact: Build/diagnostics/server-ecs-convergence/P4-deletion/current/potion-of-return-client-only.json","Complete source references are PotionOfReturnSmartInteractCandidateProvider and ReturnGatePlayerRenderer; both are client smart-interaction/rendering paths and the helper has no mutation or server owner.","accepted"
"Terraria.GameContent.Personalities/AllPersonalitiesModifier.cs","Terraria.GameContent.Personalities","1","242","A1798B0CEDE1B818DF6FC03AB6391C2E7ACA884D4C1D15D5094C250417D07BAC","0","","ClientOnly","","","","","","Build/diagnostics/server-ecs-convergence/P4-deletion/current/personality-shop-price-client-only.json","Excluded from authoritative Simulation ownership: complete callers only project local ShopHelper price/happiness settings and no server purchase route exists.","accepted"
"Terraria.GameContent.Personalities/NPCPreferenceTrait.cs","Terraria.GameContent.Personalities","1","258","524F9BDD05737628608E7046F6C68D5B7AE21AF955DD2C97C25BBFE2F7AC01FA","0","","ClientOnly","","","","","","Build/diagnostics/server-ecs-convergence/P4-deletion/current/personality-shop-price-client-only.json","Excluded from authoritative Simulation ownership: complete callers only project local ShopHelper price/happiness settings and no server purchase route exists.","accepted"
"Terraria.GameContent.RGB/BlizzardShader.cs","Terraria.GameContent.RGB","1","141","91C19BB5CDF3B4671426F8191C7679827A4C2DC5C7F405D7789CC820405162C9","0","","ClientOnly","","","","","","","Excluded from authoritative Simulation ownership by source namespace/role evidence.","deferred"
"Terraria.GameContent.RGB/BrainShader.cs","Terraria.GameContent.RGB","1","151","B46B18DA3B9506C32F9D49F155AF2006D6B857DDFB995AE451CCAD0CD27809B3","0","","ClientOnly","","","","","","","Excluded from authoritative Simulation ownership by source namespace/role evidence.","deferred"
"Terraria.GameContent.RGB/CavernShader.cs","Terraria.GameContent.RGB","1","152","8E5F61D6DC5037F64E2240597F094A2E7BA0E85CCA2B8020449A8D0A6AEDDE33","0","","ClientOnly","","","","","","","Excluded from authoritative Simulation ownership by source namespace/role evidence.","deferred"
"Terraria.GameContent.RGB/CorruptSurfaceShader.cs","Terraria.GameContent.RGB","1","157","D0F8DA5B2CC9C74D08D54025A054025133E6FDB6A915613BF6A3A6A81AD01AAC","0","","ClientOnly","","","","","","","Excluded from authoritative Simulation ownership by source namespace/role evidence.","deferred"
"Terraria.GameContent.RGB/CultistShader.cs","Terraria.GameContent.RGB","1","153","DB882E84304DBBAF8EBC9D2183BD1BF32D7D286196945A8AB12479BE6E1180DA","0","","ClientOnly","","","","","","","Excluded from authoritative Simulation ownership by source namespace/role evidence.","deferred"
"Terraria.GameContent.RGB/DD2Shader.cs","Terraria.GameContent.RGB","1","134","73F2AC46A0FB0D4F1CB5315E8FD77FDA0B3C042A288117EC7DC7DB7FCF420049","0","","ClientOnly","","","","","","","Excluded from authoritative Simulation ownership by source namespace/role evidence.","deferred"
"Terraria.GameContent.RGB/DeathShader.cs","Terraria.GameContent.RGB","1","151","DF8BE8923DB6750E2C640D5AA89B43D8F4F16E24ED759C7900ECF4128EFDF03C","0","","ClientOnly","","","","","","","Excluded from authoritative Simulation ownership by source namespace/role evidence.","deferred"
"Terraria.GameContent.RGB/DebugKeyboard.cs","Terraria.GameContent.RGB","1","165","F7B19F7557A03CA089AD68679A4B7A2AE6843BEB051B0B6E73C4B52156FDC304","0","","ClientOnly","","","","","","","Excluded from authoritative Simulation ownership by source namespace/role evidence.","deferred"
"Terraria.GameContent.RGB/DesertShader.cs","Terraria.GameContent.RGB","1","152","AB063FDAC899298CB940A1E3E2AB0FAD31442D40729D9C7B23DE23C90A6E6D2C","0","","ClientOnly","","","","","","","Excluded from authoritative Simulation ownership by source namespace/role evidence.","deferred"
"Terraria.GameContent.RGB/DrippingShader.cs","Terraria.GameContent.RGB","1","158","B5C740ED61183C7BC0B9464C0E85CB00491F43B1E53FE9EFE9DD850279613EA4","0","","ClientOnly","","","","","","","Excluded from authoritative Simulation ownership by source namespace/role evidence.","deferred"
"Terraria.GameContent.RGB/DrowningShader.cs","Terraria.GameContent.RGB","1","136","1317DDE09125624FC1717F572A848D913FF65E9E9FEB4B0ABF5F380F607C4091","0","","ClientOnly","","","","","","","Excluded from authoritative Simulation ownership by source namespace/role evidence.","deferred"
"Terraria.GameContent.RGB/DukeFishronShader.cs","Terraria.GameContent.RGB","1","157","6C2F258532014D1849F32479B301F71BAB41BB9BEBAE2054FAFF4C2069186E6C","0","","ClientOnly","","","","","","","Excluded from authoritative Simulation ownership by source namespace/role evidence.","deferred"
"Terraria.GameContent.RGB/DungeonShader.cs","Terraria.GameContent.RGB","1","153","6995390271205760E09DE787E460E63BF507F73C3121A833B248E1544855E34F","0","","ClientOnly","","","","","","","Excluded from authoritative Simulation ownership by source namespace/role evidence.","deferred"
"Terraria.GameContent.RGB/EmpressShader.cs","Terraria.GameContent.RGB","1","155","5646C2BF9269EB08658E2891617F6F8C3FA3ACA04E18F24E0ADE167E4F3E0256","0","","ClientOnly","","","","","","","Excluded from authoritative Simulation ownership by source namespace/role evidence.","deferred"
"Terraria.GameContent.RGB/EyeballShader.cs","Terraria.GameContent.RGB","1","180","43403A701AFB89E029F6A959A286ACA55720F1E110DD5481FC2AB79824CC9910","0","","ClientOnly","","","","","","","Excluded from authoritative Simulation ownership by source namespace/role evidence.","deferred"
"Terraria.GameContent.RGB/EyeOfCthulhuShader.cs","Terraria.GameContent.RGB","1","158","8AA40AF28A7E77BDDB8A998DCB9A6C9E2CFCAA82FB3B3E1A90B552075D3E4BAB","0","","ClientOnly","","","","","","","Excluded from authoritative Simulation ownership by source namespace/role evidence.","deferred"
"Terraria.GameContent.RGB/FrostLegionShader.cs","Terraria.GameContent.RGB","1","142","4C6A41417BDE1EDAF352DD7AECB45010CCDA478E492A71C9B0BA84DBC975C8A4","0","","ClientOnly","","","","","","","Excluded from authoritative Simulation ownership by source namespace/role evidence.","deferred"
"Terraria.GameContent.RGB/GemCaveShader.cs","Terraria.GameContent.RGB","1","155","5BC455EC7425C42B1F3A69095A72D0589BF257FF26A72CB63DE5209ACD8F1C95","0","","ClientOnly","","","","","","","Excluded from authoritative Simulation ownership by source namespace/role evidence.","deferred"
"Terraria.GameContent.RGB/GoblinArmyShader.cs","Terraria.GameContent.RGB","1","156","6E7FC708FEB7091CD4578BF2363BE9C1CEE2C142F5F0C1C22A76B4683F34D910","0","","ClientOnly","","","","","","","Excluded from authoritative Simulation ownership by source namespace/role evidence.","deferred"
"Terraria.GameContent.RGB/GolemShader.cs","Terraria.GameContent.RGB","1","155","01C18A18701D40D31F931662936E028E0E7B2E4878578E64F0E0DB1A5D60EB0D","0","","ClientOnly","","","","","","","Excluded from authoritative Simulation ownership by source namespace/role evidence.","deferred"
"Terraria.GameContent.RGB/HallowSurfaceShader.cs","Terraria.GameContent.RGB","1","156","CA2359CDB354DC41CFB322E1A2B840E81D35D00A7248FD7C0A2B480B462077A3","0","","ClientOnly","","","","","","","Excluded from authoritative Simulation ownership by source namespace/role evidence.","deferred"
"Terraria.GameContent.RGB/IceShader.cs","Terraria.GameContent.RGB","1","149","F511A24CCAA6C66478F447DE7C20F1DECAB205D15DC77E74D5040E1D034842C0","0","","ClientOnly","","","","","","","Excluded from authoritative Simulation ownership by source namespace/role evidence.","deferred"
"Terraria.GameContent.RGB/JungleShader.cs","Terraria.GameContent.RGB","1","152","F588F620878AE6CE28214772553EBA0DB5A25CB60B4C4F37EC0786C86031F381","0","","ClientOnly","","","","","","","Excluded from authoritative Simulation ownership by source namespace/role evidence.","deferred"
"Terraria.GameContent.RGB/KeybindsMenuShader.cs","Terraria.GameContent.RGB","1","160","83E2013FE1EED4721C7D521F573ECD78E45231B3577E381E1872A356D301C85A","0","","ClientOnly","","","","","","","Excluded from authoritative Simulation ownership by source namespace/role evidence.","deferred"
"Terraria.GameContent.RGB/KingSlimeShader.cs","Terraria.GameContent.RGB","1","155","161E2C2768B04D532BF9E0C831CC6C399FF6E76703DB607FA4EA5922C0E3CDC7","0","","ClientOnly","","","","","","","Excluded from authoritative Simulation ownership by source namespace/role evidence.","deferred"
"Terraria.GameContent.RGB/LavaIndicatorShader.cs","Terraria.GameContent.RGB","1","163","B82AA2E8D6382BF688E05789AA74467DB03EFA76135ED97DDC9EE6DC2A0BB152","0","","ClientOnly","","","","","","","Excluded from authoritative Simulation ownership by source namespace/role evidence.","deferred"
"Terraria.GameContent.RGB/LowLifeShader.cs","Terraria.GameContent.RGB","1","153","E04EABE6BC16A3BAA6C8625D977AD067CA5E439D0C0EF7238843419DB46D4E2C","0","","ClientOnly","","","","","","","Excluded from authoritative Simulation ownership by source namespace/role evidence.","deferred"
"Terraria.GameContent.RGB/MartianMadnessShader.cs","Terraria.GameContent.RGB","1","160","800074C4B8F7F03D64E2333C4CA10F29C61075BCFE03C4750903EDDDEFBDE479","0","","ClientOnly","","","","","","","Excluded from authoritative Simulation ownership by source namespace/role evidence.","deferred"
"Terraria.GameContent.RGB/MeteoriteShader.cs","Terraria.GameContent.RGB","1","155","2A33CFB25FDF9EC90AF0BBC93F3E183C6265193E03C672A655C6CA334D509D2C","0","","ClientOnly","","","","","","","Excluded from authoritative Simulation ownership by source namespace/role evidence.","deferred"
"Terraria.GameContent.RGB/MoonShader.cs","Terraria.GameContent.RGB","1","147","0C993180FDC1FC228F7C82767C0A796966D50791AD6BDEC39E138C4D425C508E","0","","ClientOnly","","","","","","","Excluded from authoritative Simulation ownership by source namespace/role evidence.","deferred"
"Terraria.GameContent.RGB/NoiseHelper.cs","Terraria.GameContent.RGB","1","157","E1D3739E6E5E6D93BF56FFD6A5EDC26A60466D1D5520AD7977B2836FFF3C61F9","0","","ClientOnly","","","","","","","Excluded from authoritative Simulation ownership by source namespace/role evidence.","deferred"
"Terraria.GameContent.RGB/PillarShader.cs","Terraria.GameContent.RGB","1","152","754859001025C2056A5CA0C1FB33DC3B70298C5C588D1C1FE533F2B0940B8BDA","0","","ClientOnly","","","","","","","Excluded from authoritative Simulation ownership by source namespace/role evidence.","deferred"
"Terraria.GameContent.RGB/PirateInvasionShader.cs","Terraria.GameContent.RGB","1","160","E474967EEADAFAEDC6DBC94AE18009AC1B6C5C7D3343561396E2C03F5598657A","0","","ClientOnly","","","","","","","Excluded from authoritative Simulation ownership by source namespace/role evidence.","deferred"
"Terraria.GameContent.RGB/PlanteraShader.cs","Terraria.GameContent.RGB","1","154","BA9620F400DA6795BA6FAEAF52F6EABD2F847EFBFDD757439654D4247086F76F","0","","ClientOnly","","","","","","","Excluded from authoritative Simulation ownership by source namespace/role evidence.","deferred"
"Terraria.GameContent.RGB/QueenBeeShader.cs","Terraria.GameContent.RGB","1","154","398082B1CEE9ED7FF7EE820157A237D954E86C4F597BC975577AC5064E9BCD1C","0","","ClientOnly","","","","","","","Excluded from authoritative Simulation ownership by source namespace/role evidence.","deferred"
"Terraria.GameContent.RGB/QueenSlimeShader.cs","Terraria.GameContent.RGB","1","156","7CD764D4BFA7223091CEC4E1AE64E26023F77AB0FB4712F9E3EDD12E8195AD93","0","","ClientOnly","","","","","","","Excluded from authoritative Simulation ownership by source namespace/role evidence.","deferred"
"Terraria.GameContent.RGB/RainShader.cs","Terraria.GameContent.RGB","1","147","5FF9601C057C4E6A1A27DED3A198E81B389C5189FF916ABBE064486B785A36C5","0","","ClientOnly","","","","","","","Excluded from authoritative Simulation ownership by source namespace/role evidence.","deferred"
"Terraria.GameContent.RGB/SandstormShader.cs","Terraria.GameContent.RGB","1","140","B9CCA71FB87ABA621C6D3B3B49133DFA15D354779ADE9627D037AFC1D8CA1C0E","0","","ClientOnly","","","","","","","Excluded from authoritative Simulation ownership by source namespace/role evidence.","deferred"
"Terraria.GameContent.RGB/SkullShader.cs","Terraria.GameContent.RGB","1","153","6BE085DBD369B6C30F362B0EAB8503BBB470945168C0163DE0FFC5426666D9A3","0","","ClientOnly","","","","","","","Excluded from authoritative Simulation ownership by source namespace/role evidence.","deferred"
"Terraria.GameContent.RGB/SkyShader.cs","Terraria.GameContent.RGB","1","146","97CD7AB530C0C718AF20AC9DC0272AAF98DB5A23943405CDA860960D16F181FE","0","","ClientOnly","","","","","","","Excluded from authoritative Simulation ownership by source namespace/role evidence.","deferred"
"Terraria.GameContent.RGB/SlimeRainShader.cs","Terraria.GameContent.RGB","1","155","9E134CB2ECD7E0C5E1F29813FA88E5CC6B89ADFC1CC8BA3CFAFD3F4C9D9440EE","0","","ClientOnly","","","","","","","Excluded from authoritative Simulation ownership by source namespace/role evidence.","deferred"
"Terraria.GameContent.RGB/SurfaceBiomeShader.cs","Terraria.GameContent.RGB","1","155","9F026CF2C9BF70D1F97CF46895B1E00D4FEA600FA48751B33D88FB2AAB3B0832","0","","ClientOnly","","","","","","","Excluded from authoritative Simulation ownership by source namespace/role evidence.","deferred"
"Terraria.GameContent.RGB/TempleShader.cs","Terraria.GameContent.RGB","1","152","CD86A0BD240FCE958FBF440864B7123BCBD9CF49EB0895CD5CEA8F7D83FA0BAD","0","","ClientOnly","","","","","","","Excluded from authoritative Simulation ownership by source namespace/role evidence.","deferred"
"Terraria.GameContent.RGB/TwinsShader.cs","Terraria.GameContent.RGB","1","151","A123900CDB88F0BFC16618A1F3ADF45DC32F3960DF3DD984E523FE8DB8FA5A77","0","","ClientOnly","","","","","","","Excluded from authoritative Simulation ownership by source namespace/role evidence.","deferred"
"Terraria.GameContent.RGB/UndergroundCorruptionShader.cs","Terraria.GameContent.RGB","1","167","5DC045BCDA023763412D8CD66753CF81B567CC29DA6A9C6FE76CD430A79C3A44","0","","ClientOnly","","","","","","","Excluded from authoritative Simulation ownership by source namespace/role evidence.","deferred"
"Terraria.GameContent.RGB/UndergroundHallowShader.cs","Terraria.GameContent.RGB","1","163","2E3CCA40330D5693C569EB9B9BE91D4BC8C840C351A196FF2D57B018EA75DC6D","0","","ClientOnly","","","","","","","Excluded from authoritative Simulation ownership by source namespace/role evidence.","deferred"
"Terraria.GameContent.RGB/UndergroundMushroomShader.cs","Terraria.GameContent.RGB","1","165","9E371D8A852440783F4CA8C08F74C1C99B9A7A351749B0269F9876C50DAB9ED0","0","","ClientOnly","","","","","","","Excluded from authoritative Simulation ownership by source namespace/role evidence.","deferred"
"Terraria.GameContent.RGB/UnderworldShader.cs","Terraria.GameContent.RGB","1","156","29B0459B48134E513ED9DEF76E47CA8E40D650A157373A54102F87DB1720082A","0","","ClientOnly","","","","","","","Excluded from authoritative Simulation ownership by source namespace/role evidence.","deferred"
"Terraria.GameContent.RGB/VineShader.cs","Terraria.GameContent.RGB","1","135","47CA3D8E6AAEB24959FBEBBB222794928CBC1E09077C5FD0EFA1C4945A684EA3","0","","ClientOnly","","","","","","","Excluded from authoritative Simulation ownership by source namespace/role evidence.","deferred"
"Terraria.GameContent.RGB/VirtualKeyboard.cs","Terraria.GameContent.RGB","1","213","1B6904FF896ED8548368B2C61FE1FB53EE6F55B87345F4B049D6B870DA056A72","0","","ClientOnly","","","","","","","Excluded from authoritative Simulation ownership by source namespace/role evidence.","deferred"
"Terraria.GameContent.RGB/WallOfFleshShader.cs","Terraria.GameContent.RGB","1","157","87F834E716ECBEBBB4BFEA9D7B6AC5D91B31767781A3092248B2B1938D14E026","0","","ClientOnly","","","","","","","Excluded from authoritative Simulation ownership by source namespace/role evidence.","deferred"
"Terraria.GameContent.RGB/WormShader.cs","Terraria.GameContent.RGB","1","150","C265BE58B45EA96ED24BC731880E3733F92D3FFDCCF93A65A5D806DDE9390D61","0","","ClientOnly","","","","","","","Excluded from authoritative Simulation ownership by source namespace/role evidence.","deferred"
"Terraria.GameContent.Shaders/BlizzardShaderData.cs","Terraria.GameContent.Shaders","1","152","BAEA933D65B4044FC04008B194649622AC2E903F9535778CEDB84991504EF2AB","0","","ClientOnly","","","","","","","Excluded from authoritative Simulation ownership by source namespace/role evidence.","deferred"
"Terraria.GameContent.Shaders/BloodMoonScreenShaderData.cs","Terraria.GameContent.Shaders","1","159","EAA909670518961E3CC32C014CD192C978D917A5E99A03ED1B03F42081A85493","0","","ClientOnly","","","","","","","Excluded from authoritative Simulation ownership by source namespace/role evidence.","deferred"
"Terraria.GameContent.Shaders/MoonLordScreenShaderData.cs","Terraria.GameContent.Shaders","1","126","ACDE47FFA500C8DCB4E2BA515F5ABA0E34EC958A0C19380874B14A15AD6729E4","0","","ClientOnly","","","","","","","Excluded from authoritative Simulation ownership by source namespace/role evidence.","deferred"
"Terraria.GameContent.Shaders/SandstormShaderData.cs","Terraria.GameContent.Shaders","1","153","4E3AE835C2BBA9735C1CAF0AC1BFDF5336594EBD0673FBFD46E6386A8CF92511","0","","ClientOnly","","","","","","","Excluded from authoritative Simulation ownership by source namespace/role evidence.","deferred"
"Terraria.GameContent.Shaders/SepiaScreenShaderData.cs","Terraria.GameContent.Shaders","1","178","BBEEBD960BCB8F17FE50DCAD92E031CEEEB5EF474C8A92F5A7FEB4C2953D4518","0","","ClientOnly","","","","","","","Excluded from authoritative Simulation ownership by source namespace/role evidence.","deferred"
"Terraria.GameContent.Shaders/WaterShaderData.cs","Terraria.GameContent.Shaders","1","375","51F78F62BD0F8FE36F059962E0F8901A1CBC58A2A8FE7DFDCA0C2CD8FF0650EF","0","","ClientOnly","","","","","","","Excluded from authoritative Simulation ownership by source namespace/role evidence.","deferred"
"Terraria.GameContent.Skies/AmbientSky.cs","Terraria.GameContent.Skies","1","426","518023E51C37134D46C77AB0A4108322836C7094D7CB3A48F6FDBCFF6E4B330B","0","","ClientOnly","","","","","","","Excluded from authoritative Simulation ownership by source namespace/role evidence.","deferred"
"Terraria.GameContent.Skies/AuroraSky.cs","Terraria.GameContent.Skies","1","334","83EB98667D9A26ACE005B41BBABCBF22C58C2E94B548025D9D6420D8366B2503","0","","ClientOnly","","","","","","","Excluded from authoritative Simulation ownership by source namespace/role evidence.","deferred"
"Terraria.GameContent.Skies/BlizzardSky.cs","Terraria.GameContent.Skies","1","226","E0F264283CDE0CE05989B53921AF788AECC91C7520AA0E69E065F5FCB60BE4CE","0","","ClientOnly","","","","","","","Excluded from authoritative Simulation ownership by source namespace/role evidence.","deferred"
"Terraria.GameContent.Skies/LanternSky.cs","Terraria.GameContent.Skies","1","285","A31EC83F7B08789B5592B95CC787533A50974CB58D16C7D802B1FDB798BE025D","0","","ClientOnly","","","","","","","Excluded from authoritative Simulation ownership by source namespace/role evidence.","deferred"
"Terraria.GameContent.Skies/MartianSky.cs","Terraria.GameContent.Skies","1","225","DA82EE45CFB6EF41F695B575DD909A6131933B452B96856A6D0219E1832E69B6","0","","ClientOnly","","","","","","","Excluded from authoritative Simulation ownership by source namespace/role evidence.","deferred"
"Terraria.GameContent.Skies/MoonLordSky.cs","Terraria.GameContent.Skies","1","226","3CB440F8C44C0C253E7F4B74978393F74B6E462C04180428D970BD8B851F7E1C","0","","ClientOnly","","","","","","","Excluded from authoritative Simulation ownership by source namespace/role evidence.","deferred"
"Terraria.GameContent.Skies/NebulaSky.cs","Terraria.GameContent.Skies","1","248","84157E9FC8BCEB452220422BC2E38F3FE77833260541266D268B9EF3D234E787","0","","ClientOnly","","","","","","","Excluded from authoritative Simulation ownership by source namespace/role evidence.","deferred"
"Terraria.GameContent.Skies/PartySky.cs","Terraria.GameContent.Skies","1","231","131CB260656F939D78747F05B5CBA9A02798AEA7FE4B991D228E0029740662D7","1","Terraria\Main.cs","ClientOnly","","","","","","","Excluded from authoritative Simulation ownership by source namespace/role evidence.","deferred"
"Terraria.GameContent.Skies/SandstormSky.cs","Terraria.GameContent.Skies","1","263","ED7C21A3CEC5D757F3024D0378E2D5AEB73C4C88F8D78ECEA89F2EC5A82CAA67","0","","ClientOnly","","","","","","","Excluded from authoritative Simulation ownership by source namespace/role evidence.","deferred"
"Terraria.GameContent.Skies/SlimeSky.cs","Terraria.GameContent.Skies","1","232","ADD3CF58BD227C3F577DAB116EF3592E3D481EA487629F1957C41865DC39D361","0","","ClientOnly","","","","","","","Excluded from authoritative Simulation ownership by source namespace/role evidence.","deferred"
"Terraria.GameContent.Skies/SolarSky.cs","Terraria.GameContent.Skies","1","247","8636BB0EFEC17B0C0E577C95638B5989001D35F4523C5A52C2453CDD8797FE3A","0","","ClientOnly","","","","","","","Excluded from authoritative Simulation ownership by source namespace/role evidence.","deferred"
"Terraria.GameContent.Skies/StardustSky.cs","Terraria.GameContent.Skies","1","250","4CD483E2998D70FD5AE98DD15B8F1300BD42C95684633E1B1895BE5EDD6A5556","0","","ClientOnly","","","","","","","Excluded from authoritative Simulation ownership by source namespace/role evidence.","deferred"
"Terraria.GameContent.Skies/VortexSky.cs","Terraria.GameContent.Skies","1","248","B6B9F09B64595DC8E928C84C888B0FCCDBB9348FA47C7BFED7BEF5A78557B8B1","0","","ClientOnly","","","","","","","Excluded from authoritative Simulation ownership by source namespace/role evidence.","deferred"
"Terraria.GameContent.UI.BigProgressBar/BigProgressBarHelper.cs","Terraria.GameContent.UI.BigProgressBar","1","197","E1C4E643498267582ECDD6376A98AC1294E8BDFDA8EA47108904D2A7E233A00D","0","","ClientOnly","","","","","","","Excluded from authoritative Simulation ownership by source namespace/role evidence.","deferred"
"Terraria.GameContent.UI.BigProgressBar/BigProgressBarSystem.cs","Terraria.GameContent.UI.BigProgressBar","1","225","43E72DE74A52BE35918ACF4E0B690920BA6C2A3086E499CE06C9853C90EEA4A8","1","Terraria\Main.cs","ClientOnly","","","","","","","Excluded from authoritative Simulation ownership by source namespace/role evidence.","deferred"
"Terraria.GameContent.UI.BigProgressBar/BrainOfCthuluBigProgressBar.cs","Terraria.GameContent.UI.BigProgressBar","1","194","7B52B03EACC5B3A1ECD833E8569E728B46174348FD0CA96F8F6D6CB9A8E0CF0B","0","","ClientOnly","","","","","","","Excluded from authoritative Simulation ownership by source namespace/role evidence.","deferred"
"Terraria.GameContent.UI.BigProgressBar/CommonBossBigProgressBar.cs","Terraria.GameContent.UI.BigProgressBar","1","171","A21E0917BCD2BB7F2E8D5A8F05D01ED00CD8D855D04286C0537E4E861FE3C613","0","","ClientOnly","","","","","","","Excluded from authoritative Simulation ownership by source namespace/role evidence.","deferred"
"Terraria.GameContent.UI.BigProgressBar/DeerclopsBigProgressBar.cs","Terraria.GameContent.UI.BigProgressBar","1","170","4F11EFF8C3E9036C4EACB7C225108FE545DB5CCA5C6E2F367D44295A13301E9E","0","","ClientOnly","","","","","","","Excluded from authoritative Simulation ownership by source namespace/role evidence.","deferred"
"Terraria.GameContent.UI.BigProgressBar/EaterOfWorldsProgressBar.cs","Terraria.GameContent.UI.BigProgressBar","1","191","586D0F3CEE584CE6F5B0017CB2505F7F247E77C42B6661266832C73864468040","0","","ClientOnly","","","","","","","Excluded from authoritative Simulation ownership by source namespace/role evidence.","deferred"
"Terraria.GameContent.UI.BigProgressBar/GolemHeadProgressBar.cs","Terraria.GameContent.UI.BigProgressBar","1","222","1B5E22D94FBC405643E7C8C4B79CA58350ABD3B1F005CB2A12BEC080F978F62F","0","","ClientOnly","","","","","","","Excluded from authoritative Simulation ownership by source namespace/role evidence.","deferred"
"Terraria.GameContent.UI.BigProgressBar/IBigProgressBar.cs","Terraria.GameContent.UI.BigProgressBar","1","141","8B25C6F3B5538921C51FD8E56FFF62BEFE49573E12C2681301A9A4EEAFA43A8C","0","","ClientOnly","","","","","","","Excluded from authoritative Simulation ownership by source namespace/role evidence.","deferred"
"Terraria.GameContent.UI.BigProgressBar/LunarPillarBigProgessBar.cs","Terraria.GameContent.UI.BigProgressBar","1","184","B10DD6818C445717923FC42D5F9900039F552F36150B20755D42C91E3DD6138C","0","","ClientOnly","","","","","","","Excluded from authoritative Simulation ownership by source namespace/role evidence.","deferred"
"Terraria.GameContent.UI.BigProgressBar/MartianSaucerBigProgressBar.cs","Terraria.GameContent.UI.BigProgressBar","1","229","CD682BDC3B5F56C13E391736432EBF5BDB257DC0D9549D32208B03758CA4DEC0","0","","ClientOnly","","","","","","","Excluded from authoritative Simulation ownership by source namespace/role evidence.","deferred"
"Terraria.GameContent.UI.BigProgressBar/MoonLordProgressBar.cs","Terraria.GameContent.UI.BigProgressBar","1","221","DB3733904817C61404D69A2ADD1B219AC0C09A75E43AB467255F963115303EBC","0","","ClientOnly","","","","","","","Excluded from authoritative Simulation ownership by source namespace/role evidence.","deferred"
"Terraria.GameContent.UI.BigProgressBar/NebulaPillarBigProgressBar.cs","Terraria.GameContent.UI.BigProgressBar","1","101","75C52F4235BE0F5C241FFB46DD5EC0FF96B1B308D8EB4F076BC2C6C209ABC7B8","0","","ClientOnly","","","","","","","Excluded from authoritative Simulation ownership by source namespace/role evidence.","deferred"
"Terraria.GameContent.UI.BigProgressBar/NeverValidProgressBar.cs","Terraria.GameContent.UI.BigProgressBar","1","139","52F697F548BD05F4C9B1D951A06D44EAFB10A19316E3F48C52F7DAA448620DCC","0","","ClientOnly","","","","","","","Excluded from authoritative Simulation ownership by source namespace/role evidence.","deferred"
"Terraria.GameContent.UI.BigProgressBar/PirateShipBigProgressBar.cs","Terraria.GameContent.UI.BigProgressBar","1","226","C907F33C3E4AC12BC0567B6F6183221282A6862BE4697017C2A18100BE0BC000","0","","ClientOnly","","","","","","","Excluded from authoritative Simulation ownership by source namespace/role evidence.","deferred"
"Terraria.GameContent.UI.BigProgressBar/SolarFlarePillarBigProgressBar.cs","Terraria.GameContent.UI.BigProgressBar","1","105","33885705F9FFFA686DF1CC621C9AA5E1DCB24740F4DD69090AA4B69633999F71","0","","ClientOnly","","","","","","","Excluded from authoritative Simulation ownership by source namespace/role evidence.","deferred"
"Terraria.GameContent.UI.BigProgressBar/StardustPillarBigProgressBar.cs","Terraria.GameContent.UI.BigProgressBar","1","103","ECE02DB2DFBCFD8EA404D7CAEBDF5F533388399E2FB019EC7827A3903503D4FE","0","","ClientOnly","","","","","","","Excluded from authoritative Simulation ownership by source namespace/role evidence.","deferred"
"Terraria.GameContent.UI.BigProgressBar/TwinsBigProgressBar.cs","Terraria.GameContent.UI.BigProgressBar","1","166","60D1349A6FB7DCF3276CC33B7D9CFFC3EF837AEEDB6E94973785E704CDFDDDC8","0","","ClientOnly","","","","","","","Excluded from authoritative Simulation ownership by source namespace/role evidence.","deferred"
"Terraria.GameContent.UI.BigProgressBar/VortexPillarBigProgressBar.cs","Terraria.GameContent.UI.BigProgressBar","1","101","2D7B02D665E5DE9733EAA2591FF5476A42EE4A3643EC71836C2E9DC5AFEC3070","0","","ClientOnly","","","","","","","Excluded from authoritative Simulation ownership by source namespace/role evidence.","deferred"
"Terraria.GameContent.UI.Chat/LegacyChatMonitor.cs","Terraria.GameContent.UI.Chat","1","223","B1117D1F39B579BD8B0D72B202250F329DB7F9798F4D67DE80F2D29123FE2194","0","","ClientOnly","","","","","","","Excluded from authoritative Simulation ownership by source namespace/role evidence.","deferred"
"Terraria.GameContent.UI.Chat/PlainTagHandler.cs","Terraria.GameContent.UI.Chat","1","140","AB1C36A103A541EF72D4E37446633426D897AD3100F9A80FBC74C3AA049E34CE","0","","ClientOnly","","","","","","","Excluded from authoritative Simulation ownership by source namespace/role evidence.","deferred"
"Terraria.GameContent.UI.Elements/AWorldListItem.cs","Terraria.GameContent.UI.Elements","1","301","867EE1D0F92253DA5D0EC36EC08872516CADBD1C05FF436D7A81B5E319233E70","0","","ClientOnly","","","","","","","Excluded from authoritative Simulation ownership by source namespace/role evidence.","deferred"
"Terraria.GameContent.UI.Elements/EmoteButton.cs","Terraria.GameContent.UI.Elements","1","249","9E8571B2D9A0DB3104CD9A5655614720DE9BB680DB40F482B332225CF18A20DA","0","","ClientOnly","","","","","","","Excluded from authoritative Simulation ownership by source namespace/role evidence.","deferred"
"Terraria.GameContent.UI.Elements/EmotesGroupListItem.cs","Terraria.GameContent.UI.Elements","1","237","28E557DF0A6DF6AC386D496714FAB6CAEA6AED0C177491BB877B1AEBF1B82CE7","0","","ClientOnly","","","","","","","Excluded from authoritative Simulation ownership by source namespace/role evidence.","deferred"
"Terraria.GameContent.UI.Elements/ExtraBestiaryInfoPageInformation.cs","Terraria.GameContent.UI.Elements","0","88","7563D9E08BF51F33405A70597F7381018A6520A5766CFA69801A773E4C8FF8B0","0","","ClientOnly","","","","","","","Excluded from authoritative Simulation ownership by source namespace/role evidence.","deferred"
"Terraria.GameContent.UI.Elements/IColorable.cs","Terraria.GameContent.UI.Elements","1","147","2E252BD9DA8031DDBBC7CEED08FCD345A77937B73ACECB29503D673AC1D36423","0","","ClientOnly","","","","","","","Excluded from authoritative Simulation ownership by source namespace/role evidence.","deferred"
"Terraria.GameContent.UI.Elements/IManuallyOrderedUIElement.cs","Terraria.GameContent.UI.Elements","1","134","3FC51DAE9B3B73EA626C77ED4BE92F5403615C77C5C371A8C89282636AF1FC9E","0","","ClientOnly","","","","","","","Excluded from authoritative Simulation ownership by source namespace/role evidence.","deferred"
"Terraria.GameContent.UI.Elements/PowerStripUIElement.cs","Terraria.GameContent.UI.Elements","1","177","F38D102419C56E1289D49D17F90A870A48EBE2EE28A01BC60BAF4B434AAC1553","0","","ClientOnly","","","","","","","Excluded from authoritative Simulation ownership by source namespace/role evidence.","deferred"
"Terraria.GameContent.UI.Elements/UIAchievementListItem.cs","Terraria.GameContent.UI.Elements","1","306","C3322DE9DEEBA955F7DF92914AC704CC74A092C8D72D5610BC65C368E6ECA485","0","","ClientOnly","","","","","","","Excluded from authoritative Simulation ownership by source namespace/role evidence.","deferred"
"Terraria.GameContent.UI.Elements/UIBestiaryEntryButton.cs","Terraria.GameContent.UI.Elements","1","325","A2DD832B8CBDB38504A7F7DA7CB25CB82DC9B91FB6D4B8C1C0AB8C4356D72FB0","0","","ClientOnly","","","","","","","Excluded from authoritative Simulation ownership by source namespace/role evidence.","deferred"
"Terraria.GameContent.UI.Elements/UIBestiaryEntryGrid.cs","Terraria.GameContent.UI.Elements","1","230","A651A62ECC21AF6FD04F1F71467DC5133A8AB1CD284D776F066B8FC863ED19AA","0","","ClientOnly","","","","","","","Excluded from authoritative Simulation ownership by source namespace/role evidence.","deferred"
"Terraria.GameContent.UI.Elements/UIBestiaryEntryIcon.cs","Terraria.GameContent.UI.Elements","1","245","36FE68B676616D50F5FC45D87FE867863E4423D177EB36C029E9FAA44DC4BC2F","0","","ClientOnly","","","","","","","Excluded from authoritative Simulation ownership by source namespace/role evidence.","deferred"
"Terraria.GameContent.UI.Elements/UIBestiaryEntryInfoPage.cs","Terraria.GameContent.UI.Elements","1","236","856C2FA4ED5870608B7A7C2D3EA9AC1EB2897ACA9A3EB0E6967FD8F3473C81E5","0","","ClientOnly","","","","","","","Excluded from authoritative Simulation ownership by source namespace/role evidence.","deferred"
"Terraria.GameContent.UI.Elements/UIBestiaryFilteringOptionsGrid.cs","Terraria.GameContent.UI.Elements","1","385","78B20AEC9CD73694B909744380101FAD279A1BC5146457CEBBE950612D1FD440","0","","ClientOnly","","","","","","","Excluded from authoritative Simulation ownership by source namespace/role evidence.","deferred"
"Terraria.GameContent.UI.Elements/UIBestiaryInfoItemLine.cs","Terraria.GameContent.UI.Elements","1","366","920AD1FBB62595099F1DACC2AF5D80186100B78FE5290837FBF760E08F2F1266","0","","ClientOnly","","","","","","","Excluded from authoritative Simulation ownership by source namespace/role evidence.","deferred"
"Terraria.GameContent.UI.Elements/UIBestiaryInfoLine.cs","Terraria.GameContent.UI.Elements","1","182","B05FD3B530B08B2A753FC4BC40667BD1114533696A40D9496BDC48EB30C99FC8","0","","ClientOnly","","","","","","","Excluded from authoritative Simulation ownership by source namespace/role evidence.","deferred"
"Terraria.GameContent.UI.Elements/UIBestiaryNPCEntryPortrait.cs","Terraria.GameContent.UI.Elements","1","287","52F8CCAE2AA064AEB1D0052F08E465289E72FEBD499BAFADDB328FE32072B286","0","","ClientOnly","","","","","","","Excluded from authoritative Simulation ownership by source namespace/role evidence.","deferred"
"Terraria.GameContent.UI.Elements/UIBestiarySortingOptionsGrid.cs","Terraria.GameContent.UI.Elements","1","324","E97C04DB146E8B6F7FF078F05975733B797A668ECA8EE149524767A4BCF9E113","0","","ClientOnly","","","","","","","Excluded from authoritative Simulation ownership by source namespace/role evidence.","deferred"
"Terraria.GameContent.UI.Elements/UICharacter.cs","Terraria.GameContent.UI.Elements","1","236","6D8286B727DF1222B98D3D12E77C31F34B69B968426593497D1056BCD7C7B9C9","0","","ClientOnly","","","","","","","Excluded from authoritative Simulation ownership by source namespace/role evidence.","deferred"
"Terraria.GameContent.UI.Elements/UICharacterListItem.cs","Terraria.GameContent.UI.Elements","1","378","9E97ED7B05E718775CF3580E169F9B24318C42664F1134D0E79DAC3873117770","0","","ClientOnly","","","","","","","Excluded from authoritative Simulation ownership by source namespace/role evidence.","deferred"
"Terraria.GameContent.UI.Elements/UICharacterNameButton.cs","Terraria.GameContent.UI.Elements","1","259","FDB2C47CE42271ED0AADF37BEC4A494791F1920E9299335BAA283A6FEA7AEEDA","0","","ClientOnly","","","","","","","Excluded from authoritative Simulation ownership by source namespace/role evidence.","deferred"
"Terraria.GameContent.UI.Elements/UIClothStyleButton.cs","Terraria.GameContent.UI.Elements","1","241","5BB5229841A085F2061A0C9A2B77F88B6CC16C4639C0A3E489A0BF2FDC976857","0","","ClientOnly","","","","","","","Excluded from authoritative Simulation ownership by source namespace/role evidence.","deferred"
"Terraria.GameContent.UI.Elements/UIColoredImageButton.cs","Terraria.GameContent.UI.Elements","1","228","9AF00BD7807B5709474B9B641B15452E1F92E689301BE817E7486DFBB38F8D8D","0","","ClientOnly","","","","","","","Excluded from authoritative Simulation ownership by source namespace/role evidence.","deferred"
"Terraria.GameContent.UI.Elements/UIColoredSlider.cs","Terraria.GameContent.UI.Elements","1","271","311D74B5E6FC50351110279E64C4A52BCEE1F597A4E748F8A91A4360F0E7E7EE","0","","ClientOnly","","","","","","","Excluded from authoritative Simulation ownership by source namespace/role evidence.","deferred"
"Terraria.GameContent.UI.Elements/UIColoredSliderSimple.cs","Terraria.GameContent.UI.Elements","1","185","16A91827813B39AFDAA6E13136605F6F4B3330BEC242C0901653B9BB8A0EFE92","0","","ClientOnly","","","","","","","Excluded from authoritative Simulation ownership by source namespace/role evidence.","deferred"
"Terraria.GameContent.UI.Elements/UICreativeInfiniteItemsDisplay.cs","Terraria.GameContent.UI.Elements","1","429","B19FF3E9ACD354071EA0B583A9F7457049E3F68A3AF3AB26E8A9BF94F290FA5D","0","","ClientOnly","","","","","","","Excluded from authoritative Simulation ownership by source namespace/role evidence.","deferred"
"Terraria.GameContent.UI.Elements/UICreativeItemGrid.cs","Terraria.GameContent.UI.Elements","1","248","59EEDB98CDA75666D4578772A62DF4C99E3D89C107D69406728312F6C687AFFE","0","","ClientOnly","","","","","","","Excluded from authoritative Simulation ownership by source namespace/role evidence.","deferred"
"Terraria.GameContent.UI.Elements/UICreativeItemsInfiniteFilteringOptions.cs","Terraria.GameContent.UI.Elements","1","400","74303D443153CFADA6353EA5EDFD5C9B5AB9049CFBF7502487C82F3C5C1120EE","0","","ClientOnly","","","","","","","Excluded from authoritative Simulation ownership by source namespace/role evidence.","deferred"
"Terraria.GameContent.UI.Elements/UICreativePowerButton.cs","Terraria.GameContent.UI.Elements","1","115","BB86576A48E57EA855165E2F66B30F0BFEA2DB42D2665E9E2D28A86EF2CD2011","0","","ClientOnly","","","","","","","Excluded from authoritative Simulation ownership by source namespace/role evidence.","deferred"
"Terraria.GameContent.UI.Elements/UICyclingImage.cs","Terraria.GameContent.UI.Elements","1","214","47D0B5FC4999D41188164E5BA56966EBACAF06159FC3364FC2456EFEC6F67939","0","","ClientOnly","","","","","","","Excluded from authoritative Simulation ownership by source namespace/role evidence.","deferred"
"Terraria.GameContent.UI.Elements/UIDebugCommandItem.cs","Terraria.GameContent.UI.Elements","1","331","F3C5D34EA391ACEB6BFF89ED088446D80465B7E9F8F5BB352507B50EB0FF8639","0","","ClientOnly","","","","","","","Excluded from authoritative Simulation ownership by source namespace/role evidence.","deferred"
"Terraria.GameContent.UI.Elements/UIDifficultyButton.cs","Terraria.GameContent.UI.Elements","1","256","F4F91DBC1011271DFECD702A4BA735885CD6265F53F0DE08781C250B24A73BB6","0","","ClientOnly","","","","","","","Excluded from authoritative Simulation ownership by source namespace/role evidence.","deferred"
"Terraria.GameContent.UI.Elements/UIDynamicItemCollection.cs","Terraria.GameContent.UI.Elements","2","387","31EFCD6331ED4A6989D55C2DBA5851614C97394929660956A6D27C6E597D0A38","0","","ClientOnly","","","","","","","Excluded from authoritative Simulation ownership by source namespace/role evidence.","deferred"
"Terraria.GameContent.UI.Elements/UIHairStyleButton.cs","Terraria.GameContent.UI.Elements","1","229","81AD8946FC52DFE640372A91AC286CFFE850B3E74D303870CA86D1157B9D67EF","0","","ClientOnly","","","","","","","Excluded from authoritative Simulation ownership by source namespace/role evidence.","deferred"
"Terraria.GameContent.UI.Elements/UIHorizontalSeparator.cs","Terraria.GameContent.UI.Elements","1","209","13A1E138F7666302AACE917F01576F6D4BC792DB991CBAC171733DE06D570435","0","","ClientOnly","","","","","","","Excluded from authoritative Simulation ownership by source namespace/role evidence.","deferred"
"Terraria.GameContent.UI.Elements/UIIconTextButton.cs","Terraria.GameContent.UI.Elements","1","289","F77FD5532C4CA8A777B8D2903477CCBDED1C403B8931A5759216E10530FDB9D3","0","","ClientOnly","","","","","","","Excluded from authoritative Simulation ownership by source namespace/role evidence.","deferred"
"Terraria.GameContent.UI.Elements/UIImage.cs","Terraria.GameContent.UI.Elements","1","195","9E063F7FAA30875ED98060A9EC70AC831D8333319FBC43D16A61F9A5DD24A3FF","0","","ClientOnly","","","","","","","Excluded from authoritative Simulation ownership by source namespace/role evidence.","deferred"
"Terraria.GameContent.UI.Elements/UIImageButton.cs","Terraria.GameContent.UI.Elements","1","221","175CFD4EF399B1A68657A50388DEA8582CABF6137F696EFD138EF196FF739153","0","","ClientOnly","","","","","","","Excluded from authoritative Simulation ownership by source namespace/role evidence.","deferred"
"Terraria.GameContent.UI.Elements/UIImageFramed.cs","Terraria.GameContent.UI.Elements","1","201","25FD83509C0379D334B04BAE1BDD8B341A3A9A037F6E8276CDB848AFA0D55D65","0","","ClientOnly","","","","","","","Excluded from authoritative Simulation ownership by source namespace/role evidence.","deferred"
"Terraria.GameContent.UI.Elements/UIImageWithBorder.cs","Terraria.GameContent.UI.Elements","1","205","87F0CF717C323BF54887373250A6AE318EF79942693BF67EFD76C1A87AAB6826","0","","ClientOnly","","","","","","","Excluded from authoritative Simulation ownership by source namespace/role evidence.","deferred"
"Terraria.GameContent.UI.Elements/UIItemIcon.cs","Terraria.GameContent.UI.Elements","1","174","1FE0B4BFAD5F43BBD5E5A8A06EAD94376FA443FA3139CC636A57AE8FBBCD3D2F","0","","ClientOnly","","","","","","","Excluded from authoritative Simulation ownership by source namespace/role evidence.","deferred"
"Terraria.GameContent.UI.Elements/UIItemSlot.cs","Terraria.GameContent.UI.Elements","1","174","541F4A2C3AF469845B67A3E4E1DE6B54DCB8F9A775BA1BA499DB33ED8F69E24D","0","","ClientOnly","","","","","","","Excluded from authoritative Simulation ownership by source namespace/role evidence.","deferred"
"Terraria.GameContent.UI.Elements/UIKeybindingListItem.cs","Terraria.GameContent.UI.Elements","1","338","2E195165D692CB30B0CCB999A618E5F2EAF33946FE94E328B7AB09BEDCAFC46E","0","","ClientOnly","","","","","","","Excluded from authoritative Simulation ownership by source namespace/role evidence.","deferred"
"Terraria.GameContent.UI.Elements/UIKeybindingSimpleListItem.cs","Terraria.GameContent.UI.Elements","1","230","6318118967955A78C87A1C44D0FA15EF1E2BE5B809D2EEA6015284681EE786C0","0","","ClientOnly","","","","","","","Excluded from authoritative Simulation ownership by source namespace/role evidence.","deferred"
"Terraria.GameContent.UI.Elements/UIKeybindingSliderItem.cs","Terraria.GameContent.UI.Elements","1","277","0BB06DF8E5438239D1EEB9927E1DC935B795751821D58F00AB79E531795E5EE2","0","","ClientOnly","","","","","","","Excluded from authoritative Simulation ownership by source namespace/role evidence.","deferred"
"Terraria.GameContent.UI.Elements/UIKeybindingToggleListItem.cs","Terraria.GameContent.UI.Elements","1","254","D619537C9AC1464CEC675C9EA234F262371BEFB20E16A09A87538392B464645A","0","","ClientOnly","","","","","","","Excluded from authoritative Simulation ownership by source namespace/role evidence.","deferred"
"Terraria.GameContent.UI.Elements/UIParticleLayer.cs","Terraria.GameContent.UI.Elements","1","215","D1E083D80700D365342E16E356316E7BBFA548B794CE66C31CDA34C8349BE219","0","","ClientOnly","","","","","","","Excluded from authoritative Simulation ownership by source namespace/role evidence.","deferred"
"Terraria.GameContent.UI.Elements/UIProgressBar.cs","Terraria.GameContent.UI.Elements","1","174","1BC966EB3099A177AE4B663AD69142FF592749C5A20B461F1960A6EFB0599735","0","","ClientOnly","","","","","","","Excluded from authoritative Simulation ownership by source namespace/role evidence.","deferred"
"Terraria.GameContent.UI.Elements/UIResourcePack.cs","Terraria.GameContent.UI.Elements","1","252","BBD0A58235F04FE8DF7E637AB38A4716E1A3028E00F24508BDAC523B070E1FB1","0","","ClientOnly","","","","","","","Excluded from authoritative Simulation ownership by source namespace/role evidence.","deferred"
"Terraria.GameContent.UI.Elements/UIResourcePackInfoButton.cs","Terraria.GameContent.UI.Elements","1","235","EF5C0FFF2FCFE174D3CB4124EB99C92D52ACDA2A0695BF5F9CF0CCB60AB3B007","0","","ClientOnly","","","","","","","Excluded from authoritative Simulation ownership by source namespace/role evidence.","deferred"
"Terraria.GameContent.UI.Elements/UISearchBar.cs","Terraria.GameContent.UI.Elements","1","270","EDE0E461CBA246746E6FBB6D744C3F12FEBA729645D52EAC9FD3256BC68A5E1D","0","","ClientOnly","","","","","","","Excluded from authoritative Simulation ownership by source namespace/role evidence.","deferred"
"Terraria.GameContent.UI.Elements/UISelectableTextPanel.cs","Terraria.GameContent.UI.Elements","1","227","1E100DCBEF08282F337A396BB47826F0B679CD2969081EB12C4D3186CB02F083","0","","ClientOnly","","","","","","","Excluded from authoritative Simulation ownership by source namespace/role evidence.","deferred"
"Terraria.GameContent.UI.Elements/UISlicedImage.cs","Terraria.GameContent.UI.Elements","1","198","4F3DF28DA493DFE69912189F597D493ADA5222179F2C70CC393D18559D644377","0","","ClientOnly","","","","","","","Excluded from authoritative Simulation ownership by source namespace/role evidence.","deferred"
"Terraria.GameContent.UI.Elements/UISliderBase.cs","Terraria.GameContent.UI.Elements","1","107","68C04D86F34A4D09FDD39B04006BF21DA71D997E3E5EDDD37ED5A59199CAE1E9","0","","ClientOnly","","","","","","","Excluded from authoritative Simulation ownership by source namespace/role evidence.","deferred"
"Terraria.GameContent.UI.Elements/UITextBox.cs","Terraria.GameContent.UI.Elements","1","219","5DCE6D879D7FAB48E28298D002504D97B4544F7ADC871406A6D8CA0B419C7CEE","0","","ClientOnly","","","","","","","Excluded from authoritative Simulation ownership by source namespace/role evidence.","deferred"
"Terraria.GameContent.UI.Elements/UITextPanel.cs","Terraria.GameContent.UI.Elements","1","200","0AEFE61E8963BC3E07C1D78C32110C8394A64D7072A19A1A6CAFB15F888A68A6","0","","ClientOnly","","","","","","","Excluded from authoritative Simulation ownership by source namespace/role evidence.","deferred"
"Terraria.GameContent.UI.Elements/UIToggleImage.cs","Terraria.GameContent.UI.Elements","1","201","AA521EB50335665EC3753ED09382909C9626A20472A066079F5B397D0D10019B","0","","ClientOnly","","","","","","","Excluded from authoritative Simulation ownership by source namespace/role evidence.","deferred"
"Terraria.GameContent.UI.Elements/UIVerticalSeparator.cs","Terraria.GameContent.UI.Elements","1","207","9051424812F7BAA84BE088105BE6202704A39C4423441831CB72F91363FDBAD1","0","","ClientOnly","","","","","","","Excluded from authoritative Simulation ownership by source namespace/role evidence.","deferred"
"Terraria.GameContent.UI.Elements/UIVerticalSlider.cs","Terraria.GameContent.UI.Elements","1","222","6221FFD3C6381DFD3F22969AF6F6A0FCC751AFEFB3D9084A9412D8F309AB3ECC","0","","ClientOnly","","","","","","","Excluded from authoritative Simulation ownership by source namespace/role evidence.","deferred"
"Terraria.GameContent.UI.Elements/UIWorkshopImportWorldListItem.cs","Terraria.GameContent.UI.Elements","1","370","38C9BF410959091F9D61A7881D594E52B9CE79EB038F33BA216AD5881A83746B","0","","ClientOnly","","","","","","","Excluded from authoritative Simulation ownership by source namespace/role evidence.","deferred"
"Terraria.GameContent.UI.Elements/UIWorkshopPublishResourcePackListItem.cs","Terraria.GameContent.UI.Elements","1","366","CAD6A3A849BE4A5233B9C24F4C914BE90333AB5B3661A5EB0EED36E139E3E38D","0","","ClientOnly","","","","","","","Excluded from authoritative Simulation ownership by source namespace/role evidence.","deferred"
"Terraria.GameContent.UI.Elements/UIWorkshopPublishWorldListItem.cs","Terraria.GameContent.UI.Elements","1","304","A50554FD780505AE626720BBB8036C9B34B3C44A7E861C3B60AA1C963164AB5D","0","","ClientOnly","","","","","","","Excluded from authoritative Simulation ownership by source namespace/role evidence.","deferred"
"Terraria.GameContent.UI.Elements/UIWorldCreationPreview.cs","Terraria.GameContent.UI.Elements","1","207","C09505DFE481E1CF4AC95F102159D5D57D868BF32928D4782D3ECB56F2F6DCAF","0","","ClientOnly","","","","","","","Excluded from authoritative Simulation ownership by source namespace/role evidence.","deferred"
"Terraria.GameContent.UI.Elements/UIWorldListItem.cs","Terraria.GameContent.UI.Elements","1","375","0523159E3300C3B1D2213A2A6DB64309C8E574981E9B6CDC398A7645C2CB645E","0","","ClientOnly","","","","","","","Excluded from authoritative Simulation ownership by source namespace/role evidence.","deferred"
"Terraria.GameContent.UI.Elements/UIWrappedSearchBar.cs","Terraria.GameContent.UI.Elements","1","306","04535F4E60C261C29F6929507842B386E4DC36580900A75E94A4E3F7EEFBCDEB","0","","ClientOnly","","","","","","","Excluded from authoritative Simulation ownership by source namespace/role evidence.","deferred"
"Terraria.GameContent.UI.ResourceSets/ClassicPlayerResourcesDisplaySet.cs","Terraria.GameContent.UI.ResourceSets","1","234","1197671C154EF5FEA67D170DF00C11F0DA9CD0ACDBB24D8A2CB39E54CA071705","0","","ClientOnly","","","","","","","Excluded from authoritative Simulation ownership by source namespace/role evidence.","deferred"
"Terraria.GameContent.UI.ResourceSets/CommonResourceBarMethods.cs","Terraria.GameContent.UI.ResourceSets","1","99","49DA238303AFC9B66263C6CCDFB3AF6D0FD973EEE1AC39751B384ED7A8A12D87","0","","ClientOnly","","","","","","","Excluded from authoritative Simulation ownership by source namespace/role evidence.","deferred"
"Terraria.GameContent.UI.ResourceSets/FancyClassicPlayerResourcesDisplaySet.cs","Terraria.GameContent.UI.ResourceSets","1","263","9B64393224179CAEF26B4D5F1C51E9E464A5CC5123B5CE69B3A1996832FEA04A","0","","ClientOnly","","","","","","","Excluded from authoritative Simulation ownership by source namespace/role evidence.","deferred"
"Terraria.GameContent.UI.ResourceSets/HorizontalBarsPlayerResourcesDisplaySet.cs","Terraria.GameContent.UI.ResourceSets","1","265","28C35C79D5F9DDD58FB7CEFBFB02506BBBB752DB9FB1B19B73265C9781C79051","0","","ClientOnly","","","","","","","Excluded from authoritative Simulation ownership by source namespace/role evidence.","deferred"
"Terraria.GameContent.UI.ResourceSets/PlayerResourceSetsManager.cs","Terraria.GameContent.UI.ResourceSets","1","196","F5D06AF2E4B2A8C71A7146DCF8AC84E0D93956042221A9166CBF99EA81080FE8","1","Terraria\Main.cs","ClientOnly","","","","","","","Excluded from authoritative Simulation ownership by source namespace/role evidence.","deferred"
"Terraria.GameContent.UI.ResourceSets/PlayerResourceSetsManager2.cs","Terraria.GameContent.UI.ResourceSets","1","177","037C10D5698E8E1A407D1BE0D3C030B0B4CE4575EDF7913D9D813AB5AD06CBF2","0","","ClientOnly","","","","","","","Excluded from authoritative Simulation ownership by source namespace/role evidence.","deferred"
"Terraria.GameContent.UI.ResourceSets/PlayerStatsSnapshot.cs","Terraria.GameContent.UI.ResourceSets","0","52","E025F314856AEC31469C42E4C573825E91189B062274B24EDD7166830B9F591B","0","","ClientOnly","","","","","","","Excluded from authoritative Simulation ownership by source namespace/role evidence.","deferred"
"Terraria.GameContent.UI.ResourceSets/ResourceDrawSettings.cs","Terraria.GameContent.UI.ResourceSets","0","151","641D7B7BD76C91F1ED20BA2D2243189F7E66EDD20155D3B132B06EDFBADFFE38","0","","ClientOnly","","","","","","","Excluded from authoritative Simulation ownership by source namespace/role evidence.","deferred"
"Terraria.GameContent.UI.States/AWorkshopPublishInfoState.cs","Terraria.GameContent.UI.States","1","558","2D2F66E5BD41CBF3EF142CD332CCFE6EC81E0F4AFA8B943FC998F00A14E8ADC9","0","","ClientOnly","","","","","","","Excluded from authoritative Simulation ownership by source namespace/role evidence.","deferred"
"Terraria.GameContent.UI.States/UIAchievementsMenu.cs","Terraria.GameContent.UI.States","1","435","83D5F60433F4E3EBA33B3D80AE06BE7F9E07897D22FEBEAB3ED608CE9FF20F31","1","Terraria\Main.cs","ClientOnly","","","","","","","Excluded from authoritative Simulation ownership by source namespace/role evidence.","deferred"
"Terraria.GameContent.UI.States/UIBestiaryTest.cs","Terraria.GameContent.UI.States","1","467","574ABED198E51A972AA7CA9E42ECB585F0E4A71AD39104AAE62231B019CE9169","1","Terraria\Main.cs","ClientOnly","","","","","","","Excluded from authoritative Simulation ownership by source namespace/role evidence.","deferred"
"Terraria.GameContent.UI.States/UICharacterCreation.cs","Terraria.GameContent.UI.States","1","601","F6AAD65F28DCD5204A08A96438FBCD1C1AC6049A6D935255B0ADB581C176D9AB","0","","ClientOnly","","","","","","","Excluded from authoritative Simulation ownership by source namespace/role evidence.","deferred"
"Terraria.GameContent.UI.States/UICharacterSelect.cs","Terraria.GameContent.UI.States","1","435","2522007A23E6FFCAA77BB00702D1EC4A5255771C2A40A2FB5A815F719A8346C1","1","Terraria\Main.cs","ClientOnly","","","","","","","Excluded from authoritative Simulation ownership by source namespace/role evidence.","deferred"
"Terraria.GameContent.UI.States/UICreativePowersMenu.cs","Terraria.GameContent.UI.States","1","366","1352FFE23195F9993FB9FF88A2EAACE831A62897EBF29F30FC79587361D45E96","0","","ClientOnly","","","","","","","Excluded from authoritative Simulation ownership by source namespace/role evidence.","deferred"
"Terraria.GameContent.UI.States/UIDebugCommandsList.cs","Terraria.GameContent.UI.States","1","385","686619B1DBB0D229B01B431AA817A519BD000B91A7665944A590BF5895325923","0","","ClientOnly","","","","","","","Excluded from authoritative Simulation ownership by source namespace/role evidence.","deferred"
"Terraria.GameContent.UI.States/UIEmotesMenu.cs","Terraria.GameContent.UI.States","1","419","EAF3725CC206C564324551DB5DB749D9D6E5C7DE81E536272D006EBC88E0DF64","0","","ClientOnly","","","","","","","Excluded from authoritative Simulation ownership by source namespace/role evidence.","deferred"
"Terraria.GameContent.UI.States/UIGamepadHelper.cs","Terraria.GameContent.UI.States","0","305","8F76AB4B4EF59125F3D2BD03A769CB863C184670ECD19322E37D9B1B22A9734E","0","","ClientOnly","","","","","","","Excluded from authoritative Simulation ownership by source namespace/role evidence.","deferred"
"Terraria.GameContent.UI.States/UIManageControls.cs","Terraria.GameContent.UI.States","1","543","2A54194664FC585EBBFEAC666283EC7F593254CADB8395753A2F8462444EC419","1","Terraria\Main.cs","ClientOnly","","","","","","","Excluded from authoritative Simulation ownership by source namespace/role evidence.","deferred"
"Terraria.GameContent.UI.States/UIReportsPage.cs","Terraria.GameContent.UI.States","1","425","58594B99AB06C7B831EE6FCDBC467C814E1CE75844CAA861C09CB9EA66D70672","0","","ClientOnly","","","","","","","Excluded from authoritative Simulation ownership by source namespace/role evidence.","deferred"
"Terraria.GameContent.UI.States/UIResourcePackInfoMenu.cs","Terraria.GameContent.UI.States","1","402","7E7E15090B14995C247A5F7077751B5453C1C0876F67B6F60E833FDCB1F96EAF","0","","ClientOnly","","","","","","","Excluded from authoritative Simulation ownership by source namespace/role evidence.","deferred"
"Terraria.GameContent.UI.States/UIResourcePackSelectionMenu.cs","Terraria.GameContent.UI.States","1","457","4862DE124C12F71405E3443812A7EC029889CF6E90BBA065C00B4D44B5FE82C9","0","","ClientOnly","","","","","","","Excluded from authoritative Simulation ownership by source namespace/role evidence.","deferred"
"Terraria.GameContent.UI.States/UISortableElement.cs","Terraria.GameContent.UI.States","1","106","9BDC694C0D291467BECEC7C9025EEF23A92FB6DD3276D4957894D66B698210CF","0","","ClientOnly","","","","","","","Excluded from authoritative Simulation ownership by source namespace/role evidence.","deferred"
"Terraria.GameContent.UI.States/UITextWrappingTest.cs","Terraria.GameContent.UI.States","1","384","F52A142A4388F33945568D24007AC1E77F5A566248F76C2DC45B6896F1F66BC9","0","","ClientOnly","","","","","","","Excluded from authoritative Simulation ownership by source namespace/role evidence.","deferred"
"Terraria.GameContent.UI.States/UIVirtualKeyboard.cs","Terraria.GameContent.UI.States","1","384","CAEDA03B44B4B106BDEB7397FA4508DB9466BCE089116FBD7688C017409DAD00","0","","ClientOnly","","","","","","","Excluded from authoritative Simulation ownership by source namespace/role evidence.","deferred"
"Terraria.GameContent.UI.States/UIWorkshopHub.cs","Terraria.GameContent.UI.States","1","329","AE4AB3A1FA70206731258187F4A740677E34A00BBB0D1ED91CD1F79D5CC0997B","0","","ClientOnly","","","","","","","Excluded from authoritative Simulation ownership by source namespace/role evidence.","deferred"
"Terraria.GameContent.UI.States/UIWorkshopSelectResourcePackToPublish.cs","Terraria.GameContent.UI.States","1","470","B6F34E538335FEBC3E3E9225715515E8070EC44820B8CA5579CBEAB1A924B779","0","","ClientOnly","","","","","","","Excluded from authoritative Simulation ownership by source namespace/role evidence.","deferred"
"Terraria.GameContent.UI.States/UIWorkshopSelectWorldToPublish.cs","Terraria.GameContent.UI.States","1","433","C1388FFF390823812C492FDC3C7DF259E48F3976C64880A393B0D4A5661922C9","0","","ClientOnly","","","","","","","Excluded from authoritative Simulation ownership by source namespace/role evidence.","deferred"
"Terraria.GameContent.UI.States/UIWorkshopWorldImport.cs","Terraria.GameContent.UI.States","1","463","E3AC6BC2B934226E590084C359DC69C60DDEB37CE9D48F5C7B3DCC09E7B5C6CE","0","","ClientOnly","","","","","","","Excluded from authoritative Simulation ownership by source namespace/role evidence.","deferred"
"Terraria.GameContent.UI.States/UIWorldCreation.cs","Terraria.GameContent.UI.States","1","668","A941F8C9FE674050DE048FB796DE7ED7C7414935E0F219CF3C40C937C1C8064A","0","","ClientOnly","","","","","","","Excluded from authoritative Simulation ownership by source namespace/role evidence.","deferred"
"Terraria.GameContent.UI.States/UIWorldCreationAdvanced.cs","Terraria.GameContent.UI.States","1","430","0028B8300C5C907164DBB4213173C073192B3C33C6B7124A979571CCE5FBB354","0","","ClientOnly","","","","","","","Excluded from authoritative Simulation ownership by source namespace/role evidence.","deferred"
"Terraria.GameContent.UI.States/UIWorldCreationAdvancedSecretSeedsList.cs","Terraria.GameContent.UI.States","1","486","7797EBFCB71E2F9731E86E27B445372C437A30F2CB1D43A7F7268C9ED5791F7C","0","","ClientOnly","","","","","","","Excluded from authoritative Simulation ownership by source namespace/role evidence.","deferred"
"Terraria.GameContent.UI.States/UIWorldGenDebug.cs","Terraria.GameContent.UI.States","1","707","3F4652671DE69DB591A3D8ABA185487FDAE4ADA440FB90C4822A08049ED913C9","0","","ClientOnly","","","","","","","Excluded from authoritative Simulation ownership by source namespace/role evidence.","deferred"
"Terraria.GameContent.UI.States/WorkshopPublishInfoStateForResourcePack.cs","Terraria.GameContent.UI.States","1","236","6ADAB4C9F9FDD68BE6E333FF99567921F72D764BDD7D25BBA986D460A7B695AE","0","","ClientOnly","","","","","","","Excluded from authoritative Simulation ownership by source namespace/role evidence.","deferred"
"Terraria.GameContent.UI.States/WorkshopPublishInfoStateForWorld.cs","Terraria.GameContent.UI.States","1","229","35B5CA5E887F976D5113D2F7520ED314F22551A9C47BB1B2C36E9C6FF2523FA3","0","","ClientOnly","","","","","","","Excluded from authoritative Simulation ownership by source namespace/role evidence.","deferred"
"Terraria.GameContent.UI/CharacterCreationTipsProvider.cs","Terraria.GameContent.UI","1","119","870FFCBB49540D0109D91CDE98A791A080C84541C2F069896AD630A031374D62","0","","ClientOnly","","","","","","","Excluded from authoritative Simulation ownership by source namespace/role evidence.","deferred"
"Terraria.GameContent.UI/GameTipsDisplay.cs","Terraria.GameContent.UI","1","263","56DE96F01A9E2C60071621F5D670C9893E1F442ED02C2CB3208676B7ECE0D67A","1","Terraria\Main.cs","ClientOnly","","","","","","","Excluded from authoritative Simulation ownership by source namespace/role evidence.","deferred"
"Terraria.GameContent.UI/GameTipsProvider.cs","Terraria.GameContent.UI","1","167","E2537E461746FE0ACE988BCE4E12D7D2A218DE5AF7D1264BF94A6EF64BAE4760","1","Terraria\Main.cs","ClientOnly","","","","","","","Excluded from authoritative Simulation ownership by source namespace/role evidence.","deferred"
"Terraria.GameContent.UI/IMultiplayerClosePlayersOverlay.cs","Terraria.GameContent.UI","1","112","2E2D13CC74EE7F77012CF59E34B0BAA921AA2DABC4BDDA236C1A19ECBAB1B824","0","","ClientOnly","","","","","","","Excluded from authoritative Simulation ownership by source namespace/role evidence.","deferred"
"Terraria.GameContent.UI/ITipProvider.cs","Terraria.GameContent.UI","1","146","B51F8C552D8934B2EC170E8FEB8F9D0CE01035C8A3934161FDD9B53CAD7E2E52","0","","ClientOnly","","","","","","","Excluded from authoritative Simulation ownership by source namespace/role evidence.","deferred"
"Terraria.GameContent.UI/LegacyMultiplayerClosePlayersOverlay.cs","Terraria.GameContent.UI","1","355","5112F37BF80F442852182A35BED0EC5326656E4C0C04770D4317744D489C0068","0","","ClientOnly","","","","","","","Excluded from authoritative Simulation ownership by source namespace/role evidence.","deferred"
"Terraria.GameContent.UI/NewCraftingUI.cs","Terraria.GameContent.UI","1","562","AE5167B7161BEBF331CA2A28868A33A46A91CF10DF9617C68BF102495D96E7C4","0","","ClientOnly","","","","","","","Excluded from authoritative Simulation ownership by source namespace/role evidence.","deferred"
"Terraria.GameContent.UI/NewMultiplayerClosePlayersOverlay.cs","Terraria.GameContent.UI","1","283","E38915583A8A9EEB6554C09F4F72889BAF6A13FC89C7CC2306CBEA8BB78443CC","0","","ClientOnly","","","","","","","Excluded from authoritative Simulation ownership by source namespace/role evidence.","deferred"
"Terraria.GameContent.UI/NPCChatPanel.cs","Terraria.GameContent.UI","1","422","F2CC8048ADC4452C8164F854AFFC56E55B79AF99AE69DFDC44B45A1ECEFCFB2E","1","Terraria\Main.cs","ClientOnly","","","","","","","Excluded from authoritative Simulation ownership by source namespace/role evidence.","deferred"
"Terraria.GameContent.UI/TextDisplayCache.cs","Terraria.GameContent.UI","1","108","2727816AF8BB9AAB47C840B7C6B996937A59EC03DD68776326316C49975FA2DB","1","Terraria\Main.cs","ClientOnly","","","","","","","Excluded from authoritative Simulation ownership by source namespace/role evidence.","deferred"
"Terraria.GameContent.UI/UIAdvancedPopupRequest.cs","Terraria.GameContent.UI","0","73","A2442236313BC724A6860A9EC3EF941CE3F6566E0B6C6453CEA356D06D6F867E","0","","ClientOnly","","","","","","","Excluded from authoritative Simulation ownership by source namespace/role evidence.","deferred"
"Terraria.GameContent.UI/UIDust.cs","Terraria.GameContent.UI","1","197","144BA8F5DC6561169F189B8E1451DD4E7EE2C19C3F7835EE8D530BD73BBC1E91","0","","ClientOnly","","","","","","","Excluded from authoritative Simulation ownership by source namespace/role evidence.","deferred"
"Terraria.GameContent.UI/UIPopupText.cs","Terraria.GameContent.UI","1","107","18E59FD90D894B5A956EA02F45FC0E6CBC3F2B786A61D0EEB24B5DEF6E43ECF9","0","","ClientOnly","","","","","","","Excluded from authoritative Simulation ownership by source namespace/role evidence.","deferred"
"Terraria.GameContent.UI/UIPopupTextAlignment.cs","Terraria.GameContent.UI","0","39","D03041F2D6717D1D0FBA835280AD7A51ECF28ADF5ACBB3D125AFEA25D7941046","0","","ClientOnly","","","","","","","Excluded from authoritative Simulation ownership by source namespace/role evidence.","deferred"
"Terraria.GameContent.UI/UIPopupTextContext.cs","Terraria.GameContent.UI","0","39","D03041F2D6717D1D0FBA835280AD7A51ECF28ADF5ACBB3D125AFEA25D7941046","0","","ClientOnly","","","","","","","Excluded from authoritative Simulation ownership by source namespace/role evidence.","deferred"
"Terraria.GameContent.UI/UIPopupTextManager.cs","Terraria.GameContent.UI","1","180","85A3F1D32938296A61F3F660BA6613B6E772F577C5DD0BAA7A31C33978EDD67B","0","","ClientOnly","","","","","","","Excluded from authoritative Simulation ownership by source namespace/role evidence.","deferred"
"Terraria.GameContent/AnOutlinedDrawRenderTargetContent.cs","Terraria.GameContent","1","186","C664B94F4E28D804FAE8459F80DB9BD0120AD710490C8DD6DB52186221C54AF6","0","","ClientOnly","","","","","","","Excluded from authoritative Simulation ownership by source namespace/role evidence.","deferred"
"Terraria.GameContent/ARenderTargetContentByRequest.cs","Terraria.GameContent","1","148","438665F4BB8B3A796AB32C7EE200809EB06508BBD8FECCAC731AA579D27870F3","0","","ClientOnly","","","","","","","Excluded from authoritative Simulation ownership by source namespace/role evidence.","deferred"
"Terraria.GameContent/AssetSourceController.cs","Terraria.GameContent","1","716","57E551938592CC39A121EBD7915B79C19BA1DF2C339C01697E136F4380A386C0","0","","ClientOnly","","","","","","","Excluded from authoritative Simulation ownership by source namespace/role evidence.","deferred"
"Terraria.GameContent/ChromaHotkeyPainter.cs","Terraria.GameContent","1","304","3D75DA503109A48BC4CCFE3C9B011365BE0FB1D87ACC66F17875AA0D1ED4F40B","0","","ClientOnly","","","","","","","Excluded from authoritative Simulation ownership by source namespace/role evidence.","deferred"
"Terraria.GameContent/CraftingEffectDetails.cs","Terraria.GameContent","0","36","C5629BDAE107E9B49B19A03B37AA4C0796E64EB3EBD9DE02E77EE82891BD6B5E","0","","SharedDefinition","","","","","","","Shared declaration/definition surface; no executable server transition is proven by the removed file.","deferred"
"Terraria.GameContent/CraftingEffects.cs","Terraria.GameContent","1","236","DCD0CB6EDD2543CBEEE7DCA7595A369FEF63C01C934D812341A13B64ADF00FCD","0","","ClientOnly","","","","","","","Excluded from authoritative Simulation ownership by source namespace/role evidence.","deferred"
"Terraria.GameContent/ExtractinatorHelper.cs","Terraria.GameContent","1","78","77A449C133E700FF3590CAE5D1D7AC6E4066768B6E63528BF18AB3472EECF39B","0","","ReplacedWithEvidence","D:\\TRbackup\\无任何删减通过编译\\Terraria.GameContent\\ExtractinatorHelper.cs:5-530; SHA256=9E9FAF4A07D7A94F1303AC691F0E0A4228E585083946BED082B016CFA882B12B","Terraria.Dome.Simulation.Items.Systems.ExtractinatorSystem","ExtractinatorRuleRegistry, ExtractinatorResultEvent, Inventory/WorldItem snapshots","DomeSimulation.QueueUseExtractinator and QueueTriggerExtractinator; deterministic item commit","Committed output enters inventory or WorldItem and publishes ExtractinatorResultEvent; item state persists through existing item snapshots","Test/Terraria.Dome.Items.Definitions.Verification; Test/Terraria.Dome.Items.Verification; Test/Terraria.Dome.Wiring.Verification","Source-backed replacement evidence is recorded below.","accepted"
"Terraria.GameContent/FlexibleTileWand.cs","Terraria.GameContent","1","139","BD113432C21B3F6432EB0BD1DBE9EB51FE5D297A40F24F911343AACE70F1A616","0","","ServerRelevant","Terraria.GameContent/FlexibleTileWand.cs::FlexibleTileWand (removed Version3 declaration)","DEFERRED: no approved ECS owner is proven for the removed type.","DEFERRED: authoritative state shape is not recovered.","DEFERRED: typed command/commit path is not recovered.","DEFERRED: persistence/protocol consequence is not established.","DEFERRED: no focused verifier covers the removed type.","Server-relevant classification is source-shaped, but the file is physically absent from Version4 and no approved ECS owner/replacement evidence is joined yet.","deferred"
"Terraria.GameContent/INeedRenderTargetContent.cs","Terraria.GameContent","1","132","185A0D7E1FD2F2C5EE9263E957EC3891BB9E50FA21256E5425A179822655DB55","1","Terraria\Main.cs","ClientOnly","","","","","","","Excluded from authoritative Simulation ownership by source namespace/role evidence.","deferred"
"Terraria.GameContent/ItemTrader.cs","Terraria.GameContent","1","106","E668C44098733D27F4792FB7C07EF72BB33BF0DCC809D0A49FB2E2EE2AD3DA41","0","","ReplacedWithEvidence","D:\\TRbackup\\无任何删减通过编译\\Terraria.GameContent\\ItemTrader.cs:29,94-124; SHA256=25F296F80FF8DC8055758647DF19007B779B55BE331A9FAC487629550ED470DE","Terraria.Dome.Simulation.Items.Definitions.ExtractinatorRuleRegistry.TryGetChlorophyteTrade","Immutable ExtractinatorRuleRegistry Chlorophyte trade definition","ExtractinatorSystem.Roll trade branch; QueueUseExtractinator/QueueTriggerExtractinator commit","Trade output is committed as ExtractinatorResultEvent and inventory/WorldItem state","Test/Terraria.Dome.Items.Definitions.Verification; Test/Terraria.Dome.Items.Verification; Test/Terraria.Dome.Wiring.Verification","Source-backed replacement evidence is recorded below.","accepted"
"Terraria.GameContent/MinecartDiggerHelper.cs","Terraria.GameContent","1","155","F02FA6073F9C2C55C53A868C8A7FBD693B00D0C4392DB46CB0B1714B66C984A6","0","","ServerRelevant","Terraria.GameContent/MinecartDiggerHelper.cs::MinecartDiggerHelper (removed Version3 declaration)","DEFERRED: no approved ECS owner is proven for the removed type.","DEFERRED: authoritative state shape is not recovered.","DEFERRED: typed command/commit path is not recovered.","DEFERRED: persistence/protocol consequence is not established.","DEFERRED: no focused verifier covers the removed type.","Server-relevant classification is source-shaped, but the file is physically absent from Version4 and no approved ECS owner/replacement evidence is joined yet.","deferred"
"Terraria.GameContent/OneTimeDialogue.cs","Terraria.GameContent","1","187","AB2775625F2F7FBE9DF2B37CEE0E2C64939751C15F36407B64B86B20D6CC1BAB","0","","ClientOnly","","","","","","","Excluded from authoritative Simulation ownership by source namespace/role evidence.","deferred"
"Terraria.GameContent/OutlinedDrawRenderTargetContent.cs","Terraria.GameContent","1","164","5AE52FEA3C8F4F3FE2D62240F1C65970302E4BC377CF8C5BB622F6F287F69E80","0","","ClientOnly","","","","","","","Excluded from authoritative Simulation ownership by source namespace/role evidence.","deferred"
"Terraria.GameContent/PlayerHeadDrawRenderTargetContent.cs","Terraria.GameContent","1","197","3C8C8BF30810A740912B8534B0843F47A3C5F7F8EFCFF081DC98C3851C4E7557","0","","ClientOnly","","","","","","","Excluded from authoritative Simulation ownership by source namespace/role evidence.","deferred"
"Terraria.GameContent/PlayerQueenSlimeMountTextureContent.cs","Terraria.GameContent","1","258","235570C40FC93095EE9D29D876CEDADF1C954DDEEF45EF4ECF7B34B6D1E0BCCB","0","","ClientOnly","","","","","","","Excluded from authoritative Simulation ownership by source namespace/role evidence.","deferred"
"Terraria.GameContent/PlayerRainbowWingsTextureContent.cs","Terraria.GameContent","1","255","ED28B131A9B1EEC7630900217529E264A3A9970A8DE975C65B231FFEEBA12C29","0","","ClientOnly","","","","","","","Excluded from authoritative Simulation ownership by source namespace/role evidence.","deferred"
"Terraria.GameContent/PlayerTitaniumStormBuffTextureContent.cs","Terraria.GameContent","1","260","B1BE0EC908062776F91B4ECD7FBF38B320022D453C0C8C8C0F41F4BD52AC9C92","0","","ClientOnly","","","","","","","Excluded from authoritative Simulation ownership by source namespace/role evidence.","deferred"
"Terraria.GameContent/PotionOfReturnGateHelper.cs","Terraria.GameContent","0","237","8B1814376119374EF874DA46C1BD1B58ED5DC9096F134517615A213B27A7E9EC","0","","ClientOnly","","","","","","","Excluded from authoritative Simulation ownership by source namespace/role evidence.","deferred"
"Terraria.GameContent/ShimmerHelper.cs","Terraria.GameContent","1","106","4A925F34F9F865B5B7EE09A642BFA30CC0846A7AB9B0E0D3194F2C277AFC9E72","0","","ServerRelevant","Terraria.GameContent/ShimmerHelper.cs::ShimmerHelper (removed Version3 declaration)","DEFERRED: no approved ECS owner is proven for the removed type.","DEFERRED: authoritative state shape is not recovered.","DEFERRED: typed command/commit path is not recovered.","DEFERRED: persistence/protocol consequence is not established.","DEFERRED: no focused verifier covers the removed type.","Server-relevant classification is source-shaped, but the file is physically absent from Version4 and no approved ECS owner/replacement evidence is joined yet.","deferred"
"Terraria.GameContent/TreePaintingSettings.cs","Terraria.GameContent","1","122","55510E38C3AD5BC324326CACAFED8FEF3341BF34DB9E680944C8EC112D22EEE1","0","","ClientOnly","","","","","","","Excluded from authoritative Simulation ownership by source namespace/role evidence.","deferred"
"Terraria.GameContent/WellFedHelper.cs","Terraria.GameContent","0","36","C5629BDAE107E9B49B19A03B37AA4C0796E64EB3EBD9DE02E77EE82891BD6B5E","0","","ReplacedWithEvidence","D:\\TRbackup\\无任何删减通过编译\\Terraria.GameContent\\WellFedHelper.cs:3-93; SHA256=source oracle; rank counters, cap, precedence, decay and clear mapped to WellFedStateComponent","Player-owned WellFedStateComponent on each authoritative player entity; ConsumeWellFedCommand -> DomeSimulation.ApplyConsumeWellFedCommand owns food mutation and ClearWellFed owns clear.","WellFedStateComponent preserves source rank 1/2/3 counters with 72000 per-rank cap and rank precedence.","Typed food command applies source accumulation; tick updates decay highest active rank first; ClearWellFed is the authoritative clear transition.","PlayerPersistentState stores all three counters and SynchronizePlayerAccount round-trips them on destroy/restart.","Terraria.Dome.PlayerLifecycle.Verification VerifyWellFedContract covers cap, precedence, decay, clear, typed command ownership and persistence; exit 0.","ReplacedWithEvidence: source behavior is implemented in the server-owned player state and persistence chain; V1456 projection remains deferred because no source-backed WellFed packet field exists.","accepted"
"Terraria.GameInput/PresetProfiles.cs","Terraria.GameInput","0","34","C5CD3E11CDF5DE2E6113E4189581ED82C973B0B990639BAF20F1514016A7D0E7","0","","ClientOnly","","","","","","","Excluded from authoritative Simulation ownership by source namespace/role evidence.","deferred"
"Terraria.GameInput/TriggerNames.cs","Terraria.GameInput","1","69","658613B5D0C98AA4ABD2632D2B5E3D5DD9C488AF15D7F33F17AE6E8EF6071BE2","0","","ClientOnly","","","","","","","Excluded from authoritative Simulation ownership by source namespace/role evidence.","deferred"
"Terraria.Graphics.CameraModifiers/CameraModifierStack.cs","Terraria.Graphics.CameraModifiers","1","160","59B1A2DDE4017AD7D12E8704CE383B3C0E4319149B9A1A492BCD02F8316F263F","1","Terraria\Main.cs","ClientOnly","","","","","","","Excluded from authoritative Simulation ownership by source namespace/role evidence.","deferred"
"Terraria.Graphics.CameraModifiers/ICameraModifier.cs","Terraria.Graphics.CameraModifiers","1","93","874424401E7DBEC0751F7FC10C1D964654E4A19652A0C024D226C160987CB9B3","0","","ClientOnly","","","","","","","Excluded from authoritative Simulation ownership by source namespace/role evidence.","deferred"
"Terraria.Graphics.CameraModifiers/PunchCameraModifier.cs","Terraria.Graphics.CameraModifiers","1","139","C2B030BD669ADA79A3E6829A29FC58E64395BCEC11B9D8ED5667E9DDB52C9FB7","0","","ClientOnly","","","","","","","Excluded from authoritative Simulation ownership by source namespace/role evidence.","deferred"
"Terraria.Graphics.Capture/CaptureBiome.cs","Terraria.Graphics.Capture","1","79","4A66DC75EAE0710ADCB5B3F2EBAF49881A0BA5506BD94D02DABE03E730803FD6","0","","ClientOnly","","","","","","","Excluded from authoritative Simulation ownership by source namespace/role evidence.","deferred"
"Terraria.Graphics.Capture/CaptureCamera.cs","Terraria.Graphics.Capture","1","427","1A66AA2F8126E04254CAF2299BD259BC3E75590190117DA9A21E66C812622190","1","Terraria.Graphics.Capture\CaptureManager.cs","ClientOnly","","","","","","","Excluded from authoritative Simulation ownership by source namespace/role evidence.","deferred"
"Terraria.Graphics.Capture/CaptureInterface.cs","Terraria.Graphics.Capture","1","387","64C6C2BC00470DC3115BA0E473A619F79E82FBD67AC24BA002F7B52FA464CB86","0","","ClientOnly","","","","","","","Excluded from authoritative Simulation ownership by source namespace/role evidence.","deferred"
"Terraria.Graphics.Capture/CaptureSettings.cs","Terraria.Graphics.Capture","1","131","79DD638CCE5CE0A09539E4DE09A552B684DFC8EC3E35E28975E7BF6C85D71BAC","0","","ClientOnly","","","","","","","Excluded from authoritative Simulation ownership by source namespace/role evidence.","deferred"
"Terraria.Graphics.Effects/Filter.cs","Terraria.Graphics.Effects","1","134","F839E25E5EE621339D626590D1E1184256491D8E076899E13E1130507B09D0D6","0","","ClientOnly","","","","","","","Excluded from authoritative Simulation ownership by source namespace/role evidence.","deferred"
"Terraria.Graphics.Effects/FilterManager.cs","Terraria.Graphics.Effects","1","219","E382FFB97D65A6384F19C2F0AF064FEC2DA2206F76994E23FF7B118C3A28146F","0","","ClientOnly","","","","","","","Excluded from authoritative Simulation ownership by source namespace/role evidence.","deferred"
"Terraria.Graphics.Effects/MissingEffectException.cs","Terraria.Graphics.Effects","1","99","C7870CD061960CE1AAABD023776D3C1A7276D9F2A87362C29C13472399B50900","0","","ClientOnly","","","","","","","Excluded from authoritative Simulation ownership by source namespace/role evidence.","deferred"
"Terraria.Graphics.Effects/SimpleOverlay.cs","Terraria.Graphics.Effects","1","209","C84019EEDE1525889F5AD733E0450A986BF607DF38948DD0F0D4340753B4282B","0","","ClientOnly","","","","","","","Excluded from authoritative Simulation ownership by source namespace/role evidence.","deferred"
"Terraria.Graphics.Light/TileLightScannerOptions.cs","Terraria.Graphics.Light","0","39","A18A44A015E150BAA4C6DC41B134B2335D112113910DFDA411AF4EC0BF36F25B","0","","ClientOnly","","","","","","","Excluded from authoritative Simulation ownership by source namespace/role evidence.","deferred"
"Terraria.Graphics.Renderers/ABasicParticle.cs","Terraria.Graphics.Renderers","1","185","01AD25AAE433CE6B4689C1A1E91B9CFBAA33964AA7CF590AB4E126D54D3A3CE0","0","","ClientOnly","","","","","","","Excluded from authoritative Simulation ownership by source namespace/role evidence.","deferred"
"Terraria.Graphics.Renderers/BloodyExplosionParticle.cs","Terraria.Graphics.Renderers","1","188","CC1216D8C0E516554C4AEE6C169978AD17175836DF4F9621EB974D321B1447F4","0","","ClientOnly","","","","","","","Excluded from authoritative Simulation ownership by source namespace/role evidence.","deferred"
"Terraria.Graphics.Renderers/CreativeSacrificeParticle.cs","Terraria.Graphics.Renderers","1","189","BD3C49FB990E8D085F3A000D46E85E70C6853CDBCA200D3432370510BAE30070","0","","ClientOnly","","","","","","","Excluded from authoritative Simulation ownership by source namespace/role evidence.","deferred"
"Terraria.Graphics.Renderers/FadingParticle.cs","Terraria.Graphics.Renderers","1","155","42FD577F7AC6E16E3A0946DF9C7D2322464AF2FF07EE5CDB654F4D7129148036","0","","ClientOnly","","","","","","","Excluded from authoritative Simulation ownership by source namespace/role evidence.","deferred"
"Terraria.Graphics.Renderers/FadingPlayerShaderParticle.cs","Terraria.Graphics.Renderers","1","192","BA0A595C89E0D0AC2ABE86B7CABD3A8833BA821FC79DA12E0C293505CB610C9A","0","","ClientOnly","","","","","","","Excluded from authoritative Simulation ownership by source namespace/role evidence.","deferred"
"Terraria.Graphics.Renderers/FakeFishParticle.cs","Terraria.Graphics.Renderers","1","314","0D0FD1F16A7EACBA17E125F03D29B9BB8B42F63D248A6C3A9506F6550CF26E87","0","","ClientOnly","","","","","","","Excluded from authoritative Simulation ownership by source namespace/role evidence.","deferred"
"Terraria.Graphics.Renderers/FlameParticle.cs","Terraria.Graphics.Renderers","1","207","B2B4FB2194C0AFDE997A50123F4C641BA3DDB09E5DBC1624C05F0A6828279BA0","0","","ClientOnly","","","","","","","Excluded from authoritative Simulation ownership by source namespace/role evidence.","deferred"
"Terraria.Graphics.Renderers/GasParticle.cs","Terraria.Graphics.Renderers","1","191","339CD5C807EC5D1CC76E0D557A208D93A900141B3BDA0762681728A1B984122F","0","","ClientOnly","","","","","","","Excluded from authoritative Simulation ownership by source namespace/role evidence.","deferred"
"Terraria.Graphics.Renderers/IPlayerRenderer.cs","Terraria.Graphics.Renderers","1","157","2DA1DA7FA05786ADD4BDD23D8E8F15A63F88211494A281EB042FC6A5351E6DD8","1","Terraria\Main.cs","ClientOnly","","","","","","","Excluded from authoritative Simulation ownership by source namespace/role evidence.","deferred"
"Terraria.Graphics.Renderers/ItemTransferParticle.cs","Terraria.Graphics.Renderers","1","174","2D9B8231685C96D8C1200140C6753B736A2DBAD06E9C0D2D2EF3EB6D87C7DD92","0","","ClientOnly","","","","","","","Excluded from authoritative Simulation ownership by source namespace/role evidence.","deferred"
"Terraria.Graphics.Renderers/LegacyPlayerRenderer.cs","Terraria.Graphics.Renderers","1","288","E4FEA21EF605B85120743FDDBB5DDE76D205C6B1F288D21D1C8EC07803CB47D3","2","Terraria\Main.cs;Terraria.GameContent.Tile_Entities\TEDisplayDoll.cs","ClientOnly","","","","","","","Excluded from authoritative Simulation ownership by source namespace/role evidence.","deferred"
"Terraria.Graphics.Renderers/LittleFlyingCritterParticle.cs","Terraria.Graphics.Renderers","1","207","52776AEFF4BDF2670C46217C2F1291C594C246C990BEBD4FC66DB5914AC582CF","0","","ClientOnly","","","","","","","Excluded from authoritative Simulation ownership by source namespace/role evidence.","deferred"
"Terraria.Graphics.Renderers/MapHeadRenderer.cs","Terraria.Graphics.Renderers","1","285","C548769C13C40B4BAAEECD626481BDC10C6478518E7F6A0AC7036A28FAC57556","1","Terraria\Main.cs","ClientOnly","","","","","","","Excluded from authoritative Simulation ownership by source namespace/role evidence.","deferred"
"Terraria.Graphics.Renderers/OutlinedTextureRenderer.cs","Terraria.Graphics.Renderers","1","212","2859915187D45B57821DE2E8A8CC2B6CDD4421F1CA8FF4AED78462B5AF03482F","0","","ClientOnly","","","","","","","Excluded from authoritative Simulation ownership by source namespace/role evidence.","deferred"
"Terraria.Graphics.Renderers/ParticlePool.cs","Terraria.Graphics.Renderers","1","111","A893A7EFB97F0A43FB89B00533E4E04AF51F0C4AC872F9D18A73E5A30998E9A3","1","Terraria\Chest.cs","ClientOnly","","","","","","","Excluded from authoritative Simulation ownership by source namespace/role evidence.","deferred"
"Terraria.Graphics.Renderers/PrettySparkleParticle.cs","Terraria.Graphics.Renderers","1","199","6DD3C5ED36E033002FCE53EBE2A992C094C142BA96E55243DAEA7B82A9C2E10A","0","","ClientOnly","","","","","","","Excluded from authoritative Simulation ownership by source namespace/role evidence.","deferred"
"Terraria.Graphics.Renderers/RandomizedFrameParticle.cs","Terraria.Graphics.Renderers","1","159","DD520AF6396939F19CFD7EF47BB5D3562200DEBD7F599E2FD131B0F70F5FE5BD","0","","ClientOnly","","","","","","","Excluded from authoritative Simulation ownership by source namespace/role evidence.","deferred"
"Terraria.Graphics.Renderers/ReturnGatePlayerRenderer.cs","Terraria.Graphics.Renderers","1","311","2B85E29E8FE43399A892215866DDC68A47D1DB7F177A168A7A7D38D4C1A3DC97","1","Terraria\Main.cs","ClientOnly","","","","","","","Excluded from authoritative Simulation ownership by source namespace/role evidence.","deferred"
"Terraria.Graphics.Renderers/ShockIconParticle.cs","Terraria.Graphics.Renderers","1","184","6A587E40D1F64631EC4671D8D6B050172CD40BD9AEF476E428EBEEE115E80E2C","0","","ClientOnly","","","","","","","Excluded from authoritative Simulation ownership by source namespace/role evidence.","deferred"
"Terraria.Graphics.Renderers/StormLightningParticle.cs","Terraria.Graphics.Renderers","1","303","3573BBEE7802CFDB8427EB9BF8C2ECD6E294A6D1A67320045AF95196A98250A6","0","","ClientOnly","","","","","","","Excluded from authoritative Simulation ownership by source namespace/role evidence.","deferred"
"Terraria.Graphics/EmpressBladeDrawer.cs","Terraria.Graphics","0","101","DCB4DBCB59CE6F821EC1897AC9B1152FED2CF6EB5F156F37F5E3D6B143AA6C3C","0","","ClientOnly","","","","","","","Excluded from authoritative Simulation ownership by source namespace/role evidence.","deferred"
"Terraria.Graphics/FinalFractalHelper.cs","Terraria.Graphics","0","195","C51DE1BDB60BB05DFD2FBB61BE136D5536D3003ED1535D7DA3AAAEB064C3A788","0","","ClientOnly","","","","","","","Excluded from authoritative Simulation ownership by source namespace/role evidence.","deferred"
"Terraria.Graphics/FlameLashDrawer.cs","Terraria.Graphics","0","101","DCB4DBCB59CE6F821EC1897AC9B1152FED2CF6EB5F156F37F5E3D6B143AA6C3C","0","","ClientOnly","","","","","","","Excluded from authoritative Simulation ownership by source namespace/role evidence.","deferred"
"Terraria.Graphics/LightDiscDrawer.cs","Terraria.Graphics","0","140","21551D2720D17CBA556C490364C675BC264A87D6A2B7659900A5D2DD96DCC710","0","","ClientOnly","","","","","","","Excluded from authoritative Simulation ownership by source namespace/role evidence.","deferred"
"Terraria.Graphics/MagicMissileDrawer.cs","Terraria.Graphics","0","140","21551D2720D17CBA556C490364C675BC264A87D6A2B7659900A5D2DD96DCC710","0","","ClientOnly","","","","","","","Excluded from authoritative Simulation ownership by source namespace/role evidence.","deferred"
"Terraria.Graphics/RainbowRodDrawer.cs","Terraria.Graphics","0","140","21551D2720D17CBA556C490364C675BC264A87D6A2B7659900A5D2DD96DCC710","0","","ClientOnly","","","","","","","Excluded from authoritative Simulation ownership by source namespace/role evidence.","deferred"
"Terraria.Graphics/SpriteRenderTargetHelper.cs","Terraria.Graphics","0","173","7506B10DF7D24A3999FFF402685F9974AA627D78E42B022BB443AD825BCF91B4","0","","ClientOnly","","","","","","","Excluded from authoritative Simulation ownership by source namespace/role evidence.","deferred"
"Terraria.Graphics/StormLightningDrawer.cs","Terraria.Graphics","0","188","EBA8FA21E4D5D5E1E2EDD27F05A5958EA7F5F3CE201A9EE7B70A5EF8C324C376","0","","ClientOnly","","","","","","","Excluded from authoritative Simulation ownership by source namespace/role evidence.","deferred"
"Terraria.Graphics/TileBatch.cs","Terraria.Graphics","1","190","36331080A742012DB4B06522532B01B010D7E7D0025CD6A171727696413C6307","0","","ClientOnly","","","","","","","Excluded from authoritative Simulation ownership by source namespace/role evidence.","deferred"
"Terraria.Graphics/VirtualCamera.cs","Terraria.Graphics","0","67","F0568F2572C8BC1B9D50DA0C0EC4060CB0C0A2EAFBB0358872555DF4E548F545","0","","ClientOnly","","","","","","","Excluded from authoritative Simulation ownership by source namespace/role evidence.","deferred"
"Terraria.Graphics/WorldSceneLayerTarget.cs","Terraria.Graphics","1","167","2E0C05BAF632EB8E628C5620BF79F5AB40E80C6680C5272243499B1DB681ECFE","0","","ClientOnly","","","","","","","Excluded from authoritative Simulation ownership by source namespace/role evidence.","deferred"
"Terraria.ID/AchievementHelperID.cs","Terraria.ID","1","69","C6EC2100D24CDE53F56E13FBEC899B9EC548FBA0D3F261D31AE1CB0A2F40AC15","0","","SharedDefinition","","","","","","","Shared declaration/definition surface; no executable server transition is proven by the removed file.","deferred"
"Terraria.ID/AnimationID.cs","Terraria.ID","1","61","2CEFB48F64AEEEF8349A9820B89247AD8BD3FA31622C3BBD9BFE1F7EDE55854A","0","","SharedDefinition","","","","","","","Shared declaration/definition surface; no executable server transition is proven by the removed file.","deferred"
"Terraria.ID/ExtrasID.cs","Terraria.ID","1","14700","CD6F3F7E2D38CF22627E7FF4465A5ECB54289B613B0FDDCE4AABBF0ABF22A430","0","","SharedDefinition","","","","","","","Shared declaration/definition surface; no executable server transition is proven by the removed file.","deferred"
"Terraria.ID/GameEventClearedID.cs","Terraria.ID","1","68","A2F1AB0E0B5F449A6B727A52CD8CB9A1867A1BB20A87E610637058D197B8A163","0","","SharedDefinition","","","","","","","Shared declaration/definition surface; no executable server transition is proven by the removed file.","deferred"
"Terraria.ID/GlowMaskID.cs","Terraria.ID","1","17523","9214221F833C547B64DB41000FC0547763B6F47AED205B3B19FFF0778C667698","0","","SharedDefinition","","","","","","","Shared declaration/definition surface; no executable server transition is proven by the removed file.","deferred"
"Terraria.ID/HousingCategoryID.cs","Terraria.ID","1","67","74942EE0A29C489B5C1963A29E9EAB366DCDC203C8400E22D1CADD26B098DBCA","0","","SharedDefinition","","","","","","","Shared declaration/definition surface; no executable server transition is proven by the removed file.","deferred"
"Terraria.ID/ItemHoldStyleID.cs","Terraria.ID","1","65","233059DFDD78CA0491324A8993BB635093CF650FB2CD938066BF5E567F1EB724","0","","SharedDefinition","","","","","","","Shared declaration/definition surface; no executable server transition is proven by the removed file.","deferred"
"Terraria.ID/ItemUseStyleID.cs","Terraria.ID","1","64","F7612BAFFE5B5F14982C5AF1637B80113A24FF49DBE41F3DAD60C36C217B7253","0","","SharedDefinition","","","","","","","Shared declaration/definition surface; no executable server transition is proven by the removed file.","deferred"
"Terraria.ID/PlayerDifficultyID.cs","Terraria.ID","1","68","33138F06328CC3D855A5B2AD6930F59B0BB25D069D68F7EA77780BA11A585819","0","","SharedDefinition","","","","","","","Shared declaration/definition surface; no executable server transition is proven by the removed file.","deferred"
"Terraria.ID/PlayerVoiceID.cs","Terraria.ID","1","97","0FFF0826F7389A1233232C0104C0A65B949CA34FFC6C102EC4E8608E9569526E","0","","SharedDefinition","","","","","","","Shared declaration/definition surface; no executable server transition is proven by the removed file.","deferred"
"Terraria.ID/PlayerVoiceOverrideID.cs","Terraria.ID","1","71","75C391C054C1A9C9BFA92E462C1697ABECE6EC346015A4203039913967C772F9","0","","SharedDefinition","","","","","","","Shared declaration/definition surface; no executable server transition is proven by the removed file.","deferred"
"Terraria.ID/ProjectileDrawLayerID.cs","Terraria.ID","1","71","FC6EC696F79FE7C00C0F5160B7610DC4DC55B31F33F2AFE620FB5E5A8412C354","0","","SharedDefinition","","","","","","","Shared declaration/definition surface; no executable server transition is proven by the removed file.","deferred"
"Terraria.ID/RecipeGroups.cs","Terraria.ID","1","62","5F327A0F27D03253474346B3AC1696B08BA1CD74302FC7A6ABDEFF9A981E7EB4","1","Terraria.GameContent\ConditionalDialogue.cs","SharedDefinition","","","","","","","Shared declaration/definition surface; no executable server transition is proven by the removed file.","deferred"
"Terraria.ID/TileEntityID.cs","Terraria.ID","1","62","9D88D95DDD3DE80E1EEB9EE5CBA6E1FCA33CB5FD21CB450203BBD351AEC94FE7","0","","SharedDefinition","","","","","","","Shared declaration/definition surface; no executable server transition is proven by the removed file.","deferred"
"Terraria.Initializers/AchievementInitializer.cs","Terraria.Initializers","1","266","C4390B34797CB466CE7BA2A9DDE6FED1BB7473A443372105E74A967546F9D239","0","","ClientOnly","","","","","","","Excluded from authoritative Simulation ownership by source namespace/role evidence.","deferred"
"Terraria.Initializers/LinkButtonsInitializer.cs","Terraria.Initializers","1","248","DF2B3FCC3062CD7F8406556A51FE4715759650ECB4BB174C293DE58EBF76D8EB","0","","ClientOnly","","","","","","","Excluded from authoritative Simulation ownership by source namespace/role evidence.","deferred"
"Terraria.Initializers/UILinksInitializer.cs","Terraria.Initializers","1","489","56B0C3ED3E1191429B088E51ACC6572E8D6CB06CB45596A6360133C4F4581B08","0","","ClientOnly","","","","","","","Excluded from authoritative Simulation ownership by source namespace/role evidence.","deferred"
"Terraria.IO/ResourcePackVersion.cs","Terraria.IO","0","95","B55E98174CD178DC420C2F0EC4419B605B0F732A949816676EE50BD85E4497BF","0","","SharedDefinition","","","","","","","Shared declaration/definition surface; no executable server transition is proven by the removed file.","deferred"
"Terraria.Map/BossBagMapLayer.cs","Terraria.Map","1","136","DE004526569D31D93DFCBDC1DC97668E6DFA8A7A26D241C1AD2201577C81E599","1","Terraria\Main.cs","ClientOnly","","","","","","","Excluded from authoritative Simulation ownership by source namespace/role evidence.","deferred"
"Terraria.Map/MapIconOverlay.cs","Terraria.Map","1","391","51482DDDE0448AA22AF1CFD97B5287A8BCED98A3BB6E8BD834F3EDC0A59F05DE","1","Terraria\Main.cs","ClientOnly","","","","","","","Excluded from authoritative Simulation ownership by source namespace/role evidence.","deferred"
"Terraria.Net.Sockets/SocialSocket.cs","Terraria.Net.Sockets","1","121","C26E06E69456A1B621795403D8A84C8F030F7E16B26AC05A41B6164696B6FD5D","0","","ClientOnly","","","","","","","Excluded from authoritative Simulation ownership by source namespace/role evidence.","deferred"
"Terraria.Net/NetGroupInfo.cs","Terraria.Net","1","115","19CFFE7C4F245C30FBB0C0D5884B8C0AD07562BC5F01F7D12D53FAC9FE8EE84E","0","","ClientOnly","","","","","","","Excluded from authoritative Simulation ownership by source namespace/role evidence.","deferred"
"Terraria.Net/Ping.cs","Terraria.Net","1","153","0362953F97C994B4B028CECAC5D959A76C5B632FF43B33D70AD9F0C89FE88102","2","Terraria.ID\MessageID.cs;Terraria.Map\PingMapLayer.cs","ReplacedWithEvidence","D:\\TRbackup\\无任何删减通过编译\\Terraria.Net\\Ping.cs:8-52; SHA256=DDDA64A77F9DB414A5DB8375D4B212FABD03B662530FF2C26A7D114FD414ACF1","Terraria.Dome.Protocol.V1456.Dispatch.TerrariaPacketDispatcher.RoutePing and TerrariaPacketCodec","Transient active-session ping request/response; no gameplay snapshot state is created","Typed RoutePing validates the empty payload and returns EncodePing through the session outbound queue","Transient protocol-only behavior; no authoritative gameplay or persistence field is applicable","Test/Terraria.Dome.Protocol.Compatibility.Verification; Test/Terraria.Dome.NetworkIsolation.Verification; Test/Terraria.Dome.SessionReplication.Verification","Source-backed replacement evidence is recorded below.","accepted"
"Terraria.Net/SteamAddress.cs","Terraria.Net","1","83","4A9683E5FD68008CB8B2B13981F34C04EF6807FBD05586D4401E1070A6109710","0","","ClientOnly","","","","","","","Excluded from authoritative Simulation ownership by source namespace/role evidence.","deferred"
"Terraria.Net/WeGameAddress.cs","Terraria.Net","1","78","8519E36692F9CCF590F29CC151486F9D5E2D07913E1FCA504FB1A64F6A529B4D","0","","ClientOnly","","","","","","","Excluded from authoritative Simulation ownership by source namespace/role evidence.","deferred"
"Terraria.Physics/BallState.cs","Terraria.Physics","0","32","56D1F4B6714930E68D977815EAC066C7CD6CBB9CD747F87DEFEEF465A5CB9ABE","0","","SharedDefinition","","","","","","","Shared declaration/definition surface; no executable server transition is proven by the removed file.","deferred"
"Terraria.Physics/BallStepResult.cs","Terraria.Physics","0","32","56D1F4B6714930E68D977815EAC066C7CD6CBB9CD747F87DEFEEF465A5CB9ABE","0","","SharedDefinition","","","","","","","Shared declaration/definition surface; no executable server transition is proven by the removed file.","deferred"
"Terraria.Social.Base/AWorkshopEntry.cs","Terraria.Social.Base","1","205","24359232E05F1964737B43CE924F959165DB0360B9D9A52E35AA6479A71F2960","0","","ClientOnly","","","","","","","Excluded from authoritative Simulation ownership by source namespace/role evidence.","deferred"
"Terraria.Social.Base/AWorkshopProgressReporter.cs","Terraria.Social.Base","1","202","E5487510DA446D1B9AE81071CDD2E8242840F92431EDE9DA7AAEEDA39FB82D89","0","","ClientOnly","","","","","","","Excluded from authoritative Simulation ownership by source namespace/role evidence.","deferred"
"Terraria.Social.Base/AWorkshopTagsCollection.cs","Terraria.Social.Base","1","464","6B1A4D5D2C10D8644BEFEF90B13DAEE79E5848E294E738D332C93886FBEA9F63","0","","ClientOnly","","","","","","","Excluded from authoritative Simulation ownership by source namespace/role evidence.","deferred"
"Terraria.Social.Base/TexturePackWorkshopEntry.cs","Terraria.Social.Base","1","104","4B8FD9AF80CE2E9286258B31A70910EBCBA357A51466FC0FA0416BF8144894B0","0","","ClientOnly","","","","","","","Excluded from authoritative Simulation ownership by source namespace/role evidence.","deferred"
"Terraria.Social.Base/WorkshopBranding.cs","Terraria.Social.Base","1","151","78E222A3C228A2E7FC454DBD0EAD3F184BB7AACA48CE976681138BAC2867787D","0","","ClientOnly","","","","","","","Excluded from authoritative Simulation ownership by source namespace/role evidence.","deferred"
"Terraria.Social.Base/WorldWorkshopEntry.cs","Terraria.Social.Base","1","98","B069657C3819BB3CA4BDC5F4C79E3CCAB1347E0DD905EEB68D81BCC6DA9D96D2","0","","ClientOnly","","","","","","","Excluded from authoritative Simulation ownership by source namespace/role evidence.","deferred"
"Terraria.Social.Steam/AchievementsSocialModule.cs","Terraria.Social.Steam","1","208","2FA5C840C933F97B67DD86588A78AC8269F586758A733CB7C841177A462A0C4F","2","Terraria.Social\SocialAPI.cs;Terraria.Social.Base\AchievementsSocialModule.cs","ClientOnly","","","","","","","Excluded from authoritative Simulation ownership by source namespace/role evidence.","deferred"
"Terraria.Social.Steam/CloudSocialModule.cs","Terraria.Social.Steam","1","176","0FA5C6FB97F027AF6055B24C5B807A5E3A212893BF715018DA16329659078180","2","Terraria.Social.Base\CloudSocialModule.cs;Terraria.Social\SocialAPI.cs","ClientOnly","","","","","","","Excluded from authoritative Simulation ownership by source namespace/role evidence.","deferred"
"Terraria.Social.Steam/CoreSocialModule.cs","Terraria.Social.Steam","1","212","9BC9032067DC935143565372BE5F428598F05FCDE5C1920BFFE7C3E4DCEBD96E","0","","ClientOnly","","","","","","","Excluded from authoritative Simulation ownership by source namespace/role evidence.","deferred"
"Terraria.Social.Steam/FriendsSocialModule.cs","Terraria.Social.Steam","1","128","7C5C5EFB1A8C0A16E8B79E4B388CAF82CB5211A6965614F311F7C6593F72B445","1","Terraria.Social.Base\FriendsSocialModule.cs","ClientOnly","","","","","","","Excluded from authoritative Simulation ownership by source namespace/role evidence.","deferred"
"Terraria.Social.Steam/Lobby.cs","Terraria.Social.Steam","1","764","ABBD8D0D3CEA408620DDA47A11BDA24AA86E817ED02EB00E9DDC17A824AEE31A","1","Terraria.Net\ServerMode.cs","ClientOnly","","","","","","","Excluded from authoritative Simulation ownership by source namespace/role evidence.","deferred"
"Terraria.Social.Steam/NetClientSocialModule.cs","Terraria.Social.Steam","1","239","9FA493784362F6DACE4CF650B7AB2E5C9E2C612C7AB98A09BAA086629444682C","0","","ClientOnly","","","","","","","Excluded from authoritative Simulation ownership by source namespace/role evidence.","deferred"
"Terraria.Social.Steam/NetServerSocialModule.cs","Terraria.Social.Steam","1","332","8ECC86FB83357BDF44FD65C43EF09F7F74485B36513F8C595F26F3F79A828F49","0","","ClientOnly","","","","","","","Excluded from authoritative Simulation ownership by source namespace/role evidence.","deferred"
"Terraria.Social.Steam/NetSocialModule.cs","Terraria.Social.Steam","1","210","3537CD8C2D5CF4B5708831C4EE2D249727FCF3419BA60423B5B7EE1318D47F4D","2","Terraria.Social\SocialAPI.cs;Terraria.Social.Base\NetSocialModule.cs","ClientOnly","","","","","","","Excluded from authoritative Simulation ownership by source namespace/role evidence.","deferred"
"Terraria.Social.Steam/OverlaySocialModule.cs","Terraria.Social.Steam","1","128","02040205CC8166D65387FD8F4F8C8A173B7A62072254067965990893F03AB258","1","Terraria.Social.Base\OverlaySocialModule.cs","ClientOnly","","","","","","","Excluded from authoritative Simulation ownership by source namespace/role evidence.","deferred"
"Terraria.Social.Steam/PlatformSocialModule.cs","Terraria.Social.Steam","1","184","FF863BF4B62E4522850742A47C7CC218EBB8C334AEA2BC468C79295E520F7520","1","Terraria.Social.Base\PlatformSocialModule.cs","ClientOnly","","","","","","","Excluded from authoritative Simulation ownership by source namespace/role evidence.","deferred"
"Terraria.Social.Steam/SteamP2PReader.cs","Terraria.Social.Steam","2","863","961AC7EB8C62A21526979D1AA08A370C46DCC1016FDFD346418FDB149AFF56F7","0","","ClientOnly","","","","","","","Excluded from authoritative Simulation ownership by source namespace/role evidence.","deferred"
"Terraria.Social.Steam/SteamP2PWriter.cs","Terraria.Social.Steam","2","871","BA0F697A7C73ED06ACA88EC7600914B28E4C6A37471B761264B8A37238915D59","0","","ClientOnly","","","","","","","Excluded from authoritative Simulation ownership by source namespace/role evidence.","deferred"
"Terraria.Social.Steam/SupportedWorkshopTags.cs","Terraria.Social.Steam","1","111","33B4413575D7B00E0F00A89B04653DE6431D1927FC157A03FF911EE92369C94C","0","","ClientOnly","","","","","","","Excluded from authoritative Simulation ownership by source namespace/role evidence.","deferred"
"Terraria.Social.Steam/WorkshopHelper.cs","Terraria.Social.Steam","8","2101","2965E56737F0D3DE1D858262BB44E6E826B21BA1CD085236B2D956F8CA1BB4CA","0","","ClientOnly","","","","","","","Excluded from authoritative Simulation ownership by source namespace/role evidence.","deferred"
"Terraria.Social.Steam/WorkshopProgressReporter.cs","Terraria.Social.Steam","1","149","62F824003558847E2011D596BEBDF0EE10A341E743A83DD4668CEFAE00B106C1","0","","ClientOnly","","","","","","","Excluded from authoritative Simulation ownership by source namespace/role evidence.","deferred"
"Terraria.Social.Steam/WorkshopSocialModule.cs","Terraria.Social.Steam","1","308","357C6AFE7E6E3B015430CE696FBBE2B836BD4A8D8640A4A12AF7C5D14180E0A5","1","Terraria.Social.Base\WorkshopSocialModule.cs","ClientOnly","","","","","","","Excluded from authoritative Simulation ownership by source namespace/role evidence.","deferred"
"Terraria.Social.WeGame/AchievementsSocialModule.cs","Terraria.Social.WeGame","1","168","12A549777F587A99791C73AA982EE6A6DE075218FF550D31162B58AE59240236","2","Terraria.Social\SocialAPI.cs;Terraria.Social.Base\AchievementsSocialModule.cs","ClientOnly","","","","","","","Excluded from authoritative Simulation ownership by source namespace/role evidence.","deferred"
"Terraria.Social.WeGame/AsyncTaskHelper.cs","Terraria.Social.WeGame","1","124","6210EB0E2266C47AAA8F8AA1E75DC04E20B30BD4405ADC4EEC97972FC1516227","0","","ClientOnly","","","","","","","Excluded from authoritative Simulation ownership by source namespace/role evidence.","deferred"
"Terraria.Social.WeGame/CloudSocialModule.cs","Terraria.Social.WeGame","1","156","D81F8B3F38DA846B6572A1A58795F3DFAEFC06859E0943A53E3001E764E5788A","2","Terraria.Social.Base\CloudSocialModule.cs;Terraria.Social\SocialAPI.cs","ClientOnly","","","","","","","Excluded from authoritative Simulation ownership by source namespace/role evidence.","deferred"
"Terraria.Social.WeGame/CoreSocialModule.cs","Terraria.Social.WeGame","1","245","1F722D165C873EA5FE19BD1BC5FA9909927AAF2414723C87B4A6BBA9202A049D","0","","ClientOnly","","","","","","","Excluded from authoritative Simulation ownership by source namespace/role evidence.","deferred"
"Terraria.Social.WeGame/CurrentThreadRunner.cs","Terraria.Social.WeGame","1","130","D0EBA0BAE934CD5E0B3CA562CA939379A2EBDD794795A1D5C8433AA3A2C8E27D","0","","ClientOnly","","","","","","","Excluded from authoritative Simulation ownership by source namespace/role evidence.","deferred"
"Terraria.Social.WeGame/FriendsSocialModule.cs","Terraria.Social.WeGame","1","123","EE41EDEB8EC71D183D471219DF7904755069F2AF6F12DF36F4F60899B5112066","1","Terraria.Social.Base\FriendsSocialModule.cs","ClientOnly","","","","","","","Excluded from authoritative Simulation ownership by source namespace/role evidence.","deferred"
"Terraria.Social.WeGame/IPCContent.cs","Terraria.Social.WeGame","1","98","E9B01E706FA78E9B03798C84D6A473AD5A139FC81C365DDD9B037CEC095E5674","0","","ClientOnly","","","","","","","Excluded from authoritative Simulation ownership by source namespace/role evidence.","deferred"
"Terraria.Social.WeGame/IPCMessage.cs","Terraria.Social.WeGame","1","160","6CBDBE3044C0F8806B323C63AE243D91B4039A19CB8AF1AA7BF56B4852B39FF2","0","","ClientOnly","","","","","","","Excluded from authoritative Simulation ownership by source namespace/role evidence.","deferred"
"Terraria.Social.WeGame/IPCMessageType.cs","Terraria.Social.WeGame","0","38","401A324FD576B01F5171B4EBE2D5A95DC64F8CD7458AA9F37AB287FAD418C53F","0","","ClientOnly","","","","","","","Excluded from authoritative Simulation ownership by source namespace/role evidence.","deferred"
"Terraria.Social.WeGame/IPCServer.cs","Terraria.Social.WeGame","1","153","3A379FCD5305CF14C710527E75E4BD61B483511AAB0D7F437B82DDD80F2A526E","0","","ClientOnly","","","","","","","Excluded from authoritative Simulation ownership by source namespace/role evidence.","deferred"
"Terraria.Social.WeGame/Lobby.cs","Terraria.Social.WeGame","1","99","CE69F102DA00B349A15CEE146F063E8DA2E009029FF4CE04BF372F074359D643","1","Terraria.Net\ServerMode.cs","ClientOnly","","","","","","","Excluded from authoritative Simulation ownership by source namespace/role evidence.","deferred"
"Terraria.Social.WeGame/MessageDispatcherBase.cs","Terraria.Social.WeGame","1","91","DDCC8CF1289443B9A62E2934E8B4B38C411BDC7003713C7D7CC777DBCD4909DC","0","","ClientOnly","","","","","","","Excluded from authoritative Simulation ownership by source namespace/role evidence.","deferred"
"Terraria.Social.WeGame/MessageDispatcherClient.cs","Terraria.Social.WeGame","1","148","9CBE241878A8056A5207D6C1EC056EBC16370DD6B6D06DA0428F7751757C3E35","0","","ClientOnly","","","","","","","Excluded from authoritative Simulation ownership by source namespace/role evidence.","deferred"
"Terraria.Social.WeGame/MessageDispatcherServer.cs","Terraria.Social.WeGame","1","101","A504C33122DC09D7FC0FF1037849AD8850BFD70B38E26403747009AA9621B341","0","","ClientOnly","","","","","","","Excluded from authoritative Simulation ownership by source namespace/role evidence.","deferred"
"Terraria.Social.WeGame/NetClientSocialModule.cs","Terraria.Social.WeGame","1","273","CC337F70B5C4106915E491312CEBC03D971B7DDC5234706B9D69773A6DF6A0B3","0","","ClientOnly","","","","","","","Excluded from authoritative Simulation ownership by source namespace/role evidence.","deferred"
"Terraria.Social.WeGame/NetServerSocialModule.cs","Terraria.Social.WeGame","1","273","E54EB06AF78FC1BC4CB3362F3CE7510C8A04B9B6CE14DE1DE65435B23C5BA08C","0","","ClientOnly","","","","","","","Excluded from authoritative Simulation ownership by source namespace/role evidence.","deferred"
"Terraria.Social.WeGame/NetSocialModule.cs","Terraria.Social.WeGame","1","187","2E52ED8C92B43AB72C07CDB400614778BD7D3139C023A6ED0B8992DDADF6B730","2","Terraria.Social\SocialAPI.cs;Terraria.Social.Base\NetSocialModule.cs","ClientOnly","","","","","","","Excluded from authoritative Simulation ownership by source namespace/role evidence.","deferred"
"Terraria.Social.WeGame/OverlaySocialModule.cs","Terraria.Social.WeGame","1","110","CACB61B239B4D5863853195CF6BB91D711C3264F589F409BCF8FCF1AFB6ECADA","1","Terraria.Social.Base\OverlaySocialModule.cs","ClientOnly","","","","","","","Excluded from authoritative Simulation ownership by source namespace/role evidence.","deferred"
"Terraria.Social.WeGame/WeGameHelper.cs","Terraria.Social.WeGame","1","194","89FCB05960B481502B4A9CF010976AF7485C20FE42C8410E440C81A35584E8E1","0","","ClientOnly","","","","","","","Excluded from authoritative Simulation ownership by source namespace/role evidence.","deferred"
"Terraria.Social.WeGame/WeGameP2PReader.cs","Terraria.Social.WeGame","1","136","56EDBACA56FA699F51B134F296F9CF7207E9DDB0897E3549F09C0839A1D704F0","0","","ClientOnly","","","","","","","Excluded from authoritative Simulation ownership by source namespace/role evidence.","deferred"
"Terraria.Social.WeGame/WeGameP2PWriter.cs","Terraria.Social.WeGame","1","136","B66EF6112E7B025A1B6C3E42D76DA60E6AC0ED63930AF9A52754D8DD47FCA5AF","0","","ClientOnly","","","","","","","Excluded from authoritative Simulation ownership by source namespace/role evidence.","deferred"
"Terraria.Testing.ChatCommands/ArgumentListResult.cs","Terraria.Testing.ChatCommands","1","168","FB54470DC019E5FB912715A21B7F1EC79294F244209DDCE4FCF8AEDBB7874C9A","0","","ClientOnly","","","","","","","Excluded from authoritative Simulation ownership by source namespace/role evidence.","deferred"
"Terraria.Testing/DebugLineDraw.cs","Terraria.Testing","1","176","DA80058AEF5B5699C93A4DA6E9B0136565B51470DD19C54A38FD016387C6CB42","1","Terraria\Main.cs","ClientOnly","","","","","","","Excluded from authoritative Simulation ownership by source namespace/role evidence.","deferred"
"Terraria.Testing/DebugOverrides.cs","Terraria.Testing","1","133","63454DD44F10007F58F4C5692BE9AB1B568C98FDFAD26DCEC44062FFED85F257","0","","ClientOnly","","","","","","","Excluded from authoritative Simulation ownership by source namespace/role evidence.","deferred"
"Terraria.Testing/QuickLoad.cs","Terraria.Testing","1","489","F0A819B6835FA0F28E521097E2E273650ED070C57E4213A9B5F795ECF26F9D32","0","","ClientOnly","","","","","","","Excluded from authoritative Simulation ownership by source namespace/role evidence.","deferred"
"Terraria.Testing/WindowsPerformanceDiagnostics.cs","Terraria.Testing","1","242","F0D66556B9E8A626B7EDAEF05E452A74E68C52F43B3F5AFBE8447A023180B577","0","","ClientOnly","","","","","","","Excluded from authoritative Simulation ownership by source namespace/role evidence.","deferred"
"Terraria.UI.Chat/ChatLine.cs","Terraria.UI.Chat","1","250","E058E9A25504BB314187A96872432C0DA3F304BC1EC4D2C683221904770521AA","0","","ClientOnly","","","","","","","Excluded from authoritative Simulation ownership by source namespace/role evidence.","deferred"
"Terraria.UI.Gamepad/GamepadMainMenuHandler.cs","Terraria.UI.Gamepad","1","191","D4D002C46321C02706623E8071E3B115023575CFAACDD15130395D94D46467CE","0","","ClientOnly","","","","","","","Excluded from authoritative Simulation ownership by source namespace/role evidence.","deferred"
"Terraria.UI.Gamepad/UILinkPage.cs","Terraria.UI.Gamepad","1","118","CFC9F4B297E1A69080F0A158E58468911420402D91C26B02CE744CC57A622E62","0","","ClientOnly","","","","","","","Excluded from authoritative Simulation ownership by source namespace/role evidence.","deferred"
"Terraria.UI.Gamepad/UILinkPoint.cs","Terraria.UI.Gamepad","1","116","3E4DF445DC7A467CB0699663DF043CDC5C382AECC925F210CABE6C958D29D47E","0","","ClientOnly","","","","","","","Excluded from authoritative Simulation ownership by source namespace/role evidence.","deferred"
"Terraria.UI.Gamepad/UILinkPointNavigator.cs","Terraria.UI.Gamepad","1","362","9C197C6EDE66F15CC5168614883592C4DEC9D3627529496B3204ADC8F74C0F57","0","","ClientOnly","","","","","","","Excluded from authoritative Simulation ownership by source namespace/role evidence.","deferred"
"Terraria.UI/AchievementAdvisor.cs","Terraria.UI","1","298","094FE8B2056501FCF5D7B35002F44087D89BCE2E3FC1D945F90C14A24B0264C4","1","Terraria\Main.cs","ClientOnly","","","","","","","Excluded from authoritative Simulation ownership by source namespace/role evidence.","deferred"
"Terraria.UI/AchievementAdvisorCard.cs","Terraria.UI","1","139","BBA4FAAAE537F6A4934A1E1C0F406DB551DE830422116A6F12F19C7A038FC525","0","","ClientOnly","","","","","","","Excluded from authoritative Simulation ownership by source namespace/role evidence.","deferred"
"Terraria.UI/Alignment.cs","Terraria.UI","0","61","7340C949C700FDCFB4C57682EE8E07A1D06D0F89AFE9F5AE9A89F89C95DF0163","0","","ClientOnly","","","","","","","Excluded from authoritative Simulation ownership by source namespace/role evidence.","deferred"
"Terraria.UI/BannerClaimingUI.cs","Terraria.UI","1","361","0EF280129142D8C58FD4DFC25271A161EDB0C12C7512EC9FD3066F5E95DF3B2B","1","Terraria\Main.cs","ClientOnly","","","","","","","Excluded from authoritative Simulation ownership by source namespace/role evidence.","deferred"
"Terraria.UI/ChestUI.cs","Terraria.UI","1","461","629F9606D0614DADD38E6D2D84BDD36F42EBFA6A351B0648064D54D44564589B","0","","ClientOnly","","","","","","","Excluded from authoritative Simulation ownership by source namespace/role evidence.","deferred"
"Terraria.UI/CoinSlot.cs","Terraria.UI","1","217","A24DC3974EE29CED06059442181FDFDA94C65BBB4DF6829410B9886D6594D4A2","0","","ClientOnly","","","","","","","Excluded from authoritative Simulation ownership by source namespace/role evidence.","deferred"
"Terraria.UI/CraftingUI.cs","Terraria.UI","1","342","36A127F6B7859EB62CD03733E30F6A772D90F782C3A7FA22347F6F3CDDD23DF9","1","Terraria\Main.cs","ClientOnly","","","","","","","Excluded from authoritative Simulation ownership by source namespace/role evidence.","deferred"
"Terraria.UI/GameInterfaceLayer.cs","Terraria.UI","1","185","73A10F436AFD475E8AF4FB424EA5724C8D7512E528CACEE80427A65020C0EB48","0","","ClientOnly","","","","","","","Excluded from authoritative Simulation ownership by source namespace/role evidence.","deferred"
"Terraria.UI/ICraftingUI.cs","Terraria.UI","1","114","0FD8857A5526CBE97ED57D9D852727457F2B10C1158641FE0D00140610DAD963","0","","ClientOnly","","","","","","","Excluded from authoritative Simulation ownership by source namespace/role evidence.","deferred"
"Terraria.UI/IHaveBackButtonCommand.cs","Terraria.UI","1","108","C20F1B69C262EF6DFF2F808D85A8CA6EDC6D17F3C15667A240320D3C3C0E66D5","0","","ClientOnly","","","","","","","Excluded from authoritative Simulation ownership by source namespace/role evidence.","deferred"
"Terraria.UI/IInGameNotification.cs","Terraria.UI","1","148","27176F525C7D4BFA8295CEE1D38CF4C284991915FD19B92B7622B401F05964E9","0","","ClientOnly","","","","","","","Excluded from authoritative Simulation ownership by source namespace/role evidence.","deferred"
"Terraria.UI/IngameFancyUI.cs","Terraria.UI","1","315","F86CFA66AB502AE43413A312E45AA4C794C9C9111DEA5720F9B723346196B386","0","","ClientOnly","","","","","","","Excluded from authoritative Simulation ownership by source namespace/role evidence.","deferred"
"Terraria.UI/InGameNotificationsTracker.cs","Terraria.UI","1","296","F486B9609F26E312E275FD41298750E596D0D13C2ED26B7E2CDC1724247051EB","0","","ClientOnly","","","","","","","Excluded from authoritative Simulation ownership by source namespace/role evidence.","deferred"
"Terraria.UI/InGamePopups.cs","Terraria.UI","1","276","BBB8BA6064E5193A8767E45117628B23D309F32AC177C8EEDB524CF27102349F","0","","ClientOnly","","","","","","","Excluded from authoritative Simulation ownership by source namespace/role evidence.","deferred"
"Terraria.UI/InterfaceScaleType.cs","Terraria.UI","0","27","3BCB1F5CD18AA969F39686679A25CBF8905799C253D233CD4E09FD510DCFEC62","0","","ClientOnly","","","","","","","Excluded from authoritative Simulation ownership by source namespace/role evidence.","deferred"
"Terraria.UI/IPipsUI.cs","Terraria.UI","1","152","23E819139B64B99056210C49C5164319759B450D16681A28288CDF26D0AD3000","0","","ClientOnly","","","","","","","Excluded from authoritative Simulation ownership by source namespace/role evidence.","deferred"
"Terraria.UI/LegacyGameInterfaceLayer.cs","Terraria.UI","1","73","F84E2AB776387457169AF0072E5213D94ACC6E42095FFB9938E475F4539F4148","0","","ClientOnly","","","","","","","Excluded from authoritative Simulation ownership by source namespace/role evidence.","deferred"
"Terraria.UI/NetDiagnosticsUI.cs","Terraria.UI","1","270","B9F26F35B6214543F623B00E7566537627CFD584161A911DBFB5CB45115AC7F9","0","","ClientOnly","","","","","","","Excluded from authoritative Simulation ownership by source namespace/role evidence.","deferred"
"Terraria.Utilities.FileBrowser/FileBrowser.cs","Terraria.Utilities.FileBrowser","1","80","139A6E1B1E1C4D166EB686A3B6C6428BF3526F7FEC7579EA989260363FEDAA82","1","Terraria.Utilities.FileBrowser\ExtensionFilter.cs","ClientOnly","","","","","","","Excluded from authoritative Simulation ownership by source namespace/role evidence.","deferred"
"Terraria.Utilities.FileBrowser/IFileBrowser.cs","Terraria.Utilities.FileBrowser","1","153","A08F0FBC97BCC4163DD19AF837A227E22DC33C40511524771E4D861626B94522","0","","ClientOnly","","","","","","","Excluded from authoritative Simulation ownership by source namespace/role evidence.","deferred"
"Terraria.Utilities.FileBrowser/NativeFileDialog.cs","Terraria.Utilities.FileBrowser","1","106","14641A6EB99FB43216F8E41986706246C2E2018A252C5968ADC7F91404522E09","0","","ClientOnly","","","","","","","Excluded from authoritative Simulation ownership by source namespace/role evidence.","deferred"
"Terraria.Utilities/DialogResult.cs","Terraria.Utilities","0","34","55ED40EA0AB54FB5FF5EC30F5EBCEA5A56A6CFEE15A57B9973CA39E7939CDB6C","0","","ClientOnly","","","","","","","Excluded from authoritative Simulation ownership by source namespace/role evidence.","deferred"
"Terraria.Utilities/MessageBoxButtons.cs","Terraria.Utilities","0","34","55ED40EA0AB54FB5FF5EC30F5EBCEA5A56A6CFEE15A57B9973CA39E7939CDB6C","0","","ClientOnly","","","","","","","Excluded from authoritative Simulation ownership by source namespace/role evidence.","deferred"
"Terraria.Utilities/MessageBoxIcon.cs","Terraria.Utilities","0","34","55ED40EA0AB54FB5FF5EC30F5EBCEA5A56A6CFEE15A57B9973CA39E7939CDB6C","0","","ClientOnly","","","","","","","Excluded from authoritative Simulation ownership by source namespace/role evidence.","deferred"
"Terraria.Utilities/WeightedRandom.cs","Terraria.Utilities","1","146","9B08599BD97A8BEC1DE41B2DD283568347C3648618A32D60E4BF454AE1289B14","0","","SharedDefinition","","","","","","","Shared declaration/definition surface; no executable server transition is proven by the removed file.","deferred"
"Terraria.WorldBuilding/GenShapeActionPair.cs","Terraria.WorldBuilding","0","38","C6C2FB20A58B2084BA8D9F9A48E4D50F8B6071ED0E98CAA65F3B4D921D4EC27C","0","","SharedDefinition","","","","","","","Shared declaration/definition surface; no executable server transition is proven by the removed file.","deferred"
"Terraria.WorldBuilding/SimpleStructure.cs","Terraria.WorldBuilding","1","109","3C5E5A60C392B42812B395D5F1FD6467330566B8E634BDAEB83BFD1950F33E44","0","","ServerRelevant","Terraria.WorldBuilding/SimpleStructure.cs::SimpleStructure (removed Version3 declaration)","DEFERRED: no approved ECS owner is proven for the removed type.","DEFERRED: authoritative state shape is not recovered.","DEFERRED: typed command/commit path is not recovered.","DEFERRED: persistence/protocol consequence is not established.","DEFERRED: no focused verifier covers the removed type.","Server-relevant classification is source-shaped, but the file is physically absent from Version4 and no approved ECS owner/replacement evidence is joined yet.","deferred"
"Terraria.WorldBuilding/TileFont.cs","Terraria.WorldBuilding","1","153","F4812E0C7B70C2E96AAE6DF095F015C56EBFCC2B1428D51DE6DF43086BD1E658","0","","ServerRelevant","Terraria.WorldBuilding/TileFont.cs::TileFont (removed Version3 declaration)","DEFERRED: no approved ECS owner is proven for the removed type.","DEFERRED: authoritative state shape is not recovered.","DEFERRED: typed command/commit path is not recovered.","DEFERRED: persistence/protocol consequence is not established.","DEFERRED: no focused verifier covers the removed type.","Server-relevant classification is source-shaped, but the file is physically absent from Version4 and no approved ECS owner/replacement evidence is joined yet.","deferred"
"Terraria/AdvancedPopupRequest.cs","Terraria","0","58","D979B27C5C3000B35CCE35AD18F67E7A40FF9E740D2900E27F15F7E4D7208187","0","","ClientOnly","","","","","","","Excluded from authoritative Simulation ownership by source namespace/role evidence.","deferred"
"Terraria/FrameSkipTest.cs","Terraria","1","180","2705913E42D4BF94D03608D0FCB5E1598B7A731BF77D8C13B8B7533DEBDAB16E","0","","ClientOnly","","","","","","","Excluded from authoritative Simulation ownership by source namespace/role evidence.","deferred"
"Terraria/ItemSerializationContext.cs","Terraria","0","24","C92D6206E5D9081A6E7DFEBA83A05C775734153D85035FD6F7FE288413DBE13B","0","","SharedDefinition","","","","","","","Shared declaration/definition surface; no executable server transition is proven by the removed file.","deferred"
"Terraria/MapRenderer.cs","Terraria","1","323","40223DC5F8198C7BFB51F60BFC77804510DF8E76721DF5FA9ABFDE3F5D104D39","0","","ClientOnly","","","","","","","Excluded from authoritative Simulation ownership by source namespace/role evidence.","deferred"
"Terraria/NPCSpawningFlagsForDualDungeons.cs","Terraria","0","94","0A8C32FE4F2610A75ABA758ADC40F4DB4572EAA28B10BC541D9DF4A238B6EC03","0","","SharedDefinition","Terraria/NPCSpawningFlagsForDualDungeons.cs: complete source contains only using directives and a namespace declaration; no type or member exists","No executable owner required: the complete source has no declaration.","No authoritative state shape: declaration count is zero.","No command or commit path required: declaration count is zero.","No persistence or protocol consequence: declaration count is zero.","Ledger source-inventory verifier; Version3 complete-source parse and zero direct references.","Reclassified from source-shaped ServerRelevant after confirming the complete source contains no type or member declaration and no direct references.","deferred"
"Terraria/TestHighFPSIssues.cs","Terraria","1","160","7DCD6D4FCA7CD9B04540BAF9EBE01AFF8E345EA0D7C586F2CE933FF95502D086","0","","ClientOnly","","","","","","","Excluded from authoritative Simulation ownership by source namespace/role evidence.","deferred"
