path	logicalDomain	artifactType	status	canonical	sourceScope	relatedPlan	relatedEvidence	owner	lastReviewed	migrationAction
docs/document-architecture.md	architecture	evidence	active	true	architecture	-	-	docs	2026-09-18	retained
docs/document-inventory.md	architecture	evidence	active	true	architecture	-	-	docs	2026-09-18	retained
docs/README.md	architecture	evidence	active	true	architecture	docs/architecture/execution/2026-10-06-entity-organization-execution.md	Build/diagnostics/EntityOrganization/B8/full-host-current-20261007-r1/full-host-matrix.evidence.json;Build/diagnostics/EntityOrganization/B8/full-host-current-20261007-r1/summary.json;Build/diagnostics/EntityOrganization/B9/final-current-20261007/current-rollback-profile-pdb-source-map.evidence.json;Build/diagnostics/EntityOrganization/B9/final-current-20261007/simulation-final-disposal-zero-tick-current-run.evidence.json;Build/diagnostics/EntityOrganization/B9/final-current-20261007/simulation-final-spatial-required-input-two-switches-current-run.evidence.json;Build/diagnostics/EntityOrganization/B9/final-current-20261007/real-world-late-finalize-rollback-candidate-disposal-repair-current-run.evidence.json	docs	2026-10-07	updated-2026-10-07-final-support-scope
docs/architecture/decisions/0001-entity-identity-root-and-typed-projections.md	architecture	decision	active	true	architecture	-	-	architecture	2026-09-18	relocated-2026-09-18
docs/architecture/entity-identity-context.md	architecture	context	active	true	architecture	-	-	architecture	2026-09-18	relocated-2026-09-18
docs/system-decomposition/2026-09-02-system-split-markdown-writing-guide.md	system-decomposition	guide	active	true	system-decomposition	-	-	system-decomposition	2026-09-19	relocated-2026-09-19
docs/system-decomposition/2026-09-18-system-decomposition-authoritative-20-partition-tasks.md	system-decomposition	claimable-task-copy	active	false	system-decomposition	-	-	system-decomposition	2026-09-19	copied-2026-09-19
docs/system-decomposition/2026-09-18-system-decomposition-non-authoritative-20-partition-tasks.md	system-decomposition	claimable-task-copy	active	false	system-decomposition	-	-	system-decomposition	2026-09-19	copied-2026-09-19
docs/system-decomposition/2026-09-30-system-decomposition-P05-player-progression-pets-minions-design.md	system-decomposition	design	active	true	authoritative-system-decomposition	docs/plans/system-decomposition/2026-09-30-P05-player-progression-pets-minions-system-execution-plan.md	docs/system-decomposition/reports/2026-09-18-system-decomposition-authoritative-P05-player-progression-pets-minions.md;D:/TRbackup/Version4;D:/TRbackup/无任何删减通过编译	system-decomposition	2026-09-30	modified-2026-10-01
docs/system-decomposition/authoritative/2026-09-18-system-decomposition-authoritative-20-partition-tasks.md	system-decomposition	claimable-task	active	true	system-decomposition	-	-	system-decomposition	2026-09-19	relocated-2026-09-19
docs/system-decomposition/authoritative/2026-09-30-authoritative-system-decomposition-injection-prompt.md	system-decomposition	guide	active	true	authoritative-system-decomposition	docs/system-decomposition/authoritative/2026-09-18-system-decomposition-authoritative-20-partition-tasks.md	.agents/skills/ecs-system/SKILL.md;.agents/skills/version4-partition-session-runner	system-decomposition	2026-09-30	created-2026-09-30
docs/system-decomposition/non-authoritative/2026-09-18-system-decomposition-non-authoritative-20-partition-tasks.md	system-decomposition	claimable-task	active	true	system-decomposition	-	-	system-decomposition	2026-09-19	relocated-2026-09-19
docs/system-decomposition/reports/2026-09-17-ecs-system-domain-splitting-p06-process-retrospective.md	system-decomposition	audit	active	true	system-decomposition	-	-	system-decomposition	2026-09-18	relocated-2026-09-18
docs/system-decomposition/reports/2026-09-17-ecs-system-domain-splitting-p06-system-experiment-optimization-report.md	system-decomposition	audit	active	true	system-decomposition	-	-	system-decomposition	2026-09-18	relocated-2026-09-18
docs/system-decomposition/reports/2026-09-17-npc-damage-tracking-system-experiment-optimization-report.md	system-decomposition	audit	active	true	system-decomposition	-	-	system-decomposition	2026-09-18	relocated-2026-09-18
docs/component-decomposition/baseline/空间移动碰撞与液体系统组件拆分报告.md	component-decomposition	design	active	true	component-decomposition	-	-	component-decomposition	2026-09-18	relocated-2026-09-18
docs/component-decomposition/baseline/空间移动碰撞与液体组件字段设计.md	component-decomposition	design	active	true	component-decomposition	-	-	component-decomposition	2026-09-18	relocated-2026-09-18
docs/component-decomposition/baseline/世界会话与进度及世界交互结构变更组件拆分报告.md	component-decomposition	design	active	true	component-decomposition	-	-	component-decomposition	2026-09-18	relocated-2026-09-18
docs/component-decomposition/baseline/世界会话与进度系统组件拆分报告.md	component-decomposition	design	active	true	component-decomposition	-	-	component-decomposition	2026-09-18	relocated-2026-09-18
docs/component-decomposition/baseline/世界会话与进度系统组件化拆分报告.md	component-decomposition	design	active	true	component-decomposition	-	-	component-decomposition	2026-09-18	relocated-2026-09-18
docs/component-decomposition/baseline/世界会话与进度系统组件设计.md	component-decomposition	design	active	true	component-decomposition	-	-	component-decomposition	2026-09-18	relocated-2026-09-18
docs/component-decomposition/baseline/世界会话与进度组件字段设计.md	component-decomposition	design	active	true	component-decomposition	-	-	component-decomposition	2026-09-18	relocated-2026-09-18
docs/component-decomposition/baseline/世界生成Biome生态与世界会话进度公共拆分审计报告.md	component-decomposition	audit	active	true	component-decomposition	-	-	component-decomposition	2026-09-18	relocated-2026-09-18
docs/component-decomposition/baseline/世界生成Biome生态与世界会话进度组件设计.md	component-decomposition	design	active	true	component-decomposition	-	-	component-decomposition	2026-09-18	relocated-2026-09-18
docs/component-decomposition/baseline/投射物与专用实体行为系统组件拆分报告.md	component-decomposition	design	active	true	component-decomposition	-	-	component-decomposition	2026-09-18	relocated-2026-09-18
docs/component-decomposition/baseline/投射物与专用实体行为组件字段设计.md	component-decomposition	design	active	true	component-decomposition	-	-	component-decomposition	2026-09-18	relocated-2026-09-18
docs/component-decomposition/baseline/游戏ECS文件组织.md	component-decomposition	evidence	active	true	component-decomposition	-	-	component-decomposition	2026-09-18	relocated-2026-09-18
docs/component-decomposition/baseline/游戏ECS样本项目审查报告.md	component-decomposition	evidence	active	true	component-decomposition	-	-	component-decomposition	2026-09-18	relocated-2026-09-18
docs/component-decomposition/baseline/战斗状态与归因系统组件拆分报告.md	component-decomposition	design	active	true	component-decomposition	-	-	component-decomposition	2026-09-18	relocated-2026-09-18
docs/component-decomposition/baseline/组件设计报告.md	component-decomposition	design	active	true	component-decomposition	-	-	component-decomposition	2026-09-18	relocated-2026-09-18
docs/component-decomposition/baseline/Entity派生类同质组件拆分设计草案.md	component-decomposition	design	active	true	component-decomposition	-	-	component-decomposition	2026-09-18	relocated-2026-09-18
docs/component-decomposition/baseline/Entity派生类同质组件审查报告.md	component-decomposition	evidence	active	true	component-decomposition	-	-	component-decomposition	2026-09-18	relocated-2026-09-18
docs/component-decomposition/baseline/Terraria网络协议数据包分类审查.md	component-decomposition	evidence	active	true	component-decomposition	-	-	component-decomposition	2026-09-18	relocated-2026-09-18
docs/component-decomposition/baseline/Version4-NPC模拟与城镇系统组件拆分报告.md	component-decomposition	design	active	true	component-decomposition	-	-	component-decomposition	2026-09-18	relocated-2026-09-18
docs/component-decomposition/baseline/Version4-NPC模拟与城镇系统组件字段设计.md	component-decomposition	design	active	true	component-decomposition	-	-	component-decomposition	2026-09-18	relocated-2026-09-18
docs/component-decomposition/baseline/Version4内容定义目录组件化拆分报告.md	component-decomposition	design	active	true	component-decomposition	-	-	component-decomposition	2026-09-18	relocated-2026-09-18
docs/component-decomposition/baseline/Version4七大核心类型子系统盘点报告.md	component-decomposition	evidence	active	true	component-decomposition	-	-	component-decomposition	2026-09-18	relocated-2026-09-18
docs/component-decomposition/baseline/Version4权威游戏模拟系统拆分设计报告.md	component-decomposition	design	active	true	component-decomposition	-	-	component-decomposition	2026-09-18	relocated-2026-09-18
docs/component-decomposition/baseline/Version4权威游戏模拟系统主要子系统.md	component-decomposition	evidence	active	true	component-decomposition	-	-	component-decomposition	2026-09-18	relocated-2026-09-18
docs/component-decomposition/baseline/Version4权威游戏模拟子系统全量审查报告-2026-09-05.md	component-decomposition	evidence	active	true	component-decomposition	-	-	component-decomposition	2026-09-18	relocated-2026-09-18
docs/component-decomposition/baseline/Version4权威游戏模拟子系统审查报告.md	component-decomposition	evidence	active	true	component-decomposition	-	-	component-decomposition	2026-09-18	relocated-2026-09-18
docs/component-decomposition/baseline/Version4世界存储与身份系统组件拆分报告.md	component-decomposition	design	active	true	component-decomposition	-	-	component-decomposition	2026-09-18	relocated-2026-09-18
docs/component-decomposition/baseline/Version4世界存储与身份系统组件设计.md	component-decomposition	design	active	true	component-decomposition	-	-	component-decomposition	2026-09-18	relocated-2026-09-18
docs/component-decomposition/baseline/Version4世界会话与进度系统代码盘点及组件拆分报告.md	component-decomposition	design	active	true	component-decomposition	-	-	component-decomposition	2026-09-18	relocated-2026-09-18
docs/component-decomposition/baseline/Version4世界会话与进度系统组件设计.md	component-decomposition	design	active	true	component-decomposition	-	-	component-decomposition	2026-09-18	relocated-2026-09-18
docs/component-decomposition/baseline/Version4世界交互与结构变更系统组件拆分报告.md	component-decomposition	design	active	true	component-decomposition	-	-	component-decomposition	2026-09-18	relocated-2026-09-18
docs/component-decomposition/baseline/Version4世界生成Biome生态系统公共拆分报告.md	component-decomposition	design	active	true	component-decomposition	-	-	component-decomposition	2026-09-18	relocated-2026-09-18
docs/component-decomposition/baseline/Version4世界生成Biome生态系统组件设计.md	component-decomposition	design	active	true	component-decomposition	-	-	component-decomposition	2026-09-18	relocated-2026-09-18
docs/component-decomposition/baseline/Version4玩家玩法与能力系统组件拆分报告.md	component-decomposition	design	active	true	component-decomposition	-	-	component-decomposition	2026-09-18	relocated-2026-09-18
docs/component-decomposition/baseline/Version4玩家玩法与能力系统组件字段设计.md	component-decomposition	design	active	true	component-decomposition	-	-	component-decomposition	2026-09-18	relocated-2026-09-18
docs/component-decomposition/baseline/Version4物品容器与经济事务组件拆分报告.md	component-decomposition	design	active	true	component-decomposition	-	-	component-decomposition	2026-09-18	relocated-2026-09-18
docs/component-decomposition/baseline/Version4物品容器与经济事务组件设计.md	component-decomposition	design	active	true	component-decomposition	-	-	component-decomposition	2026-09-18	relocated-2026-09-18
docs/component-decomposition/baseline/Version4与完整源码差异附录-2026-09-05.md	component-decomposition	evidence	active	true	component-decomposition	-	-	component-decomposition	2026-09-18	relocated-2026-09-18
docs/component-decomposition/baseline/Version4战斗状态与归因系统代码盘点及组件拆分报告.md	component-decomposition	design	active	true	component-decomposition	-	-	component-decomposition	2026-09-18	relocated-2026-09-18
docs/component-decomposition/baseline/Version4战斗状态与归因系统组件设计.md	component-decomposition	design	active	true	component-decomposition	-	-	component-decomposition	2026-09-18	relocated-2026-09-18
docs/component-decomposition/review-round-1/2026-09-05-version4-combat-and-status-public-decomposition.md	component-decomposition	design	active	true	component-decomposition	-	-	component-decomposition	2026-09-18	relocated-2026-09-18
docs/component-decomposition/review-round-1/2026-09-05-version4-death-penalty-and-revenge-public-decomposition.md	component-decomposition	design	active	true	component-decomposition	-	-	component-decomposition	2026-09-18	relocated-2026-09-18
docs/component-decomposition/review-round-1/2026-09-05-version4-fishing-and-catch-simulation-public-decomposition.md	component-decomposition	design	active	true	component-decomposition	-	-	component-decomposition	2026-09-18	relocated-2026-09-18
docs/component-decomposition/review-round-1/2026-09-05-version4-item-container-and-economy-public-decomposition.md	component-decomposition	design	active	true	component-decomposition	-	-	component-decomposition	2026-09-18	relocated-2026-09-18
docs/component-decomposition/review-round-1/2026-09-05-version4-leashed-entity-simulation-public-decomposition.md	component-decomposition	design	active	true	component-decomposition	-	-	component-decomposition	2026-09-18	relocated-2026-09-18
docs/component-decomposition/review-round-1/2026-09-05-version4-liquid-simulation-public-decomposition.md	component-decomposition	design	active	true	component-decomposition	-	-	component-decomposition	2026-09-18	relocated-2026-09-18
docs/component-decomposition/review-round-1/2026-09-05-version4-npc-and-town-simulation-public-decomposition.md	component-decomposition	design	active	true	component-decomposition	-	-	component-decomposition	2026-09-18	relocated-2026-09-18
docs/component-decomposition/review-round-1/2026-09-05-version4-player-gameplay-public-decomposition.md	component-decomposition	design	active	true	component-decomposition	-	-	component-decomposition	2026-09-18	relocated-2026-09-18
docs/component-decomposition/review-round-1/2026-09-05-version4-projectile-simulation-public-decomposition.md	component-decomposition	design	active	true	component-decomposition	-	-	component-decomposition	2026-09-18	relocated-2026-09-18
docs/component-decomposition/review-round-1/2026-09-05-version4-simulation-rule-overrides-public-decomposition.md	component-decomposition	design	active	true	component-decomposition	-	-	component-decomposition	2026-09-18	relocated-2026-09-18
docs/component-decomposition/review-round-1/2026-09-05-version4-spatial-simulation-public-decomposition.md	component-decomposition	design	active	true	component-decomposition	-	-	component-decomposition	2026-09-18	relocated-2026-09-18
docs/component-decomposition/review-round-1/2026-09-05-version4-spawn-lifecycle-and-loot-public-decomposition.md	component-decomposition	design	active	true	component-decomposition	-	-	component-decomposition	2026-09-18	relocated-2026-09-18
docs/component-decomposition/review-round-1/2026-09-05-version4-teleportation-and-traversal-public-decomposition.md	component-decomposition	design	active	true	component-decomposition	-	-	component-decomposition	2026-09-18	relocated-2026-09-18
docs/component-decomposition/review-round-1/2026-09-05-version4-world-calendar-and-event-orchestration-public-decomposition.md	component-decomposition	design	active	true	component-decomposition	-	-	component-decomposition	2026-09-18	relocated-2026-09-18
docs/component-decomposition/review-round-1/2026-09-05-version4-world-generation-and-ecology-public-decomposition.md	component-decomposition	design	active	true	component-decomposition	-	-	component-decomposition	2026-09-18	relocated-2026-09-18
docs/component-decomposition/review-round-1/2026-09-05-version4-world-interaction-and-structures-public-decomposition.md	component-decomposition	design	active	true	component-decomposition	-	-	component-decomposition	2026-09-18	relocated-2026-09-18
docs/component-decomposition/review-round-1/2026-09-05-version4-world-progression-and-transition-public-decomposition.md	component-decomposition	design	active	true	component-decomposition	-	-	component-decomposition	2026-09-18	relocated-2026-09-18
docs/component-decomposition/review-round-1/2026-09-05-version4-world-progression-and-unlocks-public-decomposition.md	component-decomposition	design	active	true	component-decomposition	-	-	component-decomposition	2026-09-18	relocated-2026-09-18
docs/component-decomposition/review-round-1/2026-09-05-version4-world-session-public-decomposition.md	component-decomposition	design	active	true	component-decomposition	-	-	component-decomposition	2026-09-18	relocated-2026-09-18
docs/component-decomposition/review-round-1/design/2026-09-05-version4-combat-and-status-public-decomposition.md	component-decomposition	design	active	true	component-decomposition	-	-	component-decomposition	2026-09-18	relocated-2026-09-18
docs/component-decomposition/review-round-1/design/2026-09-05-version4-death-penalty-and-revenge-component-design.md	component-decomposition	design	active	true	component-decomposition	-	-	component-decomposition	2026-09-18	relocated-2026-09-18
docs/component-decomposition/review-round-1/design/2026-09-05-version4-death-penalty-and-revenge-public-decomposition.md	component-decomposition	design	active	true	component-decomposition	-	-	component-decomposition	2026-09-18	relocated-2026-09-18
docs/component-decomposition/review-round-1/design/2026-09-05-version4-fishing-and-catch-simulation-component-code-draft.md	component-decomposition	evidence	active	true	component-decomposition	-	-	component-decomposition	2026-09-18	relocated-2026-09-18
docs/component-decomposition/review-round-1/design/2026-09-05-version4-fishing-and-catch-simulation-component-design.md	component-decomposition	design	active	true	component-decomposition	-	-	component-decomposition	2026-09-18	relocated-2026-09-18
docs/component-decomposition/review-round-1/design/2026-09-05-version4-fishing-and-catch-simulation-public-decomposition.md	component-decomposition	design	active	true	component-decomposition	-	-	component-decomposition	2026-09-18	relocated-2026-09-18
docs/component-decomposition/review-round-1/design/2026-09-05-version4-item-container-and-economy-component-design.md	component-decomposition	design	active	true	component-decomposition	-	-	component-decomposition	2026-09-18	relocated-2026-09-18
docs/component-decomposition/review-round-1/design/2026-09-05-version4-item-container-and-economy-public-decomposition.md	component-decomposition	design	active	true	component-decomposition	-	-	component-decomposition	2026-09-18	relocated-2026-09-18
docs/component-decomposition/review-round-1/design/2026-09-05-version4-leashed-entity-simulation-component-code-draft.md	component-decomposition	evidence	active	true	component-decomposition	-	-	component-decomposition	2026-09-18	relocated-2026-09-18
docs/component-decomposition/review-round-1/design/2026-09-05-version4-leashed-entity-simulation-component-design.md	component-decomposition	design	active	true	component-decomposition	-	-	component-decomposition	2026-09-18	relocated-2026-09-18
docs/component-decomposition/review-round-1/design/2026-09-05-version4-leashed-entity-simulation-public-decomposition.md	component-decomposition	design	active	true	component-decomposition	-	-	component-decomposition	2026-09-18	relocated-2026-09-18
docs/component-decomposition/review-round-1/design/2026-09-05-version4-liquid-simulation-component-code-draft.md	component-decomposition	evidence	active	true	component-decomposition	-	-	component-decomposition	2026-09-18	relocated-2026-09-18
docs/component-decomposition/review-round-1/design/2026-09-05-version4-liquid-simulation-component-design.md	component-decomposition	design	active	true	component-decomposition	-	-	component-decomposition	2026-09-18	relocated-2026-09-18
docs/component-decomposition/review-round-1/design/2026-09-05-version4-liquid-simulation-public-decomposition.md	component-decomposition	design	active	true	component-decomposition	-	-	component-decomposition	2026-09-18	relocated-2026-09-18
docs/component-decomposition/review-round-1/design/2026-09-05-version4-npc-and-town-simulation-component-code-draft.md	component-decomposition	evidence	active	true	component-decomposition	-	-	component-decomposition	2026-09-18	relocated-2026-09-18
docs/component-decomposition/review-round-1/design/2026-09-05-version4-npc-and-town-simulation-component-design.md	component-decomposition	design	active	true	component-decomposition	-	-	component-decomposition	2026-09-18	relocated-2026-09-18
docs/component-decomposition/review-round-1/design/2026-09-05-version4-npc-and-town-simulation-public-decomposition.md	component-decomposition	design	active	true	component-decomposition	-	-	component-decomposition	2026-09-18	relocated-2026-09-18
docs/component-decomposition/review-round-1/design/2026-09-05-version4-player-gameplay-component-code-draft.md	component-decomposition	evidence	active	true	component-decomposition	-	-	component-decomposition	2026-09-18	relocated-2026-09-18
docs/component-decomposition/review-round-1/design/2026-09-05-version4-player-gameplay-component-design.md	component-decomposition	design	active	true	component-decomposition	-	-	component-decomposition	2026-09-18	relocated-2026-09-18
docs/component-decomposition/review-round-1/design/2026-09-05-version4-player-gameplay-public-decomposition.md	component-decomposition	design	active	true	component-decomposition	-	-	component-decomposition	2026-09-18	relocated-2026-09-18
docs/component-decomposition/review-round-1/design/2026-09-05-version4-projectile-simulation-code-component-draft.md	component-decomposition	evidence	active	true	component-decomposition	-	-	component-decomposition	2026-09-18	relocated-2026-09-18
docs/component-decomposition/review-round-1/design/2026-09-05-version4-projectile-simulation-component-design.md	component-decomposition	design	active	true	component-decomposition	-	-	component-decomposition	2026-09-18	relocated-2026-09-18
docs/component-decomposition/review-round-1/design/2026-09-05-version4-projectile-simulation-public-decomposition.md	component-decomposition	design	active	true	component-decomposition	-	-	component-decomposition	2026-09-18	relocated-2026-09-18
docs/component-decomposition/review-round-1/design/2026-09-05-version4-public-decomposition-common-protocol.md	component-decomposition	design	active	true	component-decomposition	-	-	component-decomposition	2026-09-18	relocated-2026-09-18
docs/component-decomposition/review-round-1/design/2026-09-05-version4-simulation-rule-overrides-component-design.md	component-decomposition	design	active	true	component-decomposition	-	-	component-decomposition	2026-09-18	relocated-2026-09-18
docs/component-decomposition/review-round-1/design/2026-09-05-version4-simulation-rule-overrides-public-decomposition.md	component-decomposition	design	active	true	component-decomposition	-	-	component-decomposition	2026-09-18	relocated-2026-09-18
docs/component-decomposition/review-round-1/design/2026-09-05-version4-spatial-simulation-component-code-draft.md	component-decomposition	evidence	active	true	component-decomposition	-	-	component-decomposition	2026-09-18	relocated-2026-09-18
docs/component-decomposition/review-round-1/design/2026-09-05-version4-spatial-simulation-component-design.md	component-decomposition	design	active	true	component-decomposition	-	-	component-decomposition	2026-09-18	relocated-2026-09-18
docs/component-decomposition/review-round-1/design/2026-09-05-version4-spatial-simulation-public-decomposition.md	component-decomposition	design	active	true	component-decomposition	-	-	component-decomposition	2026-09-18	relocated-2026-09-18
docs/component-decomposition/review-round-1/design/2026-09-05-version4-spawn-lifecycle-and-loot-component-code-draft.md	component-decomposition	evidence	active	true	component-decomposition	-	-	component-decomposition	2026-09-18	relocated-2026-09-18
docs/component-decomposition/review-round-1/design/2026-09-05-version4-spawn-lifecycle-and-loot-component-design.md	component-decomposition	design	active	true	component-decomposition	-	-	component-decomposition	2026-09-18	relocated-2026-09-18
docs/component-decomposition/review-round-1/design/2026-09-05-version4-spawn-lifecycle-and-loot-public-decomposition.md	component-decomposition	design	active	true	component-decomposition	-	-	component-decomposition	2026-09-18	relocated-2026-09-18
docs/component-decomposition/review-round-1/design/2026-09-05-version4-teleportation-and-traversal-code-component-draft.md	component-decomposition	evidence	active	true	component-decomposition	-	-	component-decomposition	2026-09-18	relocated-2026-09-18
docs/component-decomposition/review-round-1/design/2026-09-05-version4-teleportation-and-traversal-component-design.md	component-decomposition	design	active	true	component-decomposition	-	-	component-decomposition	2026-09-18	relocated-2026-09-18
docs/component-decomposition/review-round-1/design/2026-09-05-version4-teleportation-and-traversal-public-decomposition.md	component-decomposition	design	active	true	component-decomposition	-	-	component-decomposition	2026-09-18	relocated-2026-09-18
docs/component-decomposition/review-round-1/design/2026-09-05-version4-world-calendar-and-event-orchestration-component-code-draft.md	component-decomposition	evidence	active	true	component-decomposition	-	-	component-decomposition	2026-09-18	relocated-2026-09-18
docs/component-decomposition/review-round-1/design/2026-09-05-version4-world-calendar-and-event-orchestration-component-design.md	component-decomposition	design	active	true	component-decomposition	-	-	component-decomposition	2026-09-18	relocated-2026-09-18
docs/component-decomposition/review-round-1/design/2026-09-05-version4-world-calendar-and-event-orchestration-public-decomposition.md	component-decomposition	design	active	true	component-decomposition	-	-	component-decomposition	2026-09-18	relocated-2026-09-18
docs/component-decomposition/review-round-1/design/2026-09-05-version4-world-generation-and-ecology-component-design.md	component-decomposition	design	active	true	component-decomposition	-	-	component-decomposition	2026-09-18	relocated-2026-09-18
docs/component-decomposition/review-round-1/design/2026-09-05-version4-world-generation-and-ecology-public-decomposition.md	component-decomposition	design	active	true	component-decomposition	-	-	component-decomposition	2026-09-18	relocated-2026-09-18
docs/component-decomposition/review-round-1/design/2026-09-05-version4-world-interaction-and-structures-component-code-draft.md	component-decomposition	evidence	active	true	component-decomposition	-	-	component-decomposition	2026-09-18	relocated-2026-09-18
docs/component-decomposition/review-round-1/design/2026-09-05-version4-world-interaction-and-structures-component-design.md	component-decomposition	design	active	true	component-decomposition	-	-	component-decomposition	2026-09-18	relocated-2026-09-18
docs/component-decomposition/review-round-1/design/2026-09-05-version4-world-interaction-and-structures-public-decomposition.md	component-decomposition	design	active	true	component-decomposition	-	-	component-decomposition	2026-09-18	relocated-2026-09-18
docs/component-decomposition/review-round-1/design/2026-09-05-version4-world-progression-and-transition-component-design.md	component-decomposition	design	active	true	component-decomposition	-	-	component-decomposition	2026-09-18	relocated-2026-09-18
docs/component-decomposition/review-round-1/design/2026-09-05-version4-world-progression-and-transition-public-decomposition.md	component-decomposition	design	active	true	component-decomposition	-	-	component-decomposition	2026-09-18	relocated-2026-09-18
docs/component-decomposition/review-round-1/design/2026-09-05-version4-world-progression-and-unlocks-public-decomposition.md	component-decomposition	design	active	true	component-decomposition	-	-	component-decomposition	2026-09-18	relocated-2026-09-18
docs/component-decomposition/review-round-1/design/2026-09-05-version4-world-session-component-design.md	component-decomposition	design	active	true	component-decomposition	-	-	component-decomposition	2026-09-18	relocated-2026-09-18
docs/component-decomposition/review-round-1/design/2026-09-05-version4-world-session-public-decomposition.md	component-decomposition	design	active	true	component-decomposition	-	-	component-decomposition	2026-09-18	relocated-2026-09-18
docs/component-decomposition/review-round-1/design/2026-09-06-version4-combat-and-status-component-code-draft.md	component-decomposition	evidence	active	true	component-decomposition	-	-	component-decomposition	2026-09-18	relocated-2026-09-18
docs/component-decomposition/review-round-1/design/2026-09-06-version4-combat-and-status-component-design-report.md	component-decomposition	design	active	true	component-decomposition	-	-	component-decomposition	2026-09-18	relocated-2026-09-18
docs/component-decomposition/review-round-1/design/2026-09-06-version4-component-only-design-session-prompt.md	component-decomposition	design	active	true	component-decomposition	-	-	component-decomposition	2026-09-18	relocated-2026-09-18
docs/component-decomposition/review-round-1/design/2026-09-06-version4-death-penalty-and-revenge-component-code-draft.md	component-decomposition	evidence	active	true	component-decomposition	-	-	component-decomposition	2026-09-18	relocated-2026-09-18
docs/component-decomposition/review-round-1/design/2026-09-06-version4-item-container-and-economy-component-code-draft.md	component-decomposition	evidence	active	true	component-decomposition	-	-	component-decomposition	2026-09-18	relocated-2026-09-18
docs/component-decomposition/review-round-1/design/2026-09-06-version4-simulation-rule-overrides-code-component-draft.md	component-decomposition	evidence	active	true	component-decomposition	-	-	component-decomposition	2026-09-18	relocated-2026-09-18
docs/component-decomposition/review-round-1/design/2026-09-06-version4-world-generation-and-ecology-component-code-draft.md	component-decomposition	evidence	active	true	component-decomposition	-	-	component-decomposition	2026-09-18	relocated-2026-09-18
docs/component-decomposition/review-round-1/design/2026-09-06-version4-world-progression-and-unlocks-code-component-draft.md	component-decomposition	evidence	active	true	component-decomposition	-	-	component-decomposition	2026-09-18	relocated-2026-09-18
docs/component-decomposition/review-round-1/design/2026-09-06-version4-world-progression-and-unlocks-component-design.md	component-decomposition	design	active	true	component-decomposition	-	-	component-decomposition	2026-09-18	relocated-2026-09-18
docs/component-decomposition/review-round-1/design/2026-09-06-version4-world-session-component-code-draft.md	component-decomposition	evidence	active	true	component-decomposition	-	-	component-decomposition	2026-09-18	relocated-2026-09-18
docs/component-decomposition/review-round-1/design/2026-09-06-world-progression-and-transition-actual-code-component-draft.md	component-decomposition	evidence	active	true	component-decomposition	-	-	component-decomposition	2026-09-18	relocated-2026-09-18
docs/component-decomposition/review-round-1/design/2026-09-11-version4-authoritative-20-partition-component-session-common-prompt.md	component-decomposition	evidence	active	true	component-decomposition	-	-	component-decomposition	2026-09-18	relocated-2026-09-18
docs/component-decomposition/review-round-1/design/Version4-NLTX成员迁移查找源提示词.md	component-decomposition	evidence	active	true	component-decomposition	-	-	component-decomposition	2026-09-18	relocated-2026-09-18
docs/component-decomposition/review-round-1/design/2026-09-11-version4-authoritative-20-partition-prompts/2026-09-11-version4-P01-liquid-wiring-spatial-death-teleport-public-decomposition.md	component-decomposition	design	active	true	component-decomposition	-	-	component-decomposition	2026-09-18	relocated-2026-09-18
docs/component-decomposition/review-round-1/design/2026-09-11-version4-authoritative-20-partition-prompts/2026-09-11-version4-P02-leashed-entity-public-decomposition.md	component-decomposition	design	active	true	component-decomposition	-	-	component-decomposition	2026-09-18	relocated-2026-09-18
docs/component-decomposition/review-round-1/design/2026-09-11-version4-authoritative-20-partition-prompts/2026-09-11-version4-P03-mount-vehicle-public-decomposition.md	component-decomposition	design	active	true	component-decomposition	-	-	component-decomposition	2026-09-18	relocated-2026-09-18
docs/component-decomposition/review-round-1/design/2026-09-11-version4-authoritative-20-partition-prompts/2026-09-11-version4-P04-player-lifecycle-interaction-public-decomposition.md	component-decomposition	design	active	true	component-decomposition	-	-	component-decomposition	2026-09-18	relocated-2026-09-18
docs/component-decomposition/review-round-1/design/2026-09-11-version4-authoritative-20-partition-prompts/2026-09-11-version4-P05-player-progression-pets-minions-public-decomposition.md	component-decomposition	design	active	true	component-decomposition	-	-	component-decomposition	2026-09-18	relocated-2026-09-18
docs/component-decomposition/review-round-1/design/2026-09-11-version4-authoritative-20-partition-prompts/2026-09-11-version4-P06-player-combat-status-public-decomposition.md	component-decomposition	design	active	true	component-decomposition	-	-	component-decomposition	2026-09-18	relocated-2026-09-18
docs/component-decomposition/review-round-1/design/2026-09-11-version4-authoritative-20-partition-prompts/2026-09-11-version4-P07-player-mobility-public-decomposition.md	component-decomposition	design	active	true	component-decomposition	-	-	component-decomposition	2026-09-18	relocated-2026-09-18
docs/component-decomposition/review-round-1/design/2026-09-11-version4-authoritative-20-partition-prompts/2026-09-11-version4-P08-player-environment-armor-public-decomposition.md	component-decomposition	design	active	true	component-decomposition	-	-	component-decomposition	2026-09-18	relocated-2026-09-18
docs/component-decomposition/review-round-1/design/2026-09-11-version4-authoritative-20-partition-prompts/2026-09-11-version4-P09-player-inventory-equipment-public-decomposition.md	component-decomposition	design	active	true	component-decomposition	-	-	component-decomposition	2026-09-18	relocated-2026-09-18
docs/component-decomposition/review-round-1/design/2026-09-11-version4-authoritative-20-partition-prompts/2026-09-11-version4-P10-player-input-control-public-decomposition.md	component-decomposition	design	active	true	component-decomposition	-	-	component-decomposition	2026-09-18	relocated-2026-09-18
docs/component-decomposition/review-round-1/design/2026-09-11-version4-authoritative-20-partition-prompts/2026-09-11-version4-P11-player-presentation-derived-public-decomposition.md	component-decomposition	design	active	true	component-decomposition	-	-	component-decomposition	2026-09-18	relocated-2026-09-18
docs/component-decomposition/review-round-1/design/2026-09-11-version4-authoritative-20-partition-prompts/2026-09-11-version4-P12-npc-combat-network-damage-public-decomposition.md	component-decomposition	design	active	true	component-decomposition	-	-	component-decomposition	2026-09-18	relocated-2026-09-18
docs/component-decomposition/review-round-1/design/2026-09-11-version4-authoritative-20-partition-prompts/2026-09-11-version4-P13-npc-town-progression-public-decomposition.md	component-decomposition	design	active	true	component-decomposition	-	-	component-decomposition	2026-09-18	relocated-2026-09-18
docs/component-decomposition/review-round-1/design/2026-09-11-version4-authoritative-20-partition-prompts/2026-09-11-version4-P14-npc-spawn-eligibility-public-decomposition.md	component-decomposition	design	active	true	component-decomposition	-	-	component-decomposition	2026-09-18	relocated-2026-09-18
docs/component-decomposition/review-round-1/design/2026-09-11-version4-authoritative-20-partition-prompts/2026-09-11-version4-P15-projectile-public-decomposition.md	component-decomposition	design	active	true	component-decomposition	-	-	component-decomposition	2026-09-18	relocated-2026-09-18
docs/component-decomposition/review-round-1/design/2026-09-11-version4-authoritative-20-partition-prompts/2026-09-11-version4-P16-world-lifecycle-housing-metrics-public-decomposition.md	component-decomposition	design	active	true	component-decomposition	-	-	component-decomposition	2026-09-18	relocated-2026-09-18
docs/component-decomposition/review-round-1/design/2026-09-11-version4-authoritative-20-partition-prompts/2026-09-11-version4-P17-world-terrain-biomes-genvars-public-decomposition.md	component-decomposition	design	active	true	component-decomposition	-	-	component-decomposition	2026-09-18	relocated-2026-09-18
docs/component-decomposition/review-round-1/design/2026-09-11-version4-authoritative-20-partition-prompts/2026-09-11-version4-P18-world-seeds-skyblock-definitions-public-decomposition.md	component-decomposition	design	active	true	component-decomposition	-	-	component-decomposition	2026-09-18	relocated-2026-09-18
docs/component-decomposition/review-round-1/design/2026-09-11-version4-authoritative-20-partition-prompts/2026-09-11-version4-P19-world-generation-execution-public-decomposition.md	component-decomposition	execution	active	true	component-decomposition	-	-	component-decomposition	2026-09-18	relocated-2026-09-18
docs/component-decomposition/review-round-1/design/2026-09-11-version4-authoritative-20-partition-prompts/2026-09-11-version4-P20-world-generation-actions-shapes-public-decomposition.md	component-decomposition	design	active	true	component-decomposition	-	-	component-decomposition	2026-09-18	relocated-2026-09-18
docs/component-decomposition/review-round-1/design/2026-09-11-version4-non-authoritative-20-partition-prompts/2026-09-11-version4-non-authoritative-P01-world-session-runtime-public-decomposition.md	component-decomposition	design	active	true	component-decomposition	-	-	component-decomposition	2026-09-18	relocated-2026-09-18
docs/component-decomposition/review-round-1/design/2026-09-11-version4-non-authoritative-20-partition-prompts/2026-09-11-version4-non-authoritative-P02-world-environment-events-public-decomposition.md	component-decomposition	design	active	true	component-decomposition	-	-	component-decomposition	2026-09-18	relocated-2026-09-18
docs/component-decomposition/review-round-1/design/2026-09-11-version4-non-authoritative-20-partition-prompts/2026-09-11-version4-non-authoritative-P03-world-generation-dungeons-public-decomposition.md	component-decomposition	design	active	true	component-decomposition	-	-	component-decomposition	2026-09-18	relocated-2026-09-18
docs/component-decomposition/review-round-1/design/2026-09-11-version4-non-authoritative-20-partition-prompts/2026-09-11-version4-non-authoritative-P04-world-tiles-storage-public-decomposition.md	component-decomposition	design	active	true	component-decomposition	-	-	component-decomposition	2026-09-18	relocated-2026-09-18
docs/component-decomposition/review-round-1/design/2026-09-11-version4-non-authoritative-20-partition-prompts/2026-09-11-version4-non-authoritative-P05-spatial-motion-physics-public-decomposition.md	component-decomposition	design	active	true	component-decomposition	-	-	component-decomposition	2026-09-18	relocated-2026-09-18
docs/component-decomposition/review-round-1/design/2026-09-11-version4-non-authoritative-20-partition-prompts/2026-09-11-version4-non-authoritative-P06-entity-lifecycle-attribution-public-decomposition.md	component-decomposition	design	active	true	component-decomposition	-	-	component-decomposition	2026-09-18	relocated-2026-09-18
docs/component-decomposition/review-round-1/design/2026-09-11-version4-non-authoritative-20-partition-prompts/2026-09-11-version4-non-authoritative-P07-combat-status-effects-public-decomposition.md	component-decomposition	design	active	true	component-decomposition	-	-	component-decomposition	2026-09-18	relocated-2026-09-18
docs/component-decomposition/review-round-1/design/2026-09-11-version4-non-authoritative-20-partition-prompts/2026-09-11-version4-non-authoritative-P08-player-input-gameplay-public-decomposition.md	component-decomposition	design	active	true	component-decomposition	-	-	component-decomposition	2026-09-18	relocated-2026-09-18
docs/component-decomposition/review-round-1/design/2026-09-11-version4-non-authoritative-20-partition-prompts/2026-09-11-version4-non-authoritative-P09-item-inventory-containers-public-decomposition.md	component-decomposition	design	active	true	component-decomposition	-	-	component-decomposition	2026-09-18	relocated-2026-09-18
docs/component-decomposition/review-round-1/design/2026-09-11-version4-non-authoritative-20-partition-prompts/2026-09-11-version4-non-authoritative-P10-economy-crafting-fishing-loot-public-decomposition.md	component-decomposition	design	active	true	component-decomposition	-	-	component-decomposition	2026-09-18	relocated-2026-09-18
docs/component-decomposition/review-round-1/design/2026-09-11-version4-non-authoritative-20-partition-prompts/2026-09-11-version4-non-authoritative-P11-npc-town-bestiary-public-decomposition.md	component-decomposition	design	active	true	component-decomposition	-	-	component-decomposition	2026-09-18	relocated-2026-09-18
docs/component-decomposition/review-round-1/design/2026-09-11-version4-non-authoritative-20-partition-prompts/2026-09-11-version4-non-authoritative-P12-content-definitions-catalogs-public-decomposition.md	component-decomposition	design	active	true	component-decomposition	-	-	component-decomposition	2026-09-18	relocated-2026-09-18
docs/component-decomposition/review-round-1/design/2026-09-11-version4-non-authoritative-20-partition-prompts/2026-09-11-version4-non-authoritative-P13-network-protocol-session-public-decomposition.md	component-decomposition	design	active	true	component-decomposition	-	-	component-decomposition	2026-09-18	relocated-2026-09-18
docs/component-decomposition/review-round-1/design/2026-09-11-version4-non-authoritative-20-partition-prompts/2026-09-11-version4-non-authoritative-P14-persistence-recovery-configuration-public-decomposition.md	component-decomposition	design	active	true	component-decomposition	-	-	component-decomposition	2026-09-18	relocated-2026-09-18
docs/component-decomposition/review-round-1/design/2026-09-11-version4-non-authoritative-20-partition-prompts/2026-09-11-version4-non-authoritative-P15-external-platform-boundaries-public-decomposition.md	component-decomposition	design	active	true	component-decomposition	-	-	component-decomposition	2026-09-18	relocated-2026-09-18
docs/component-decomposition/review-round-1/design/2026-09-11-version4-non-authoritative-20-partition-prompts/2026-09-11-version4-non-authoritative-P18-map-camera-rendering-public-decomposition.md	component-decomposition	design	active	true	component-decomposition	-	-	component-decomposition	2026-09-18	relocated-2026-09-18
docs/component-decomposition/review-round-1/reports/2026-09-05-tmodloader-travel-and-subsystem-boundaries.md	component-decomposition	audit	active	true	component-decomposition	-	-	component-decomposition	2026-09-18	relocated-2026-09-18
docs/component-decomposition/review-round-1/reports/2026-09-05-version4-authoritative-simulation-subsystem-findings.md	component-decomposition	audit	active	true	component-decomposition	-	-	component-decomposition	2026-09-18	relocated-2026-09-18
docs/component-decomposition/review-round-1/reports/2026-09-05-version4-tmodloader-additional-authoritative-subsystems.md	component-decomposition	audit	active	true	component-decomposition	-	-	component-decomposition	2026-09-18	relocated-2026-09-18
docs/component-decomposition/review-round-1/reports/2026-09-07-version4-component-split-omission-review.md	component-decomposition	audit	active	true	component-decomposition	-	-	component-decomposition	2026-09-18	relocated-2026-09-18
docs/component-decomposition/review-round-2/2026-09-07-version4-second-round-review-merged.md	component-decomposition	evidence	active	true	component-decomposition	-	-	component-decomposition	2026-09-18	relocated-2026-09-18
docs/component-decomposition/review-round-2/2026-09-11-version4-P01-liquid-wiring-spatial-death-teleport-component-design.md	component-decomposition	design	active	true	component-decomposition	-	-	component-decomposition	2026-09-18	relocated-2026-09-18
docs/component-decomposition/review-round-2/2026-09-11-version4-P01-liquid-wiring-spatial-death-teleport-component-execution.md	component-decomposition	execution	active	true	component-decomposition	-	-	component-decomposition	2026-09-18	relocated-2026-09-18
docs/component-decomposition/review-round-2/2026-09-11-version4-P02-leashed-entity-component-design.md	component-decomposition	design	active	true	component-decomposition	-	-	component-decomposition	2026-09-18	relocated-2026-09-18
docs/component-decomposition/review-round-2/2026-09-11-version4-P02-leashed-entity-component-execution.md	component-decomposition	execution	active	true	component-decomposition	-	-	component-decomposition	2026-09-18	relocated-2026-09-18
docs/component-decomposition/review-round-2/2026-09-11-version4-P03-mount-vehicle-component-design.md	component-decomposition	design	active	true	component-decomposition	-	-	component-decomposition	2026-09-18	relocated-2026-09-18
docs/component-decomposition/review-round-2/2026-09-11-version4-P03-mount-vehicle-component-execution.md	component-decomposition	execution	active	true	component-decomposition	-	-	component-decomposition	2026-09-18	relocated-2026-09-18
docs/component-decomposition/review-round-2/2026-09-11-version4-P04-player-lifecycle-interaction-component-design.md	component-decomposition	design	active	true	component-decomposition	-	-	component-decomposition	2026-09-18	relocated-2026-09-18
docs/component-decomposition/review-round-2/2026-09-11-version4-P04-player-lifecycle-interaction-component-execution.md	component-decomposition	execution	active	true	component-decomposition	-	-	component-decomposition	2026-09-18	relocated-2026-09-18
docs/component-decomposition/review-round-2/2026-09-11-version4-P05-player-progression-pets-minions-component-design.md	component-decomposition	design	active	true	component-decomposition	-	-	component-decomposition	2026-09-18	relocated-2026-09-18
docs/component-decomposition/review-round-2/2026-09-11-version4-P05-player-progression-pets-minions-component-execution.md	component-decomposition	execution	active	true	component-decomposition	-	-	component-decomposition	2026-09-18	relocated-2026-09-18
docs/component-decomposition/review-round-2/2026-09-11-version4-P06-player-combat-status-component-design.md	component-decomposition	design	active	true	component-decomposition	-	-	component-decomposition	2026-09-18	relocated-2026-09-18
docs/component-decomposition/review-round-2/2026-09-11-version4-P06-player-combat-status-component-execution.md	component-decomposition	execution	active	true	component-decomposition	-	-	component-decomposition	2026-09-18	relocated-2026-09-18
docs/component-decomposition/review-round-2/2026-09-11-version4-P07-player-mobility-component-design.md	component-decomposition	design	active	true	component-decomposition	-	-	component-decomposition	2026-09-18	relocated-2026-09-18
docs/component-decomposition/review-round-2/2026-09-11-version4-P07-player-mobility-component-execution.md	component-decomposition	execution	active	true	component-decomposition	-	-	component-decomposition	2026-09-18	relocated-2026-09-18
docs/component-decomposition/review-round-2/2026-09-11-version4-P08-player-environment-armor-component-design.md	component-decomposition	design	active	true	component-decomposition	-	-	component-decomposition	2026-09-18	relocated-2026-09-18
docs/component-decomposition/review-round-2/2026-09-11-version4-P08-player-environment-armor-component-execution.md	component-decomposition	execution	active	true	component-decomposition	-	-	component-decomposition	2026-09-18	relocated-2026-09-18
docs/component-decomposition/review-round-2/2026-09-11-version4-P09-player-inventory-equipment-component-design.md	component-decomposition	design	active	true	component-decomposition	-	-	component-decomposition	2026-09-18	relocated-2026-09-18
docs/component-decomposition/review-round-2/2026-09-11-version4-P09-player-inventory-equipment-component-execution.md	component-decomposition	execution	active	true	component-decomposition	-	-	component-decomposition	2026-09-18	relocated-2026-09-18
docs/component-decomposition/review-round-2/2026-09-11-version4-P10-player-input-control-component-design.md	component-decomposition	design	active	true	component-decomposition	-	-	component-decomposition	2026-09-18	relocated-2026-09-18
docs/component-decomposition/review-round-2/2026-09-11-version4-P10-player-input-control-component-execution.md	component-decomposition	execution	active	true	component-decomposition	-	-	component-decomposition	2026-09-18	relocated-2026-09-18
docs/component-decomposition/review-round-2/2026-09-11-version4-p11-player-presentation-derived-component-design.md	component-decomposition	design	active	true	component-decomposition	-	-	component-decomposition	2026-09-18	relocated-2026-09-18
docs/component-decomposition/review-round-2/2026-09-11-version4-p11-player-presentation-derived-component-execution.md	component-decomposition	execution	active	true	component-decomposition	-	-	component-decomposition	2026-09-18	relocated-2026-09-18
docs/component-decomposition/review-round-2/2026-09-11-version4-P12-npc-combat-network-damage-component-design.md	component-decomposition	design	active	true	component-decomposition	-	-	component-decomposition	2026-09-18	relocated-2026-09-18
docs/component-decomposition/review-round-2/2026-09-11-version4-P12-npc-combat-network-damage-component-execution.md	component-decomposition	execution	active	true	component-decomposition	-	-	component-decomposition	2026-09-18	relocated-2026-09-18
docs/component-decomposition/review-round-2/2026-09-11-version4-p13-npc-town-progression-component-design.md	component-decomposition	design	active	true	component-decomposition	-	-	component-decomposition	2026-09-18	relocated-2026-09-18
docs/component-decomposition/review-round-2/2026-09-11-version4-p13-npc-town-progression-component-execution.md	component-decomposition	execution	active	true	component-decomposition	-	-	component-decomposition	2026-09-18	relocated-2026-09-18
docs/component-decomposition/review-round-2/2026-09-11-version4-p14-npc-spawn-eligibility-component-design.md	component-decomposition	design	active	true	component-decomposition	-	-	component-decomposition	2026-09-18	relocated-2026-09-18
docs/component-decomposition/review-round-2/2026-09-11-version4-p14-npc-spawn-eligibility-component-execution.md	component-decomposition	execution	active	true	component-decomposition	-	-	component-decomposition	2026-09-18	relocated-2026-09-18
docs/component-decomposition/review-round-2/2026-09-11-version4-P15-projectile-component-design.md	component-decomposition	design	active	true	component-decomposition	-	-	component-decomposition	2026-09-18	relocated-2026-09-18
docs/component-decomposition/review-round-2/2026-09-11-version4-P15-projectile-component-execution.md	component-decomposition	execution	active	true	component-decomposition	-	-	component-decomposition	2026-09-18	relocated-2026-09-18
docs/component-decomposition/review-round-2/2026-09-11-version4-P16-world-lifecycle-housing-metrics-component-design.md	component-decomposition	design	active	true	component-decomposition	-	-	component-decomposition	2026-09-18	relocated-2026-09-18
docs/component-decomposition/review-round-2/2026-09-11-version4-P16-world-lifecycle-housing-metrics-component-execution.md	component-decomposition	execution	active	true	component-decomposition	-	-	component-decomposition	2026-09-18	relocated-2026-09-18
docs/component-decomposition/review-round-2/2026-09-11-version4-p17-world-terrain-biomes-genvars-component-design.md	component-decomposition	design	active	true	component-decomposition	-	-	component-decomposition	2026-09-18	relocated-2026-09-18
docs/component-decomposition/review-round-2/2026-09-11-version4-p17-world-terrain-biomes-genvars-component-execution.md	component-decomposition	execution	active	true	component-decomposition	-	-	component-decomposition	2026-09-18	relocated-2026-09-18
docs/component-decomposition/review-round-2/2026-09-11-version4-p18-world-seeds-skyblock-definitions-component-design.md	component-decomposition	design	active	true	component-decomposition	-	-	component-decomposition	2026-09-18	relocated-2026-09-18
docs/component-decomposition/review-round-2/2026-09-11-version4-p18-world-seeds-skyblock-definitions-component-execution.md	component-decomposition	execution	active	true	component-decomposition	-	-	component-decomposition	2026-09-18	relocated-2026-09-18
docs/component-decomposition/review-round-2/2026-09-11-version4-P19-world-generation-execution-component-design.md	component-decomposition	execution	active	true	component-decomposition	-	-	component-decomposition	2026-09-18	relocated-2026-09-18
docs/component-decomposition/review-round-2/2026-09-11-version4-P19-world-generation-execution-component-execution.md	component-decomposition	execution	active	true	component-decomposition	-	-	component-decomposition	2026-09-18	relocated-2026-09-18
docs/component-decomposition/review-round-2/2026-09-11-version4-p20-world-generation-actions-shapes-component-design.md	component-decomposition	design	active	true	component-decomposition	-	-	component-decomposition	2026-09-18	relocated-2026-09-18
docs/component-decomposition/review-round-2/2026-09-11-version4-p20-world-generation-actions-shapes-component-execution.md	component-decomposition	execution	active	true	component-decomposition	-	-	component-decomposition	2026-09-18	relocated-2026-09-18
docs/component-decomposition/review-round-2/2026-09-13-version4-组件实现情况审计报告.md	component-decomposition	audit	active	true	component-decomposition	-	-	component-decomposition	2026-09-18	relocated-2026-09-18
docs/component-decomposition/review-round-2/2026-09-15-version4-非权威20分区组件实现审计报告.md	component-decomposition	audit	active	true	component-decomposition	-	-	component-decomposition	2026-09-18	relocated-2026-09-18
docs/component-decomposition/review-round-2/2026-09-15-version4-权威P01-P20组件实现情况复核报告.md	component-decomposition	audit	active	true	component-decomposition	-	-	component-decomposition	2026-09-18	relocated-2026-09-18
docs/component-decomposition/review-round-2/P06-P10-权威分区未实现组件审计.md	component-decomposition	audit	active	true	component-decomposition	-	-	component-decomposition	2026-09-18	relocated-2026-09-18
docs/component-decomposition/review-round-2/non-authoritative/2026-09-11-version4-non-authoritative-P01-world-session-runtime-component-design.md	component-decomposition	design	active	true	component-decomposition	-	-	component-decomposition	2026-09-18	relocated-2026-09-18
docs/component-decomposition/review-round-2/non-authoritative/2026-09-11-version4-non-authoritative-P01-world-session-runtime-component-execution.md	component-decomposition	execution	active	true	component-decomposition	-	-	component-decomposition	2026-09-18	relocated-2026-09-18
docs/component-decomposition/review-round-2/non-authoritative/2026-09-11-version4-non-authoritative-P02-world-environment-events-component-design.md	component-decomposition	design	active	true	component-decomposition	-	-	component-decomposition	2026-09-18	relocated-2026-09-18
docs/component-decomposition/review-round-2/non-authoritative/2026-09-11-version4-non-authoritative-P02-world-environment-events-component-execution.md	component-decomposition	execution	active	true	component-decomposition	-	-	component-decomposition	2026-09-18	relocated-2026-09-18
docs/component-decomposition/review-round-2/non-authoritative/2026-09-11-version4-non-authoritative-P03-world-generation-dungeons-component-design.md	component-decomposition	design	active	true	component-decomposition	-	-	component-decomposition	2026-09-18	relocated-2026-09-18
docs/component-decomposition/review-round-2/non-authoritative/2026-09-11-version4-non-authoritative-P03-world-generation-dungeons-component-execution.md	component-decomposition	execution	active	true	component-decomposition	-	-	component-decomposition	2026-09-18	relocated-2026-09-18
docs/component-decomposition/review-round-2/non-authoritative/2026-09-11-version4-non-authoritative-P04-world-tiles-storage-component-design.md	component-decomposition	design	active	true	component-decomposition	-	-	component-decomposition	2026-09-18	relocated-2026-09-18
docs/component-decomposition/review-round-2/non-authoritative/2026-09-11-version4-non-authoritative-P04-world-tiles-storage-component-execution.md	component-decomposition	execution	active	true	component-decomposition	-	-	component-decomposition	2026-09-18	relocated-2026-09-18
docs/component-decomposition/review-round-2/non-authoritative/2026-09-11-version4-non-authoritative-P05-spatial-motion-physics-component-design.md	component-decomposition	design	active	true	component-decomposition	-	-	component-decomposition	2026-09-18	relocated-2026-09-18
docs/component-decomposition/review-round-2/non-authoritative/2026-09-11-version4-non-authoritative-P05-spatial-motion-physics-component-execution.md	component-decomposition	execution	active	true	component-decomposition	-	-	component-decomposition	2026-09-18	relocated-2026-09-18
docs/component-decomposition/review-round-2/non-authoritative/2026-09-11-version4-non-authoritative-P06-entity-lifecycle-attribution-component-design.md	component-decomposition	design	active	true	component-decomposition	-	-	component-decomposition	2026-09-18	relocated-2026-09-18
docs/component-decomposition/review-round-2/non-authoritative/2026-09-11-version4-non-authoritative-P06-entity-lifecycle-attribution-component-execution.md	component-decomposition	execution	active	true	component-decomposition	-	-	component-decomposition	2026-09-18	relocated-2026-09-18
docs/component-decomposition/review-round-2/non-authoritative/2026-09-11-version4-non-authoritative-P07-combat-status-effects-component-design.md	component-decomposition	design	active	true	component-decomposition	-	-	component-decomposition	2026-09-18	relocated-2026-09-18
docs/component-decomposition/review-round-2/non-authoritative/2026-09-11-version4-non-authoritative-P07-combat-status-effects-component-execution.md	component-decomposition	execution	active	true	component-decomposition	-	-	component-decomposition	2026-09-18	relocated-2026-09-18
docs/component-decomposition/review-round-2/non-authoritative/2026-09-11-version4-non-authoritative-P08-player-input-gameplay-component-design.md	component-decomposition	design	active	true	component-decomposition	-	-	component-decomposition	2026-09-18	relocated-2026-09-18
docs/component-decomposition/review-round-2/non-authoritative/2026-09-11-version4-non-authoritative-P08-player-input-gameplay-component-execution.md	component-decomposition	execution	active	true	component-decomposition	-	-	component-decomposition	2026-09-18	relocated-2026-09-18
docs/component-decomposition/review-round-2/non-authoritative/2026-09-11-version4-non-authoritative-P09-item-inventory-containers-component-design.md	component-decomposition	design	active	true	component-decomposition	-	-	component-decomposition	2026-09-18	relocated-2026-09-18
docs/component-decomposition/review-round-2/non-authoritative/2026-09-11-version4-non-authoritative-P09-item-inventory-containers-component-execution.md	component-decomposition	execution	active	true	component-decomposition	-	-	component-decomposition	2026-09-18	relocated-2026-09-18
docs/component-decomposition/review-round-2/non-authoritative/2026-09-11-version4-non-authoritative-P10-economy-crafting-fishing-loot-component-design.md	component-decomposition	design	active	true	component-decomposition	-	-	component-decomposition	2026-09-18	relocated-2026-09-18
docs/component-decomposition/review-round-2/non-authoritative/2026-09-11-version4-non-authoritative-P10-economy-crafting-fishing-loot-component-execution.md	component-decomposition	execution	active	true	component-decomposition	-	-	component-decomposition	2026-09-18	relocated-2026-09-18
docs/component-decomposition/review-round-2/non-authoritative/2026-09-11-version4-non-authoritative-P11-npc-town-bestiary-component-design.md	component-decomposition	design	active	true	component-decomposition	-	-	component-decomposition	2026-09-18	relocated-2026-09-18
docs/component-decomposition/review-round-2/non-authoritative/2026-09-11-version4-non-authoritative-P11-npc-town-bestiary-component-execution.md	component-decomposition	execution	active	true	component-decomposition	-	-	component-decomposition	2026-09-18	relocated-2026-09-18
docs/component-decomposition/review-round-2/non-authoritative/2026-09-11-version4-non-authoritative-P12-content-definitions-catalogs-component-design.md	component-decomposition	design	active	true	component-decomposition	-	-	component-decomposition	2026-09-18	relocated-2026-09-18
docs/component-decomposition/review-round-2/non-authoritative/2026-09-11-version4-non-authoritative-P12-content-definitions-catalogs-component-execution.md	component-decomposition	execution	active	true	component-decomposition	-	-	component-decomposition	2026-09-18	relocated-2026-09-18
docs/component-decomposition/review-round-2/non-authoritative/2026-09-11-version4-non-authoritative-P13-network-protocol-session-component-design.md	component-decomposition	design	active	true	component-decomposition	-	-	component-decomposition	2026-09-18	relocated-2026-09-18
docs/component-decomposition/review-round-2/non-authoritative/2026-09-11-version4-non-authoritative-P13-network-protocol-session-component-execution.md	component-decomposition	execution	active	true	component-decomposition	-	-	component-decomposition	2026-09-18	relocated-2026-09-18
docs/component-decomposition/review-round-2/non-authoritative/2026-09-11-version4-non-authoritative-P14-persistence-recovery-configuration-component-design.md	component-decomposition	design	active	true	component-decomposition	-	-	component-decomposition	2026-09-18	relocated-2026-09-18
docs/component-decomposition/review-round-2/non-authoritative/2026-09-11-version4-non-authoritative-P14-persistence-recovery-configuration-component-execution.md	component-decomposition	execution	active	true	component-decomposition	-	-	component-decomposition	2026-09-18	relocated-2026-09-18
docs/component-decomposition/review-round-2/non-authoritative/2026-09-11-version4-non-authoritative-P15-external-platform-boundaries-component-design.md	component-decomposition	design	active	true	component-decomposition	-	-	component-decomposition	2026-09-18	relocated-2026-09-18
docs/component-decomposition/review-round-2/non-authoritative/2026-09-11-version4-non-authoritative-P15-external-platform-boundaries-component-execution.md	component-decomposition	execution	active	true	component-decomposition	-	-	component-decomposition	2026-09-18	relocated-2026-09-18
docs/component-decomposition/review-round-2/non-authoritative/2026-09-11-version4-non-authoritative-P18-map-camera-rendering-component-design.md	component-decomposition	design	active	true	component-decomposition	-	-	component-decomposition	2026-09-18	relocated-2026-09-18
docs/component-decomposition/review-round-2/non-authoritative/2026-09-11-version4-non-authoritative-P18-map-camera-rendering-component-execution.md	component-decomposition	execution	active	true	component-decomposition	-	-	component-decomposition	2026-09-18	relocated-2026-09-18
docs/migration/assessments/迁移项目与既有项目能力评估报告.md	migration	assessment	active	true	migration	-	-	migration	2026-09-18	relocated-2026-09-18
docs/migration/ledgers/README.md	migration	navigation	active	true	migration	-	-	migration	2026-09-18	relocated-2026-09-18
docs/migration/ledgers/2026-10-06-npc-ai-profile-coverage-ledger.md	npc-ai-complete	ledger	active	true	npc-ai-complete	docs/plans/system-decomposition/2026-10-06-npc-ai-system-execution-plan.md	docs/system-decomposition/2026-10-05-npc-ai-reference-index.md;docs/system-decomposition/2026-10-05-npc-ai-system-redesign.md;D:/TRbackup/无任何删减通过编译/Terraria/NPC.cs;D:/TRbackup/无任何删减通过编译/Terraria/Main.cs;D:/TRbackup/无任何删减通过编译/Terraria.ID/NPCID.cs	npc-ai-redesign	2026-10-06	updated-2026-10-06
docs/migration/ledgers/Version4-member-migration-quick-reference.md	migration	ledger	active	true	migration	-	-	migration	2026-09-18	relocated-2026-09-18
docs/migration/ledgers/Version4非权威模拟系统字段属性逐成员源码声明-更细子系统拆分-去除ID类文件.md	migration	ledger	active	true	migration	-	-	migration	2026-09-18	relocated-2026-09-18
docs/migration/ledgers/Version4非权威模拟系统字段属性逐成员源码声明-去除ID类文件.md	migration	ledger	active	true	migration	-	-	migration	2026-09-18	relocated-2026-09-18
docs/migration/ledgers/Version4全部项目字段属性数量统计-去除ID类文件.md	migration	ledger	active	true	migration	-	-	migration	2026-09-18	relocated-2026-09-18
docs/migration/ledgers/Version4全部字段属性明细-去除ID类文件.md	migration	ledger	active	true	migration	-	-	migration	2026-09-18	relocated-2026-09-18
docs/migration/ledgers/Version4权威模拟系统字段属性逐成员源码声明-更细子系统拆分-去除ID类文件.md	migration	ledger	active	true	migration	-	-	migration	2026-09-18	relocated-2026-09-18
docs/migration/ledgers/Version4权威模拟系统字段属性逐成员源码声明-去除ID类文件.md	migration	ledger	active	true	migration	-	-	migration	2026-09-18	relocated-2026-09-18
docs/migration/ledgers/Version4属性逐成员源码声明-去除ID类文件.md	migration	ledger	active	true	migration	-	-	migration	2026-09-18	relocated-2026-09-18
docs/migration/ledgers/Version4有效组件字段属性统计报告.md	migration	ledger	active	true	migration	-	-	migration	2026-09-18	relocated-2026-09-18
docs/migration/ledgers/Version4字段属性按系统子系统拆分报告-去除ID类文件.md	migration	ledger	active	true	migration	-	-	migration	2026-09-18	relocated-2026-09-18
docs/migration/ledgers/Version4字段属性成员数量排序-去除ID类文件.md	migration	ledger	active	true	migration	-	-	migration	2026-09-18	relocated-2026-09-18
docs/migration/ledgers/Version4字段属性逐成员源码声明-去除ID类文件.md	migration	ledger	active	true	migration	-	-	migration	2026-09-18	relocated-2026-09-18
docs/migration/ledgers/Version4字段逐成员源码声明-去除ID类文件.md	migration	ledger	active	true	migration	-	-	migration	2026-09-18	relocated-2026-09-18
docs/migration/ledgers/authoritative-20-partitions/P01-Liquid-Wiring-Spatial-Death-Teleport.md	migration	ledger	active	true	migration	-	-	migration	2026-09-18	relocated-2026-09-18
docs/migration/ledgers/authoritative-20-partitions/P02-Leashed-Entity.md	migration	ledger	active	true	migration	-	-	migration	2026-09-18	relocated-2026-09-18
docs/migration/ledgers/authoritative-20-partitions/P03-Mount-Vehicle.md	migration	ledger	active	true	migration	-	-	migration	2026-09-18	relocated-2026-09-18
docs/migration/ledgers/authoritative-20-partitions/P04-Player-Lifecycle-Interaction.md	migration	ledger	active	true	migration	-	-	migration	2026-09-18	relocated-2026-09-18
docs/migration/ledgers/authoritative-20-partitions/P05-Player-Progression-Pets-Minions.md	migration	ledger	active	true	migration	-	-	migration	2026-09-18	relocated-2026-09-18
docs/migration/ledgers/authoritative-20-partitions/P06-Player-Combat-Status.md	migration	ledger	active	true	migration	-	-	migration	2026-09-18	relocated-2026-09-18
docs/migration/ledgers/authoritative-20-partitions/P07-Player-Mobility.md	migration	ledger	active	true	migration	-	-	migration	2026-09-18	relocated-2026-09-18
docs/migration/ledgers/authoritative-20-partitions/P08-Player-Environment-Armor.md	migration	ledger	active	true	migration	-	-	migration	2026-09-18	relocated-2026-09-18
docs/migration/ledgers/authoritative-20-partitions/P09-Player-Inventory-Equipment.md	migration	ledger	active	true	migration	-	-	migration	2026-09-18	relocated-2026-09-18
docs/migration/ledgers/authoritative-20-partitions/P10-Player-Input-Control.md	migration	ledger	active	true	migration	-	-	migration	2026-09-18	relocated-2026-09-18
docs/migration/ledgers/authoritative-20-partitions/P11-Player-Presentation-Derived.md	migration	ledger	active	true	migration	-	-	migration	2026-09-18	relocated-2026-09-18
docs/migration/ledgers/authoritative-20-partitions/P12-NPC-Combat-Network-Damage.md	migration	ledger	active	true	migration	-	-	migration	2026-09-18	relocated-2026-09-18
docs/migration/ledgers/authoritative-20-partitions/P13-NPC-Town-Progression.md	migration	ledger	active	true	migration	-	-	migration	2026-09-18	relocated-2026-09-18
docs/migration/ledgers/authoritative-20-partitions/P14-NPC-Spawn-Eligibility.md	migration	ledger	active	true	migration	-	-	migration	2026-09-18	relocated-2026-09-18
docs/migration/ledgers/authoritative-20-partitions/P15-Projectile.md	migration	ledger	active	true	migration	-	-	migration	2026-09-18	relocated-2026-09-18
docs/migration/ledgers/authoritative-20-partitions/P16-World-Lifecycle-Housing-Metrics.md	migration	ledger	active	true	migration	-	-	migration	2026-09-18	relocated-2026-09-18
docs/migration/ledgers/authoritative-20-partitions/P17-World-Terrain-Biomes-GenVars.md	migration	ledger	active	true	migration	-	-	migration	2026-09-18	relocated-2026-09-18
docs/migration/ledgers/authoritative-20-partitions/P18-World-Seeds-Skyblock-Definitions.md	migration	ledger	active	true	migration	-	-	migration	2026-09-18	relocated-2026-09-18
docs/migration/ledgers/authoritative-20-partitions/P19-World-Generation-Execution.md	migration	ledger	active	true	migration	-	-	migration	2026-09-18	relocated-2026-09-18
docs/migration/ledgers/authoritative-20-partitions/P20-World-Generation-Actions-Shapes.md	migration	ledger	active	true	migration	-	-	migration	2026-09-18	relocated-2026-09-18
docs/migration/ledgers/non-authoritative-component-partitions/01-world-session-runtime.md	migration	ledger	active	true	migration	-	-	migration	2026-09-18	relocated-2026-09-18
docs/migration/ledgers/non-authoritative-component-partitions/02-world-environment-events.md	migration	ledger	active	true	migration	-	-	migration	2026-09-18	relocated-2026-09-18
docs/migration/ledgers/non-authoritative-component-partitions/03-world-generation-dungeons.md	migration	ledger	active	true	migration	-	-	migration	2026-09-18	relocated-2026-09-18
docs/migration/ledgers/non-authoritative-component-partitions/04-world-tiles-storage.md	migration	ledger	active	true	migration	-	-	migration	2026-09-18	relocated-2026-09-18
docs/migration/ledgers/non-authoritative-component-partitions/05-spatial-motion-physics.md	migration	ledger	active	true	migration	-	-	migration	2026-09-18	relocated-2026-09-18
docs/migration/ledgers/non-authoritative-component-partitions/06-entity-lifecycle-attribution.md	migration	ledger	active	true	migration	-	-	migration	2026-09-18	relocated-2026-09-18
docs/migration/ledgers/non-authoritative-component-partitions/07-combat-status-effects.md	migration	ledger	active	true	migration	-	-	migration	2026-09-18	relocated-2026-09-18
docs/migration/ledgers/non-authoritative-component-partitions/08-player-input-gameplay.md	migration	ledger	active	true	migration	-	-	migration	2026-09-18	relocated-2026-09-18
docs/migration/ledgers/non-authoritative-component-partitions/09-item-inventory-containers.md	migration	ledger	active	true	migration	-	-	migration	2026-09-18	relocated-2026-09-18
docs/migration/ledgers/non-authoritative-component-partitions/10-economy-crafting-fishing-loot.md	migration	ledger	active	true	migration	-	-	migration	2026-09-18	relocated-2026-09-18
docs/migration/ledgers/non-authoritative-component-partitions/11-npc-town-bestiary.md	migration	ledger	active	true	migration	-	-	migration	2026-09-18	relocated-2026-09-18
docs/migration/ledgers/non-authoritative-component-partitions/12-content-definitions-catalogs.md	migration	ledger	active	true	migration	-	-	migration	2026-09-18	relocated-2026-09-18
docs/migration/ledgers/non-authoritative-component-partitions/13-network-protocol-session.md	migration	ledger	active	true	migration	-	-	migration	2026-09-18	relocated-2026-09-18
docs/migration/ledgers/non-authoritative-component-partitions/14-persistence-recovery-configuration.md	migration	ledger	active	true	migration	-	-	migration	2026-09-18	relocated-2026-09-18
docs/migration/ledgers/non-authoritative-component-partitions/15-external-platform-boundaries.md	migration	ledger	active	true	migration	-	-	migration	2026-09-18	relocated-2026-09-18
docs/migration/ledgers/non-authoritative-component-partitions/18-map-camera-rendering.md	migration	ledger	active	true	migration	-	-	migration	2026-09-18	relocated-2026-09-18
docs/reviews/audits/audit-report-NLTX-2026-09-15.md	reviews	audit	active	true	reviews	-	-	reviews	2026-09-18	relocated-2026-09-18
docs/reviews/human/禁止AI读取-Version4系统拆分后人工审查与返工.md	reviews	design	active	true	reviews	-	-	reviews	2026-09-18	relocated-2026-09-18
docs/plans/component-decomposition/2026-09-02-entity-component-split-design.md	plans	plan	active	true	plans	-	-	plans	2026-09-18	relocated-2026-09-18
docs/plans/component-decomposition/2026-09-02-project-code-standards-design.md	plans	plan	active	true	plans	-	-	plans	2026-09-18	relocated-2026-09-18
docs/plans/component-decomposition/2026-09-02-project-code-standards-implementation.md	plans	plan	active	true	plans	-	-	plans	2026-09-18	relocated-2026-09-18
docs/plans/component-decomposition/2026-09-04-all-component-split-design.md	plans	plan	active	true	plans	-	-	plans	2026-09-18	relocated-2026-09-18
docs/plans/component-decomposition/2026-09-04-all-component-split-implementation.md	plans	plan	active	true	plans	-	-	plans	2026-09-18	relocated-2026-09-18
docs/plans/component-decomposition/2026-09-04-component-field-inventory.md	plans	plan	active	true	plans	-	-	plans	2026-09-18	relocated-2026-09-18
docs/plans/component-decomposition/2026-09-04-root-src-component-split-design.md	plans	plan	active	true	plans	-	-	plans	2026-09-18	relocated-2026-09-18
docs/plans/component-decomposition/2026-09-04-root-src-component-split-implementation.md	plans	plan	active	true	plans	-	-	plans	2026-09-18	relocated-2026-09-18
docs/plans/component-decomposition/2026-09-05-content-definition-catalog-component-fields-design.md	plans	plan	active	true	plans	-	-	plans	2026-09-18	relocated-2026-09-18
docs/plans/component-decomposition/2026-09-05-item-container-commerce-components-implementation.md	plans	plan	active	true	plans	-	-	plans	2026-09-18	relocated-2026-09-18
docs/plans/component-decomposition/2026-09-05-local-tmodloader-api-documentation-design.md	plans	plan	active	true	plans	-	-	plans	2026-09-18	relocated-2026-09-18
docs/plans/component-decomposition/2026-09-05-player-gameplay-components-implementation.md	plans	plan	active	true	plans	-	-	plans	2026-09-18	relocated-2026-09-18
docs/plans/component-decomposition/2026-09-05-spatial-motion-contact-components-implementation.md	plans	plan	active	true	plans	-	-	plans	2026-09-18	relocated-2026-09-18
docs/plans/component-decomposition/2026-09-05-version4-all-subsystem-discovery-new-session-guide.md	plans	plan	active	true	plans	-	-	plans	2026-09-18	relocated-2026-09-18
docs/plans/component-decomposition/2026-09-05-world-generation-biome-ecology-components-implementation.md	plans	plan	active	true	plans	-	-	plans	2026-09-18	relocated-2026-09-18
docs/plans/component-decomposition/2026-09-05-world-interaction-structure-change-components-design.md	plans	plan	active	true	plans	-	-	plans	2026-09-18	relocated-2026-09-18
docs/plans/component-decomposition/2026-09-06-version4-member-migration-ledger-design.md	plans	plan	active	true	plans	-	-	plans	2026-09-18	relocated-2026-09-18
docs/plans/component-decomposition/2026-09-06-version4-member-migration-ledger-implementation.md	plans	plan	active	true	plans	-	-	plans	2026-09-18	relocated-2026-09-18
docs/plans/component-decomposition/2026-09-06-version4-world-session-component-implementation.md	plans	plan	active	true	plans	-	-	plans	2026-09-18	relocated-2026-09-18
docs/plans/component-decomposition/2026-09-06-world-generation-ecology-code-components-implementation.md	plans	plan	active	true	plans	-	-	plans	2026-09-18	relocated-2026-09-18
docs/plans/component-decomposition/2026-09-07-version4-field-property-inventory-tool-implementation.md	plans	plan	active	true	plans	-	-	plans	2026-09-18	relocated-2026-09-18
docs/plans/component-decomposition/2026-09-09-non-authoritative-fine-subsystem-split-design.md	plans	plan	active	true	plans	-	-	plans	2026-09-18	relocated-2026-09-18
docs/plans/component-decomposition/2026-09-09-non-authoritative-fine-subsystem-split-implementation.md	plans	plan	active	true	plans	-	-	plans	2026-09-18	relocated-2026-09-18
docs/plans/component-decomposition/2026-09-09-version4-authoritative-fine-subsystem-split-design.md	plans	plan	active	true	plans	-	-	plans	2026-09-18	relocated-2026-09-18
docs/plans/component-decomposition/2026-09-09-version4-authoritative-fine-subsystem-split-implementation.md	plans	plan	active	true	plans	-	-	plans	2026-09-18	relocated-2026-09-18
docs/plans/component-decomposition/2026-09-09-version4-non-authoritative-top12-peer-refinement-design.md	plans	plan	active	true	plans	-	-	plans	2026-09-18	relocated-2026-09-18
docs/plans/component-decomposition/2026-09-09-version4-non-authoritative-top12-peer-refinement-implementation.md	plans	plan	active	true	plans	-	-	plans	2026-09-18	relocated-2026-09-18
docs/plans/component-decomposition/2026-09-09-version4-non-authoritative-top30-full-refinement-design.md	plans	plan	active	true	plans	-	-	plans	2026-09-18	relocated-2026-09-18
docs/plans/component-decomposition/2026-09-09-version4-non-authoritative-top30-full-refinement-implementation.md	plans	plan	active	true	plans	-	-	plans	2026-09-18	relocated-2026-09-18
docs/plans/component-decomposition/2026-09-09-version4-non-authoritative-top30-peer-refinement-design.md	plans	plan	active	true	plans	-	-	plans	2026-09-18	relocated-2026-09-18
docs/plans/component-decomposition/2026-09-09-version4-non-authoritative-top30-peer-refinement-implementation.md	plans	plan	active	true	plans	-	-	plans	2026-09-18	relocated-2026-09-18
docs/plans/component-decomposition/2026-09-10-version4-non-authoritative-top13-peer-refinement-design.md	plans	plan	active	true	plans	-	-	plans	2026-09-18	relocated-2026-09-18
docs/plans/component-decomposition/2026-09-10-version4-non-authoritative-top13-peer-refinement-implementation.md	plans	plan	active	true	plans	-	-	plans	2026-09-18	relocated-2026-09-18
docs/plans/component-decomposition/2026-09-11-version4-authoritative-partition-session-design.md	plans	plan	active	true	plans	-	-	plans	2026-09-18	relocated-2026-09-18
docs/plans/component-decomposition/2026-09-11-version4-authoritative-partition-session-implementation.md	plans	plan	active	true	plans	-	-	plans	2026-09-18	relocated-2026-09-18
docs/plans/component-decomposition/2026-09-11-version4-authoritative-partition-session-lock-semantics-change.md	plans	plan	active	true	plans	-	-	plans	2026-09-18	relocated-2026-09-18
docs/plans/component-decomposition/2026-09-12-version4-authoritative-partition-session-cleanup-design.md	plans	plan	active	true	plans	-	-	plans	2026-09-18	relocated-2026-09-18
docs/plans/component-decomposition/2026-09-12-version4-authoritative-partition-session-cleanup-implementation.md	plans	plan	active	true	plans	-	-	plans	2026-09-18	relocated-2026-09-18
docs/plans/component-decomposition/2026-09-16-roslyn-called-functions-design.md	plans	plan	active	true	plans	-	-	plans	2026-09-18	relocated-2026-09-18
docs/plans/component-decomposition/2026-09-16-roslyn-called-functions-implementation.md	plans	plan	active	true	plans	-	-	plans	2026-09-18	relocated-2026-09-18
docs/plans/component-decomposition/2026-09-16-roslyn-function-body-cleanup-design.md	plans	plan	active	true	plans	-	-	plans	2026-09-18	relocated-2026-09-18
docs/plans/component-decomposition/2026-09-16-roslyn-function-body-cleanup-implementation.md	plans	plan	active	true	plans	-	-	plans	2026-09-18	relocated-2026-09-18
docs/plans/component-decomposition/2026-09-16-roslyn-project-variable-dataflow-design.md	plans	plan	active	true	plans	-	-	plans	2026-09-18	relocated-2026-09-18
docs/plans/component-decomposition/2026-09-16-roslyn-project-variable-dataflow-implementation.md	plans	plan	active	true	plans	-	-	plans	2026-09-18	relocated-2026-09-18
docs/plans/system-decomposition/2026-09-17-npc-damage-tracking-system-experiment-design.md	plans	plan	active	true	plans	-	-	plans	2026-09-18	relocated-2026-09-18
docs/plans/system-decomposition/2026-09-17-npc-damage-tracking-system-experiment-implementation-plan.md	plans	plan	active	true	plans	-	-	plans	2026-09-18	relocated-2026-09-18
docs/plans/system-decomposition/2026-09-17-player-combat-proc-domain-split-design.md	plans	plan	active	true	plans	-	-	plans	2026-09-18	relocated-2026-09-18
docs/plans/system-decomposition/2026-09-17-player-combat-proc-domain-split-implementation-plan.md	plans	plan	active	true	plans	-	-	plans	2026-09-18	relocated-2026-09-18
docs/plans/system-decomposition/2026-09-30-p07-player-mobility-system-design.md	plans	design	active	true	p07-player-mobility	docs/plans/system-decomposition/2026-09-30-p07-player-mobility-system-implementation-plan.md	docs/system-decomposition/reports/2026-09-18-system-decomposition-authoritative-P07-player-mobility.md;D:/TRbackup/Version4;D:/TRbackup/无任何删减通过编译	plans	2026-10-01	created-2026-09-30
docs/plans/system-decomposition/2026-09-30-P05-player-progression-pets-minions-system-execution-plan.md	plans	plan	active	true	p05-player-progression-pets-minions	docs/system-decomposition/2026-09-30-system-decomposition-P05-player-progression-pets-minions-design.md	docs/system-decomposition/reports/2026-09-18-system-decomposition-authoritative-P05-player-progression-pets-minions.md	plans	2026-09-30	modified-2026-10-01
docs/plans/system-decomposition/2026-09-30-p07-player-mobility-system-implementation-plan.md	plans	plan	active	true	p07-player-mobility	docs/plans/system-decomposition/2026-09-30-p07-player-mobility-system-design.md	docs/system-decomposition/reports/2026-09-18-system-decomposition-authoritative-P07-player-mobility.md;D:/TRbackup/Version4;D:/TRbackup/无任何删减通过编译	plans	2026-10-01	created-2026-09-30
docs/plans/tasks/prd-unified-entity-identity-migration.md	plans	task	active	true	plans	-	docs/architecture/decisions/0001-entity-identity-root-and-typed-projections.md;docs/architecture/2026-10-06-entity-organization-design.md	plans	2026-10-07	updated-2026-10-07
docs/research/2026-09-13-version4-next-ecs-command-system-selection.md	research	research	active	true	research	-	-	research	2026-09-18	retained
docs/research/2026-09-15-AGENTS目录导航式写法审查报告.md	research	research	active	true	research	-	-	research	2026-09-18	retained
docs/research/2026-09-15-ecs-engineering-migration-guide.md	research	research	active	true	research	-	-	research	2026-09-18	retained
docs/research/2026-09-15-game-server-learning-assessment-sources.md	research	research	active	true	research	-	-	research	2026-09-18	retained
docs/research/2026-09-15-version4-ecs-next-low-difficulty-system-selection.md	research	research	active	true	research	-	-	research	2026-09-18	retained
docs/research/2026-09-16-AGENTS目录导航式写法研究报告.md	research	research	active	true	research	-	-	research	2026-09-18	retained
docs/research/2026-09-16-ecs-system-domain-splitting-unified-evidence-api-dag-design.md	research	design	active	true	research	-	-	research	2026-09-18	retained
docs/research/2026-09-16-ecs-system-domain-splitting-unified-evidence-api-dag-execution.md	research	execution	active	true	research	-	-	research	2026-09-18	retained
docs/research/2026-09-16-ecs-system-domain-splitting-unified-evidence-api-dag-research.md	research	research	active	true	research	-	-	research	2026-09-18	retained
docs/research/ecs-command-system工程实践与迁移指南.md	research	research	active	true	research	-	-	research	2026-09-18	retained
docs/cr/component-decomposition/CR-2026-09-12-version4-authoritative-partition-session-cleanup.md	change-control	decision	active	true	change-control	-	-	change-control	2026-09-18	relocated-2026-09-18
docs/cr/component-decomposition/CR-2026-09-12-version4-non-authoritative-partition-session-cleanup.md	change-control	decision	active	true	change-control	-	-	change-control	2026-09-18	relocated-2026-09-18
docs/cr/component-decomposition/CR-2026-09-12-version4-non-authoritative-session-rebind.md	change-control	decision	active	true	change-control	-	-	change-control	2026-09-18	relocated-2026-09-18
docs/cr/CR-2026-09-18-docs-md-structure-reorganization.md	change-control	decision	active	true	change-control	-	-	change-control	2026-09-18	created-2026-09-18
docs/cr/CR-2026-09-19-system-decomposition-partition-task-layout.md	change-control	decision	active	true	change-control	-	-	change-control	2026-09-19	created-2026-09-19
docs/plans/system-decomposition/2026-09-30-p16-world-lifecycle-housing-metrics-system-design.md	plans	design	active	true	p16-world-lifecycle-housing-metrics	docs/plans/system-decomposition/2026-09-30-p16-world-lifecycle-housing-metrics-execution-plan.md	docs/system-decomposition/reports/2026-09-18-system-decomposition-authoritative-P16-world-lifecycle-housing-metrics.md	plans	2026-09-30	created-2026-09-30
docs/plans/system-decomposition/2026-09-30-p16-world-lifecycle-housing-metrics-execution-plan.md	plans	plan	active	true	p16-world-lifecycle-housing-metrics	docs/plans/system-decomposition/2026-09-30-p16-world-lifecycle-housing-metrics-system-design.md	docs/system-decomposition/reports/2026-09-18-system-decomposition-authoritative-P16-world-lifecycle-housing-metrics.md	plans	2026-09-30	created-2026-09-30
docs/system-decomposition/design/2026-09-30-version4-authoritative-P17-world-terrain-biomes-genvars-system-design.md	system-decomposition	design	active	true	authoritative-P17	docs/system-decomposition/execution/2026-09-30-version4-authoritative-P17-world-terrain-biomes-genvars-system-execution.md	docs/system-decomposition/reports/2026-09-18-system-decomposition-authoritative-P17-world-terrain-biomes-genvars.md;D:/TRbackup/Version4;D:/TRbackup/无任何删减通过编译	authoritative-system-decomposition	2026-10-01	created-2026-09-30
docs/system-decomposition/execution/2026-09-30-version4-authoritative-P17-world-terrain-biomes-genvars-system-execution.md	system-decomposition	execution	active	true	authoritative-P17	docs/system-decomposition/design/2026-09-30-version4-authoritative-P17-world-terrain-biomes-genvars-system-design.md	docs/system-decomposition/reports/2026-09-18-system-decomposition-authoritative-P17-world-terrain-biomes-genvars.md;D:/TRbackup/Version4;D:/TRbackup/无任何删减通过编译	authoritative-system-decomposition	2026-10-01	created-2026-09-30
docs/cr/CR-2026-10-02-world-load-standard-api.md	change-control	decision	accepted	true	world-storage-load-coordinator	docs/plans/tasks/2026-10-02-world-storage-load-coordinator-prd.md;docs/architecture/2026-10-02-world-storage-load-coordinator-design.md;docs/architecture/2026-10-02-world-load-standard-api-design.md;docs/architecture/execution/2026-10-02-world-load-standard-api-execution.md	-	change-control	2026-10-02	created-2026-10-02
docs/plans/tasks/2026-10-02-world-storage-load-coordinator-prd.md	plans	task	draft	true	world-storage-load-coordinator	docs/architecture/2026-10-02-world-storage-load-coordinator-design.md	docs/cr/CR-2026-10-02-world-load-standard-api.md;src/NSSLC.Infrastructure/WorldStorage/WorldFile/WorldFile.cs;src/NSSLC/Component/WorldStorage/WorldStorageRoot.cs;src/NSSLC/Component/WorldSession/WorldGeneration/Systems/WorldLoadLifecycleSystem.cs	plans	2026-10-02	created-2026-10-02
docs/architecture/2026-10-02-world-storage-load-coordinator-design.md	architecture	design	draft	true	world-storage-load-coordinator	docs/plans/tasks/2026-10-02-world-storage-load-coordinator-prd.md	docs/cr/CR-2026-10-02-world-load-standard-api.md;src/NSSLC.Infrastructure/WorldStorage/WorldFile/WorldFile.cs;src/NSSLC/Component/WorldStorage/WorldStorageRoot.cs;src/NSSLC/Component/WorldSession/WorldGeneration/Systems/WorldLoadLifecycleSystem.cs;src/NSSLC/Component/WorldSession/WorldSavedOreTierLoadSystem.cs;Context/架构设计/ECS领域与基础设施架构边界.md	architecture	2026-10-02	created-2026-10-02
docs/architecture/2026-10-02-world-load-standard-api-design.md	architecture	design	draft	true	world-storage-load-coordinator	docs/plans/tasks/2026-10-02-world-storage-load-coordinator-prd.md;docs/architecture/2026-10-02-world-storage-load-coordinator-design.md	docs/cr/CR-2026-10-02-world-load-standard-api.md	architecture	2026-10-02	created-2026-10-02
docs/architecture/execution/2026-10-02-world-load-standard-api-execution.md	architecture	execution	draft	true	world-storage-load-coordinator	docs/architecture/2026-10-02-world-load-standard-api-design.md;docs/plans/tasks/2026-10-02-world-storage-load-coordinator-prd.md	docs/cr/CR-2026-10-02-world-load-standard-api.md	architecture	2026-10-02	created-2026-10-02
docs/system-decomposition/2026-10-05-npc-ai-system-redesign.md	system-decomposition	design	active	true	npc-ai-complete	docs/plans/system-decomposition/2026-10-06-npc-ai-system-execution-plan.md	docs/system-decomposition/2026-10-05-npc-ai-reference-index.md;docs/system-decomposition/2026-10-05-npc-ai-redesign-verification.md;docs/research/2026-10-06-ecs-ai-reference-study.md	npc-ai-redesign	2026-10-06	updated-2026-10-06
docs/system-decomposition/2026-10-05-npc-ai-reference-index.md	system-decomposition	evidence	active	true	npc-ai-reference-0-127	docs/system-decomposition/2026-10-05-npc-ai-system-redesign.md	D:/TRbackup/无任何删减通过编译/Terraria/NPC.cs;Build/diagnostics/NpcAiRedesign/reference-index.json	npc-ai-redesign	2026-10-05	created-2026-10-05
docs/system-decomposition/2026-10-05-npc-ai-redesign-verification.md	system-decomposition	evidence	active	true	npc-ai-finite-integration	docs/system-decomposition/2026-10-05-npc-ai-system-redesign.md	Test/Terraria.NpcAi.Verification/Program.cs;Build/diagnostics/NonCommunicationSimulationAudit/ai-redesign-final/summary.json;Build/diagnostics/NpcAiRedesign/runs/stage-b-gravity-20261006/summary.json;Build/diagnostics/NpcAiRedesign/runs/stage-b-ai-owner-20261006/summary.json;Build/diagnostics/NpcAiRedesign/runs/stage-b-single-ai-owner-commit-20261006/summary.json;Build/diagnostics/NpcAiRedesign/runs/stage-b-instance-identity-20261006/summary.json;Build/diagnostics/NpcAiRedesign/runs/stage-d-guide-task-lifecycle-20261006-r4/full-verifier-20261006/summary.json;docs/migration/ledgers/2026-10-06-npc-ai-profile-coverage-ledger.md;Build/diagnostics/NpcAiRedesign/runs/stage-e1-parent-relation-20261006/full-verifier-20261006-r3/summary.json;Build/diagnostics/NpcAiRedesign/runs/stage-c3-fighter-profile-20261006/full-verifier-20261006-r2/summary.json;Build/diagnostics/NpcAiRedesign/runs/stage-c4-fighter-traversal-20261006/full-verifier-20261006/summary.json	npc-ai-redesign	2026-10-06	updated-2026-10-06
docs/cr/CR-2026-10-05-normal-game-protocol.md	change-control	decision	accepted	true	normal-game-protocol	-	-	change-control	2026-10-06	created-2026-10-06
docs/research/2026-10-06-ecs-ai-reference-study.md	research	evidence	active	true	ecs-ai-reference-study	docs/system-decomposition/2026-10-05-npc-ai-system-redesign.md	C:/Users/shan/Downloads/ECS/space-station-14-master/Content.Server/NPC/HTN/HTNSystem.cs;C:/Users/shan/Downloads/ECS/veloren-master/server/src/sys/agent/behavior_tree/mod.rs;C:/Users/shan/Downloads/ECS/Terasology-develop/engine/src/main/java/org/terasology/engine/logic/behavior/BehaviorSystem.java;C:/Users/shan/Downloads/ECS/valence-main/examples/custom_npc.rs	npc-ai-redesign	2026-10-06	created-2026-10-06
docs/plans/system-decomposition/2026-10-06-npc-ai-system-execution-plan.md	plans	plan	active	true	npc-ai-complete	docs/system-decomposition/2026-10-05-npc-ai-system-redesign.md	docs/system-decomposition/2026-10-05-npc-ai-reference-index.md;docs/system-decomposition/2026-10-05-npc-ai-redesign-verification.md;docs/research/2026-10-06-ecs-ai-reference-study.md;docs/migration/ledgers/2026-10-06-npc-ai-profile-coverage-ledger.md	npc-ai-redesign	2026-10-06	updated-2026-10-06
docs/research/2026-10-06-ss14-entity-organization.md	research	evidence	active	true	ss14-entity-organization	-	Context/架构设计/ECSEntity组织设计约束.md;docs/architecture/decisions/0001-entity-identity-root-and-typed-projections.md;C:/Users/shan/Downloads/ECS/space-station-14-master;https://github.com/space-wizards/RobustToolbox/tree/b2c22005744e8da8e74f69a8c8165f3839452ea6	architecture	2026-10-06	created-2026-10-06
docs/architecture/2026-10-06-entity-organization-design.md	architecture	design	active	true	Context/架构设计/ECSEntity组织设计约束.md;docs/research/2026-10-06-ss14-entity-organization.md;D:/TRbackup/Version4;.agent-workplace/entity-organization-2026-10-07/source-input-sha256.json	docs/architecture/execution/2026-10-06-entity-organization-execution.md	Build/diagnostics/EntityOrganization/B5/parallel-20261007/projectile-query-immunity-fixture-repair-build.evidence.json;Build/diagnostics/EntityOrganization/B5/parallel-20261007/projectile-damage-candidates-immunity-fixture-repair-run.evidence.json;Build/diagnostics/EntityOrganization/B8/parallel-20261007/projectile-real-network-owner-queued-invalidations-run.evidence.json;Build/diagnostics/EntityOrganization/B8/parallel-20261007/network-host-smoke/host-smoke.evidence.json;Build/diagnostics/EntityOrganization/B8/parallel-20261007/simulation-live-spatial-600-players-0-run.evidence.json;Build/diagnostics/EntityOrganization/B8/parallel-20261007/simulation-live-spatial-and-npc-cleanup-600-players-1-run.evidence.json;Build/diagnostics/EntityOrganization/B8/parallel-20261007/simulation-live-spatial-and-player-cleanup-600-players-2-run.evidence.json;Build/diagnostics/EntityOrganization/B8/parallel-20261007/simulation-baseline-comparison-combat-3600-current-run.evidence.json;Build/diagnostics/EntityOrganization/B8/parallel-20261007/combat-3600-behavior-comparison.evidence.json	architecture	2026-10-07	updated-2026-10-07
docs/architecture/execution/2026-10-06-entity-organization-execution.md	architecture	execution	active	true	D:/TRbackup/Version4;Build/diagnostics/EntityOrganization/B0/parallel-20261007-baseline;.agent-workplace/entity-organization-2026-10-07/source-input-sha256.json	docs/architecture/2026-10-06-entity-organization-design.md;docs/migration/ledgers/2026-10-06-entity-organization-execution-ledger.md	Build/diagnostics/EntityOrganization/B8/full-host-current-20261007-r1/full-host-matrix.evidence.json;Build/diagnostics/EntityOrganization/B8/full-host-current-20261007-r1/summary.json;Build/diagnostics/EntityOrganization/B8/full-host-current-20261007-r1/build-checkpoint-hashes.json;Build/diagnostics/EntityOrganization/B8/full-host-current-20261007-r1/combat-3600-exact-baseline-arguments-run.evidence.json;Build/diagnostics/EntityOrganization/B8/full-host-current-20261007-r1/combat-3600-exact-input-behavior-comparison.evidence.json;Build/diagnostics/EntityOrganization/B8/full-host-current-20261007-r1/tile-entity-host-roundtrip-host.json;Build/diagnostics/EntityOrganization/B9/final-current-20261007/current-rollback-profile-pdb-source-map.evidence.json;Build/diagnostics/EntityOrganization/B9/final-current-20261007/simulation-final-disposal-zero-tick-current-run.evidence.json;Build/diagnostics/EntityOrganization/B9/final-current-20261007/simulation-final-spatial-required-input-two-switches-current-run.evidence.json;Build/diagnostics/EntityOrganization/B9/final-current-20261007/real-world-late-finalize-rollback-candidate-disposal-repair-current-run.evidence.json;Build/diagnostics/EntityOrganization/B9/final-current-20261007/real-world-late-finalize-rollback-diagnostics-current-run.evidence.json;Build/diagnostics/EntityOrganization/B9/final-current-20261007/simulation-owner-static-immunity-late-rollback-current-run.evidence.json;Build/diagnostics/EntityOrganization/B9/final-current-20261007/simulation-owner-static-immunity-rollback-independent-assertions.evidence.json;Build/diagnostics/EntityOrganization/B9/final-current-20261007/old-identity-literal-exit-independent-source-audit.evidence.json;Build/diagnostics/EntityOrganization/B9/final-current-20261007/final-old-identity-source-exit.evidence.json;Build/diagnostics/EntityOrganization/B9/final-current-20261007/projectile-old-identity-exit-current-build.evidence.json;Build/diagnostics/EntityOrganization/B9/final-current-20261007/projectile-default-old-identity-exit-current-run.evidence.json;Build/diagnostics/EntityOrganization/B9/final-current-20261007/projectile-identity-index-old-identity-exit-current-run.evidence.json;Build/diagnostics/EntityOrganization/B9/final-current-20261007/projectile-lifecycle-old-identity-exit-current-run.evidence.json;Build/diagnostics/EntityOrganization/B9/final-current-20261007/projectile-hydration-old-identity-exit-current-run.evidence.json;Build/diagnostics/EntityOrganization/B9/final-current-20261007/projectile-network-old-identity-exit-current-run.evidence.json;Build/diagnostics/EntityOrganization/B9/final-current-20261007/projectile-tick-coordinator-old-identity-exit-current-run.evidence.json;Build/diagnostics/EntityOrganization/B9/final-current-20261007/projectile-damage-candidates-old-identity-exit-current-run.evidence.json	architecture	2026-10-07	updated-2026-10-07-final-support-scope
docs/migration/ledgers/2026-10-06-entity-organization-execution-ledger.md	migration	ledger	active	true	Test/Terraria.EntityOrganization.Verification;Test/Terraria.NpcAi.Verification;Test/Terraria.NpcDamageCombatVerification;Test/Terraria.ProjectileCombatVerification;Test/NSSLC.Infrastructure.Network.Verification;Test/Terraria.SpatialSimulation.Verification;Test/Terraria.TileEntityVerification;Test/Terraria.LeashedEntityVerification;src/NSSLC.Tools.Simulation;src/NSSLC.Tools.NetworkServer;.agent-workplace/entity-organization-2026-10-07/source-input-sha256.json	docs/architecture/2026-10-06-entity-organization-design.md;docs/architecture/execution/2026-10-06-entity-organization-execution.md	Build/diagnostics/EntityOrganization/B5/parallel-20261007/projectile-full-typed-build.evidence.json;Build/diagnostics/EntityOrganization/B5/parallel-20261007/projectile-query-immunity-fixture-repair-build.evidence.json;Build/diagnostics/EntityOrganization/B8/parallel-20261007/projectile-real-network-owner-queued-invalidations-run.evidence.json;Build/diagnostics/EntityOrganization/B8/parallel-20261007/network-default-regression-current-runtime-run.evidence.json;Build/diagnostics/EntityOrganization/B8/parallel-20261007/network-host-smoke/host-smoke.evidence.json;Build/diagnostics/EntityOrganization/B8/parallel-20261007/simulation-spatial-and-cleanup-probes-current-build.evidence.json;Build/diagnostics/EntityOrganization/B8/parallel-20261007/simulation-live-spatial-600-players-0-run.evidence.json;Build/diagnostics/EntityOrganization/B8/parallel-20261007/simulation-live-spatial-and-npc-cleanup-600-players-1-run.evidence.json;Build/diagnostics/EntityOrganization/B8/parallel-20261007/simulation-live-spatial-and-player-cleanup-600-players-2-run.evidence.json;Build/diagnostics/EntityOrganization/B8/parallel-20261007/simulation-baseline-comparison-combat-3600-current-run.evidence.json;Build/diagnostics/EntityOrganization/B8/parallel-20261007/combat-3600-behavior-comparison.evidence.json	entity-organization-version4-nltx	2026-10-07	updated-2026-10-07


docs/system-decomposition/2026-10-07-npc-ai-g3-reference-differential.md	system-decomposition	evidence	active	true	npc-ai-g3-a4-eoc-dash-damping	docs/plans/system-decomposition/2026-10-06-npc-ai-system-execution-plan.md	Test/Terraria.NpcAi.ReferenceVerification/README.md;Test/Terraria.NpcAi.ReferenceVerification/Invoke-ReferenceDifferential.ps1;Test/Terraria.NpcAi.ReferenceVerification/Program.cs;Build/diagnostics/NpcAiReferenceVerification/20261006T195702981Z/differential-report.json;Build/diagnostics/NpcAiReferenceVerification/20261006T195702981Z/source-build-provenance.json	npc-ai-redesign	2026-10-07	created-2026-10-07
docs/plans/2026-10-07-custom-ecs-to-arch-execution-plan.md	plans	plan	draft	true	custom-ecs-to-arch	docs/plans/2026-10-07-custom-ecs-to-arch-execution-plan.md	docs/research/2026-10-07-arch-api-migration-research.md;src/NSSLC/Component/Share/Entity;src/NSSLC.Application/WorldStorage/Loading/LoadedWorldSession.cs	arch-migration	2026-10-07	created-2026-10-07
docs/research/2026-10-07-arch-api-migration-research.md	research	evidence	active	true	Arch-2.1.0-official-api	docs/plans/2026-10-07-custom-ecs-to-arch-execution-plan.md	https://github.com/genaray/Arch/tree/04d52e7268eb6f376ca4841a0c204334120c5e9d;https://arch-ecs.gitbook.io/arch;https://www.nuget.org/packages/Arch/2.1.0	arch-migration	2026-10-07	created-2026-10-07
docs/architecture/execution/2026-10-08-arch-migration-track-t3-lifecycle-relationships-execution.md	architecture	execution	partial	true	arch-migration-t3-lifecycle-relationships	docs/plans/2026-10-08-arch-migration-track-t3-lifecycle-relationships.md;docs/plans/2026-10-08-arch-migration-track-t3-relationship-extension-probe-execution.md	src/NSSLC.Application/WorldStorage/Loading/LoadedWorldSession.cs;src/NSSLC.Tools.Simulation/RuntimeNpcStore.cs;src/NSSLC.Tools.Simulation/RuntimePlayerStore.cs;src/NSSLC/Component/Projectile/System/ProjectileLifecycleSystem.cs;src/NSSLC.Tools.Simulation/RuntimeItemRegistry.cs;src/NSSLC/Component/WorldStorage/System/TileEntityStore.cs	arch-migration	2026-10-08	created-2026-10-08
